Id,Sales
1,7147.0859375
2,6898.8837890625
3,8092.5458984375
4,7184.39306640625
5,7808.9111328125
6,6877.056640625
7,7558.78759765625
8,7558.78759765625
9,6704.0244140625
10,6585.8427734375
11,7703.94970703125
12,7808.9111328125
13,7558.78759765625
14,6731.0048828125
15,7012.2373046875
16,6585.8427734375
17,8373.1123046875
18,7558.78759765625
19,8195.0048828125
20,8424.970703125
21,7954.0732421875
22,7381.41259765625
23,7954.0732421875
24,6315.8134765625
25,8109.85546875
26,7703.94970703125
27,7362.8671875
28,7260.9052734375
29,7296.00146484375
30,7296.00146484375
31,7451.9638671875
32,8285.1259765625
33,6768.31201171875
34,7329.55517578125
35,7629.3994140625
36,8543.552734375
37,7147.0859375
38,7954.0732421875
39,7329.55517578125
40,7558.78759765625
41,7697.32958984375
42,7597.28125
43,7483.306640625
44,7267.32958984375
45,7929.65966796875
46,7147.0859375
47,6987.5146484375
48,8042.67529296875
49,6768.31201171875
50,8340.9453125
51,8472.7373046875
52,6987.5146484375
53,7808.9111328125
54,6898.8837890625
55,6585.8427734375
56,7808.9111328125
57,7378.1748046875
58,8237.7080078125
59,7954.0732421875
60,7451.9638671875
61,6877.056640625
62,7578.29052734375
63,6834.578125
64,7431.25390625
65,7395.8212890625
66,7808.9111328125
67,6859.30078125
68,6834.578125
69,7626.91015625
70,6834.578125
71,7463.99609375
72,7147.619140625
73,7954.0732421875
74,8964.3671875
75,7035.68408203125
76,7578.29052734375
77,7412.49169921875
78,8001.18017578125
79,7045.20068359375
80,7395.8212890625
81,7954.0732421875
82,7808.9111328125
83,7597.28125
84,7703.94970703125
85,7395.8212890625
86,8237.7080078125
87,7190.36279296875
88,7125.7919921875
89,7954.0732421875
90,7808.9111328125
91,6979.740234375
92,7597.28125
93,7395.8212890625
94,6709.7109375
95,6948.3974609375
96,7190.36279296875
97,6834.578125
98,6834.578125
99,7395.8212890625
100,7381.14892578125
101,7017.04736328125
102,7267.32958984375
103,6834.578125
104,6834.578125
105,7045.20068359375
106,7035.68408203125
107,7395.8212890625
108,7270.9541015625
109,7808.9111328125
110,7690.72265625
111,7190.36279296875
112,7954.0732421875
113,6979.740234375
114,7597.28125
115,7395.8212890625
116,7147.619140625
117,7954.0732421875
118,6709.7109375
119,7808.9111328125
120,7703.94970703125
121,7578.29052734375
122,7954.0732421875
123,7808.9111328125
124,7703.94970703125
125,6834.578125
126,6564.548828125
127,8444.5830078125
128,7433.12841796875
129,6948.3974609375
130,6834.578125
131,7395.8212890625
132,8195.154296875
133,6871.88525390625
134,7433.12841796875
135,7433.12841796875
136,8134.578125
137,7578.29052734375
138,6871.88525390625
139,7255.76025390625
140,7433.12841796875
141,7954.0732421875
142,7065.6669921875
143,7808.9111328125
144,6824.9990234375
145,7578.29052734375
146,6834.578125
147,6834.578125
148,7190.36279296875
149,7420.5439453125
150,7466.0966796875
151,9732.5458984375
152,7433.12841796875
153,7703.94970703125
154,7395.8212890625
155,7576.416015625
156,7954.0732421875
157,6871.88525390625
158,7789.87646484375
159,7433.12841796875
160,7045.20068359375
161,6531.55078125
162,7808.9111328125
163,7190.36279296875
164,7017.04736328125
165,7471.42626953125
166,7463.99609375
167,7125.7919921875
168,7215.8935546875
169,7395.8212890625
170,7395.8212890625
171,7954.0732421875
172,7190.36279296875
173,7420.5439453125
174,7395.8212890625
175,7703.94970703125
176,9224.0302734375
177,7954.0732421875
178,7703.94970703125
179,7395.8212890625
180,7578.29052734375
181,6871.88525390625
182,7065.6669921875
183,7463.93408203125
184,8100.27734375
185,7017.04736328125
186,7065.6669921875
187,6824.9990234375
188,8109.85546875
189,7433.12841796875
190,7677.3408203125
191,7638.20166015625
192,7954.0732421875
193,6709.7109375
194,11123.890625
195,9507.6650390625
196,8250.609375
197,6535.9130859375
198,6987.5146484375
199,8444.5830078125
200,6289.087890625
201,11876.4580078125
202,12549.521484375
203,7045.20068359375
204,6871.88525390625
205,7395.8212890625
206,7433.12841796875
207,11103.8720703125
208,7054.47412109375
209,7715.76611328125
210,7229.7529296875
211,6535.9130859375
212,7703.94970703125
213,7715.76611328125
214,7412.49169921875
215,7466.0966796875
216,7954.0732421875
217,6741.43310546875
218,6531.55078125
219,7302.67626953125
220,6741.43310546875
221,6824.9990234375
222,7578.29052734375
223,7339.9833984375
224,7032.64697265625
225,7597.57763671875
226,6778.740234375
227,7302.67626953125
228,7578.29052734375
229,7742.443359375
230,8671.05078125
231,7715.76611328125
232,7703.94970703125
233,7054.47412109375
234,7302.67626953125
235,6952.0556640625
236,6778.740234375
237,6741.43310546875
238,7017.04736328125
239,6952.0556640625
240,7673.81640625
241,7578.29052734375
242,6471.40380859375
243,6663.42138671875
244,7578.29052734375
245,6709.7109375
246,7198.9072265625
247,9639.400390625
248,7190.36279296875
249,7836.5146484375
250,7017.04736328125
251,7032.64697265625
252,6741.43310546875
253,7405.2734375
254,6609.16162109375
255,8467.935546875
256,7704.224609375
257,14667.259765625
258,10218.931640625
259,7062.5087890625
260,7576.095703125
261,7062.5087890625
262,7826.21923828125
263,8113.546875
264,7338.24267578125
265,7261.37939453125
266,8302.43359375
267,8114.9404296875
268,7826.21923828125
269,7284.6376953125
270,7261.37939453125
271,6985.6455078125
272,6985.6455078125
273,7284.6376953125
274,8420.0927734375
275,8127.16357421875
276,7826.21923828125
277,7284.6376953125
278,7509.58154296875
279,7826.21923828125
280,10914.4716796875
281,7062.5087890625
282,6948.33837890625
283,7826.21923828125
284,7576.095703125
285,7826.21923828125
286,6985.6455078125
287,7062.5087890625
288,7062.5087890625
289,7284.6376953125
290,8975.4775390625
291,7826.21923828125
292,7546.888671875
293,8329.203125
294,12522.0634765625
295,8105.09912109375
296,7620.71923828125
297,8135.966796875
298,8067.7919921875
299,8384.4296875
300,7531.271484375
301,8067.7919921875
302,7551.75830078125
303,8058.91796875
304,6965.09130859375
305,7993.45654296875
306,6730.36181640625
307,6711.1845703125
308,7272.427734375
309,6788.0478515625
310,6673.87744140625
311,6788.0478515625
312,6711.1845703125
313,6673.87744140625
314,7081.49609375
315,8107.1162109375
316,7889.60693359375
317,7639.4833984375
318,8484.0
319,7125.896484375
320,7889.60693359375
321,7889.60693359375
322,7419.3447265625
323,7011.72607421875
324,8326.70703125
325,7116.3798828125
326,7889.60693359375
327,7639.4833984375
328,8190.55126953125
329,8176.9345703125
330,8801.3779296875
331,6741.69677734375
332,7401.63037109375
333,7889.60693359375
334,7889.60693359375
335,7866.41748046875
336,7677.97705078125
337,7049.033203125
338,7572.96923828125
339,7049.033203125
340,7572.96923828125
341,7036.44873046875
342,8176.9345703125
343,7242.81494140625
344,8190.55126953125
345,7889.60693359375
346,8844.8916015625
347,7049.033203125
348,7011.72607421875
349,7639.4833984375
350,7677.97705078125
351,7889.60693359375
352,9813.2412109375
353,7125.896484375
354,7302.93994140625
355,7867.87060546875
356,7125.896484375
357,7610.2763671875
358,7889.60693359375
359,7889.60693359375
360,8173.24169921875
361,7889.60693359375
362,11184.5673828125
363,7049.033203125
364,7889.60693359375
365,8111.662109375
366,8487.390625
367,7305.17431640625
368,7125.896484375
369,7889.60693359375
370,7348.025390625
371,7011.72607421875
372,7348.025390625
373,7889.60693359375
374,6668.83203125
375,7348.025390625
376,7011.72607421875
377,7639.4833984375
378,7049.033203125
379,8190.55126953125
380,7011.72607421875
381,7150.619140625
382,7125.896484375
383,8190.55126953125
384,7867.87060546875
385,8484.0
386,7242.81494140625
387,7011.72607421875
388,7639.4833984375
389,7639.4833984375
390,7049.033203125
391,7889.60693359375
392,7572.96923828125
393,8140.58642578125
394,7116.3798828125
395,7639.4833984375
396,8153.00634765625
397,8173.24169921875
398,7639.4833984375
399,7068.21044921875
400,7348.025390625
401,7324.76708984375
402,7639.4833984375
403,8071.33349609375
404,8282.962890625
405,9836.5556640625
406,8282.962890625
407,8282.962890625
408,8282.962890625
409,8583.908203125
410,8282.962890625
411,7405.08251953125
412,7696.29638671875
413,7519.2529296875
414,7062.1884765625
415,7966.32568359375
416,7698.53076171875
417,7812.701171875
418,8241.013671875
419,7442.3896484375
420,7966.32568359375
421,7519.2529296875
422,8032.83984375
423,8282.962890625
424,7585.97802734375
425,7371.77978515625
426,7585.97802734375
427,6745.404296875
428,6438.06787109375
429,7886.92236328125
430,6708.09716796875
431,6941.92138671875
432,6999.31103515625
433,7306.6474609375
434,15553.28515625
435,6365.203125
436,6822.267578125
437,8578.228515625
438,6438.06787109375
439,6708.09716796875
440,6822.267578125
441,7231.61279296875
442,6997.78857421875
443,7625.5458984375
444,6997.78857421875
445,7596.3388671875
446,6997.78857421875
447,7334.087890625
448,7596.3388671875
449,7879.9736328125
450,9717.3427734375
451,7596.3388671875
452,8391.4921875
453,6997.78857421875
454,8201.3359375
455,9717.3427734375
456,8043.19482421875
457,7875.66943359375
458,7261.08544921875
459,7111.958984375
460,7334.087890625
461,7559.03173828125
462,7664.03955078125
463,8082.42822265625
464,7022.51123046875
465,9145.626953125
466,7035.095703125
467,6997.78857421875
468,7146.9150390625
469,7596.3388671875
470,7035.095703125
471,7216.1376953125
472,7035.095703125
473,7625.5458984375
474,7852.47998046875
475,7625.5458984375
476,7875.66943359375
477,6997.78857421875
478,7111.958984375
479,7022.35302734375
480,7664.03955078125
481,7035.095703125
482,7875.66943359375
483,6997.78857421875
484,7875.66943359375
485,7875.66943359375
486,7022.51123046875
487,7334.087890625
488,7289.00244140625
489,7035.095703125
490,7291.23681640625
491,7625.5458984375
492,7596.3388671875
493,7596.3388671875
494,7875.66943359375
495,6769.06494140625
496,7078.99560546875
497,7771.970703125
498,7035.095703125
499,8276.4013671875
500,7216.1376953125
501,7875.66943359375
502,6997.78857421875
503,8081.03466796875
504,7625.5458984375
505,7111.958984375
506,6920.1884765625
507,7694.2509765625
508,7650.2685546875
509,7559.03173828125
510,6997.78857421875
511,7875.66943359375
512,7559.03173828125
513,7875.66943359375
514,7768.0009765625
515,7054.27294921875
516,7875.66943359375
517,7310.82958984375
518,6997.78857421875
519,7625.5458984375
520,7387.69287109375
521,6997.78857421875
522,6997.78857421875
523,8729.001953125
524,6997.78857421875
525,6727.75927734375
526,7545.244140625
527,6769.06494140625
528,6991.19384765625
529,6654.89453125
530,7875.66943359375
531,7596.3388671875
532,8021.16162109375
533,7625.5458984375
534,8015.76220703125
535,7022.51123046875
536,7136.681640625
537,7022.51123046875
538,8325.740234375
539,7035.095703125
540,7771.970703125
541,7405.4072265625
542,6997.78857421875
543,7035.095703125
544,0.0
545,7035.095703125
546,7035.095703125
547,7875.66943359375
548,6997.78857421875
549,7310.82958984375
550,7035.095703125
551,8235.404296875
552,7111.958984375
553,6727.75927734375
554,8043.19482421875
555,7559.03173828125
556,7054.27294921875
557,7387.69287109375
558,7334.087890625
559,10091.69921875
560,7111.958984375
561,7875.66943359375
562,7875.66943359375
563,7559.03173828125
564,7035.095703125
565,7875.66943359375
566,7310.82958984375
567,7664.03955078125
568,11165.517578125
569,7771.970703125
570,7054.27294921875
571,7768.0009765625
572,7875.66943359375
573,7625.5458984375
574,7596.3388671875
575,7875.66943359375
576,7875.66943359375
577,6997.78857421875
578,7625.5458984375
579,6997.78857421875
580,6727.75927734375
581,7035.095703125
582,7216.1376953125
583,6997.78857421875
584,7650.2685546875
585,11451.0595703125
586,7875.66943359375
587,7875.66943359375
588,7768.0009765625
589,7111.958984375
590,7664.03955078125
591,7176.06298828125
592,9429.26171875
593,7875.66943359375
594,7875.66943359375
595,7875.66943359375
596,8776.9287109375
597,9347.0126953125
598,7879.9736328125
599,7875.66943359375
600,8081.03466796875
601,7833.7197265625
602,7625.5458984375
603,6654.89453125
604,7111.958984375
605,7146.9150390625
606,7054.27294921875
607,7022.51123046875
608,7111.958984375
609,7875.66943359375
610,7875.66943359375
611,7596.3388671875
612,7310.82958984375
613,7559.03173828125
614,7022.51123046875
615,7875.66943359375
616,6997.78857421875
617,7875.66943359375
618,7559.03173828125
619,6497.09521484375
620,7625.5458984375
621,6997.78857421875
622,7111.958984375
623,7594.46435546875
624,7545.244140625
625,7596.3388671875
626,7596.3388671875
627,7875.66943359375
628,7708.158203125
629,7559.03173828125
630,6654.89453125
631,8201.3359375
632,7022.51123046875
633,8470.0625
634,7111.958984375
635,7774.67236328125
636,7875.66943359375
637,7596.3388671875
638,7146.9150390625
639,7875.66943359375
640,7794.4345703125
641,7852.47998046875
642,7035.095703125
643,7567.1318359375
644,6939.37451171875
645,7817.25537109375
646,7500.61767578125
647,8118.19970703125
648,6939.37451171875
649,6976.681640625
650,7567.1318359375
651,7950.26416015625
652,7716.25830078125
653,7817.25537109375
654,6939.37451171875
655,7053.544921875
656,6939.37451171875
657,7537.9248046875
658,6669.34521484375
659,7230.58837890625
660,6976.681640625
661,6669.34521484375
662,7821.5595703125
663,7817.25537109375
664,7346.9931640625
665,7567.1318359375
666,8100.89013671875
667,6939.37451171875
668,7817.25537109375
669,6976.681640625
670,8100.89013671875
671,7053.544921875
672,7817.25537109375
673,7053.544921875
674,7230.58837890625
675,6976.681640625
676,7605.62548828125
677,0.0
678,7817.25537109375
679,7713.556640625
680,7065.50244140625
681,7230.58837890625
682,7817.25537109375
683,7525.34033203125
684,7817.25537109375
685,7252.41552734375
686,6976.681640625
687,6976.681640625
688,7342.45458984375
689,8024.01416015625
690,8022.62060546875
691,7817.25537109375
692,9658.9296875
693,7053.544921875
694,6976.681640625
695,7817.25537109375
696,7088.5009765625
697,7817.25537109375
698,7591.8544921875
699,7962.74755859375
700,7962.74755859375
701,9658.9296875
702,6939.37451171875
703,7567.1318359375
704,7817.25537109375
705,7817.25537109375
706,8022.62060546875
707,7044.0283203125
708,6710.65087890625
709,7962.74755859375
710,7537.9248046875
711,6939.37451171875
712,7232.82275390625
713,7500.61767578125
714,6976.681640625
715,6964.09716796875
716,7567.1318359375
717,7525.34033203125
718,7053.544921875
719,7817.25537109375
720,8585.0341796875
721,7567.1318359375
722,7252.41552734375
723,7567.1318359375
724,8100.89013671875
725,7525.34033203125
726,6939.37451171875
727,7500.61767578125
728,7500.61767578125
729,6939.37451171875
730,7567.1318359375
731,7817.25537109375
732,7500.61767578125
733,7817.25537109375
734,6939.37451171875
735,6964.09716796875
736,8670.5888671875
737,7537.9248046875
738,7860.580078125
739,7817.25537109375
740,7088.5009765625
741,7053.544921875
742,6939.37451171875
743,6976.681640625
744,7817.25537109375
745,7795.89404296875
746,7713.556640625
747,9288.599609375
748,7794.06591796875
749,7053.544921875
750,6710.65087890625
751,6939.37451171875
752,7693.32275390625
753,8024.01416015625
754,7567.1318359375
755,7537.9248046875
756,6964.09716796875
757,7537.9248046875
758,9046.21875
759,6964.09716796875
760,7020.58154296875
761,6596.48046875
762,5836.51123046875
763,6939.37451171875
764,7500.61767578125
765,7500.61767578125
766,6939.37451171875
767,7567.1318359375
768,7232.82275390625
769,7053.544921875
770,7713.556640625
771,7567.1318359375
772,7537.9248046875
773,7817.25537109375
774,6777.8203125
775,7713.556640625
776,7567.1318359375
777,7591.8544921875
778,7567.1318359375
779,6596.48046875
780,8176.99072265625
781,7567.1318359375
782,7020.58154296875
783,7567.1318359375
784,9204.599609375
785,8118.19970703125
786,7817.25537109375
787,7794.06591796875
788,6964.09716796875
789,8690.580078125
790,8024.01416015625
791,7157.7236328125
792,7053.544921875
793,8974.6337890625
794,7995.9697265625
795,8022.681640625
796,7434.7265625
797,6939.37451171875
798,6669.34521484375
799,7486.830078125
800,7605.62548828125
801,6669.34521484375
802,7275.673828125
803,7088.5009765625
804,7567.1318359375
805,7486.830078125
806,7053.544921875
807,7500.61767578125
808,7053.544921875
809,7275.673828125
810,7817.25537109375
811,8006.28125
812,7230.58837890625
813,7053.544921875
814,7817.25537109375
815,7486.830078125
816,7817.25537109375
817,8267.3271484375
818,6939.37451171875
819,7230.58837890625
820,7817.25537109375
821,7053.544921875
822,8040.599609375
823,7232.82275390625
824,7567.1318359375
825,7053.544921875
826,7178.26708984375
827,6669.34521484375
828,7224.23779296875
829,7710.46044921875
830,6939.37451171875
831,7053.544921875
832,7713.556640625
833,7713.556640625
834,8325.1708984375
835,7434.7265625
836,7995.9697265625
837,8325.1708984375
838,7088.5009765625
839,6939.37451171875
840,7053.544921875
841,0.0
842,7492.6943359375
843,6964.09716796875
844,8325.1708984375
845,7232.82275390625
846,7053.544921875
847,7486.830078125
848,6786.89794921875
849,7053.544921875
850,6939.37451171875
851,6669.34521484375
852,6939.37451171875
853,9037.1865234375
854,9037.1865234375
855,9631.5791015625
856,7987.689453125
857,7147.0859375
858,6898.8837890625
859,8092.5458984375
860,7184.39306640625
861,7808.9111328125
862,6877.056640625
863,7558.78759765625
864,7558.78759765625
865,6704.0244140625
866,6585.8427734375
867,7703.94970703125
868,7808.9111328125
869,7558.78759765625
870,6731.0048828125
871,7012.2373046875
872,6585.8427734375
873,8373.1123046875
874,7558.78759765625
875,8195.0048828125
876,8424.970703125
877,7954.0732421875
878,7381.41259765625
879,7954.0732421875
880,6315.8134765625
881,8109.85546875
882,7703.94970703125
883,7362.8671875
884,7260.9052734375
885,7296.00146484375
886,7296.00146484375
887,7451.9638671875
888,8285.1259765625
889,6768.31201171875
890,7329.55517578125
891,7629.3994140625
892,8543.552734375
893,7147.0859375
894,7954.0732421875
895,7329.55517578125
896,7558.78759765625
897,7697.32958984375
898,7597.28125
899,7483.306640625
900,7267.32958984375
901,7929.65966796875
902,7147.0859375
903,6987.5146484375
904,8042.67529296875
905,6768.31201171875
906,8340.9453125
907,8472.7373046875
908,6987.5146484375
909,7808.9111328125
910,6898.8837890625
911,6585.8427734375
912,7808.9111328125
913,7378.1748046875
914,8237.7080078125
915,7954.0732421875
916,7451.9638671875
917,6877.056640625
918,7578.29052734375
919,6834.578125
920,7431.25390625
921,7395.8212890625
922,7808.9111328125
923,6859.30078125
924,6834.578125
925,7626.91015625
926,6834.578125
927,7463.99609375
928,7147.619140625
929,7954.0732421875
930,8964.3671875
931,7035.68408203125
932,7578.29052734375
933,7412.49169921875
934,8001.18017578125
935,7045.20068359375
936,7395.8212890625
937,7954.0732421875
938,7808.9111328125
939,7597.28125
940,7703.94970703125
941,7395.8212890625
942,8237.7080078125
943,7190.36279296875
944,7125.7919921875
945,7954.0732421875
946,7808.9111328125
947,6979.740234375
948,7597.28125
949,7395.8212890625
950,6709.7109375
951,6948.3974609375
952,7190.36279296875
953,6834.578125
954,6834.578125
955,7395.8212890625
956,7381.14892578125
957,7017.04736328125
958,7267.32958984375
959,6834.578125
960,6834.578125
961,7045.20068359375
962,7035.68408203125
963,7395.8212890625
964,7270.9541015625
965,7808.9111328125
966,7690.72265625
967,7190.36279296875
968,7954.0732421875
969,6979.740234375
970,7597.28125
971,7395.8212890625
972,7147.619140625
973,7954.0732421875
974,6709.7109375
975,7808.9111328125
976,7703.94970703125
977,7578.29052734375
978,7954.0732421875
979,7808.9111328125
980,7703.94970703125
981,6834.578125
982,6564.548828125
983,8444.5830078125
984,7433.12841796875
985,6948.3974609375
986,6834.578125
987,7395.8212890625
988,8195.154296875
989,6871.88525390625
990,7433.12841796875
991,7433.12841796875
992,8134.578125
993,7578.29052734375
994,6871.88525390625
995,7255.76025390625
996,7433.12841796875
997,7954.0732421875
998,7065.6669921875
999,7808.9111328125
1000,6824.9990234375
1001,7578.29052734375
1002,6834.578125
1003,6834.578125
1004,7190.36279296875
1005,7420.5439453125
1006,7466.0966796875
1007,9732.5458984375
1008,7433.12841796875
1009,7703.94970703125
1010,7395.8212890625
1011,7576.416015625
1012,7954.0732421875
1013,6871.88525390625
1014,7789.87646484375
1015,7433.12841796875
1016,7045.20068359375
1017,6531.55078125
1018,7808.9111328125
1019,7190.36279296875
1020,7017.04736328125
1021,7471.42626953125
1022,7463.99609375
1023,7125.7919921875
1024,7215.8935546875
1025,7395.8212890625
1026,7395.8212890625
1027,7954.0732421875
1028,7190.36279296875
1029,7420.5439453125
1030,7395.8212890625
1031,7703.94970703125
1032,9224.0302734375
1033,7954.0732421875
1034,7703.94970703125
1035,7395.8212890625
1036,7578.29052734375
1037,6871.88525390625
1038,7065.6669921875
1039,7463.93408203125
1040,8100.27734375
1041,7017.04736328125
1042,7065.6669921875
1043,6824.9990234375
1044,8109.85546875
1045,7433.12841796875
1046,7677.3408203125
1047,7638.20166015625
1048,7954.0732421875
1049,6709.7109375
1050,11123.890625
1051,9507.6650390625
1052,8250.609375
1053,6535.9130859375
1054,6987.5146484375
1055,8444.5830078125
1056,6289.087890625
1057,11876.4580078125
1058,12549.521484375
1059,7045.20068359375
1060,6871.88525390625
1061,7395.8212890625
1062,7433.12841796875
1063,11103.8720703125
1064,7054.47412109375
1065,7715.76611328125
1066,7229.7529296875
1067,6535.9130859375
1068,7703.94970703125
1069,7715.76611328125
1070,7412.49169921875
1071,7466.0966796875
1072,7954.0732421875
1073,6741.43310546875
1074,6531.55078125
1075,7302.67626953125
1076,6741.43310546875
1077,6824.9990234375
1078,7578.29052734375
1079,7339.9833984375
1080,7032.64697265625
1081,7597.57763671875
1082,6778.740234375
1083,7302.67626953125
1084,7578.29052734375
1085,7742.443359375
1086,8671.05078125
1087,7715.76611328125
1088,7703.94970703125
1089,7054.47412109375
1090,7302.67626953125
1091,6952.0556640625
1092,6778.740234375
1093,6741.43310546875
1094,7017.04736328125
1095,6952.0556640625
1096,7673.81640625
1097,7578.29052734375
1098,6471.40380859375
1099,6663.42138671875
1100,7578.29052734375
1101,6709.7109375
1102,7198.9072265625
1103,9639.400390625
1104,7190.36279296875
1105,7836.5146484375
1106,7017.04736328125
1107,7032.64697265625
1108,6741.43310546875
1109,7405.2734375
1110,6609.16162109375
1111,8467.935546875
1112,7704.224609375
1113,14667.259765625
1114,10218.931640625
1115,7062.5087890625
1116,7576.095703125
1117,7062.5087890625
1118,7826.21923828125
1119,8113.546875
1120,7338.24267578125
1121,7261.37939453125
1122,8302.43359375
1123,8114.9404296875
1124,7826.21923828125
1125,7284.6376953125
1126,7261.37939453125
1127,6985.6455078125
1128,6985.6455078125
1129,7284.6376953125
1130,8420.0927734375
1131,8127.16357421875
1132,7826.21923828125
1133,7284.6376953125
1134,7509.58154296875
1135,7826.21923828125
1136,10914.4716796875
1137,7062.5087890625
1138,6948.33837890625
1139,7826.21923828125
1140,7576.095703125
1141,7826.21923828125
1142,6985.6455078125
1143,7062.5087890625
1144,7062.5087890625
1145,7284.6376953125
1146,8975.4775390625
1147,7826.21923828125
1148,7546.888671875
1149,8329.203125
1150,12522.0634765625
1151,8105.09912109375
1152,7620.71923828125
1153,8135.966796875
1154,8067.7919921875
1155,8384.4296875
1156,7531.271484375
1157,8067.7919921875
1158,7551.75830078125
1159,8058.91796875
1160,6965.09130859375
1161,7993.45654296875
1162,6730.36181640625
1163,6711.1845703125
1164,7272.427734375
1165,6788.0478515625
1166,6673.87744140625
1167,6788.0478515625
1168,6711.1845703125
1169,6673.87744140625
1170,7081.49609375
1171,8107.1162109375
1172,7889.60693359375
1173,7639.4833984375
1174,8484.0
1175,7125.896484375
1176,7889.60693359375
1177,7889.60693359375
1178,7419.3447265625
1179,7011.72607421875
1180,8326.70703125
1181,7116.3798828125
1182,7889.60693359375
1183,7639.4833984375
1184,8190.55126953125
1185,8176.9345703125
1186,8801.3779296875
1187,6741.69677734375
1188,7401.63037109375
1189,7889.60693359375
1190,7889.60693359375
1191,7866.41748046875
1192,7677.97705078125
1193,7049.033203125
1194,7572.96923828125
1195,7049.033203125
1196,7572.96923828125
1197,7036.44873046875
1198,8176.9345703125
1199,7242.81494140625
1200,8190.55126953125
1201,7889.60693359375
1202,8844.8916015625
1203,7049.033203125
1204,7011.72607421875
1205,7639.4833984375
1206,7677.97705078125
1207,7889.60693359375
1208,9813.2412109375
1209,7125.896484375
1210,7302.93994140625
1211,7867.87060546875
1212,7125.896484375
1213,7610.2763671875
1214,7889.60693359375
1215,7889.60693359375
1216,8173.24169921875
1217,7889.60693359375
1218,11184.5673828125
1219,7049.033203125
1220,7889.60693359375
1221,8111.662109375
1222,8487.390625
1223,7305.17431640625
1224,7125.896484375
1225,7889.60693359375
1226,7348.025390625
1227,7011.72607421875
1228,7348.025390625
1229,7889.60693359375
1230,6668.83203125
1231,7348.025390625
1232,7011.72607421875
1233,7639.4833984375
1234,7049.033203125
1235,8190.55126953125
1236,7011.72607421875
1237,7150.619140625
1238,7125.896484375
1239,8190.55126953125
1240,7867.87060546875
1241,8484.0
1242,7242.81494140625
1243,7011.72607421875
1244,7639.4833984375
1245,7639.4833984375
1246,7049.033203125
1247,7889.60693359375
1248,7572.96923828125
1249,8140.58642578125
1250,7116.3798828125
1251,7639.4833984375
1252,8153.00634765625
1253,8173.24169921875
1254,7639.4833984375
1255,7068.21044921875
1256,7348.025390625
1257,7324.76708984375
1258,7639.4833984375
1259,8071.33349609375
1260,8282.962890625
1261,9836.5556640625
1262,8282.962890625
1263,8282.962890625
1264,8282.962890625
1265,8583.908203125
1266,8282.962890625
1267,7405.08251953125
1268,7696.29638671875
1269,7519.2529296875
1270,7062.1884765625
1271,7966.32568359375
1272,7698.53076171875
1273,7812.701171875
1274,8241.013671875
1275,7442.3896484375
1276,7966.32568359375
1277,7519.2529296875
1278,8032.83984375
1279,8282.962890625
1280,7585.97802734375
1281,7371.77978515625
1282,7585.97802734375
1283,6745.404296875
1284,6438.06787109375
1285,7886.92236328125
1286,6708.09716796875
1287,6941.92138671875
1288,6999.31103515625
1289,7306.6474609375
1290,15553.28515625
1291,6365.203125
1292,6822.267578125
1293,8578.228515625
1294,6438.06787109375
1295,6708.09716796875
1296,6822.267578125
1297,7231.61279296875
1298,6997.78857421875
1299,7625.5458984375
1300,6997.78857421875
1301,7596.3388671875
1302,6997.78857421875
1303,7334.087890625
1304,7596.3388671875
1305,7879.9736328125
1306,9717.3427734375
1307,7596.3388671875
1308,8391.4921875
1309,6997.78857421875
1310,8201.3359375
1311,9717.3427734375
1312,8043.19482421875
1313,7875.66943359375
1314,7261.08544921875
1315,7111.958984375
1316,7334.087890625
1317,7559.03173828125
1318,7664.03955078125
1319,8082.42822265625
1320,7022.51123046875
1321,9145.626953125
1322,7035.095703125
1323,6997.78857421875
1324,7146.9150390625
1325,7596.3388671875
1326,7035.095703125
1327,7216.1376953125
1328,7035.095703125
1329,7625.5458984375
1330,7852.47998046875
1331,7625.5458984375
1332,7875.66943359375
1333,6997.78857421875
1334,7111.958984375
1335,7022.35302734375
1336,7664.03955078125
1337,7035.095703125
1338,7875.66943359375
1339,6997.78857421875
1340,7875.66943359375
1341,7875.66943359375
1342,7022.51123046875
1343,7334.087890625
1344,7289.00244140625
1345,7035.095703125
1346,7291.23681640625
1347,7625.5458984375
1348,7596.3388671875
1349,7596.3388671875
1350,7875.66943359375
1351,6769.06494140625
1352,7078.99560546875
1353,7771.970703125
1354,7035.095703125
1355,8276.4013671875
1356,7216.1376953125
1357,7875.66943359375
1358,6997.78857421875
1359,8081.03466796875
1360,7625.5458984375
1361,7111.958984375
1362,6920.1884765625
1363,7694.2509765625
1364,7650.2685546875
1365,7559.03173828125
1366,6997.78857421875
1367,7875.66943359375
1368,7559.03173828125
1369,7875.66943359375
1370,7768.0009765625
1371,7054.27294921875
1372,7875.66943359375
1373,7310.82958984375
1374,6997.78857421875
1375,7625.5458984375
1376,7387.69287109375
1377,6997.78857421875
1378,6997.78857421875
1379,8729.001953125
1380,6997.78857421875
1381,6727.75927734375
1382,7545.244140625
1383,6769.06494140625
1384,6991.19384765625
1385,6654.89453125
1386,7875.66943359375
1387,7596.3388671875
1388,8021.16162109375
1389,7625.5458984375
1390,8015.76220703125
1391,7022.51123046875
1392,7136.681640625
1393,7022.51123046875
1394,8325.740234375
1395,7035.095703125
1396,7771.970703125
1397,7405.4072265625
1398,6997.78857421875
1399,7035.095703125
1400,0.0
1401,7035.095703125
1402,7035.095703125
1403,7875.66943359375
1404,6997.78857421875
1405,7310.82958984375
1406,7035.095703125
1407,8235.404296875
1408,7111.958984375
1409,6727.75927734375
1410,8043.19482421875
1411,7559.03173828125
1412,7054.27294921875
1413,7387.69287109375
1414,7334.087890625
1415,10091.69921875
1416,7111.958984375
1417,7875.66943359375
1418,7875.66943359375
1419,7559.03173828125
1420,7035.095703125
1421,7875.66943359375
1422,7310.82958984375
1423,7664.03955078125
1424,11165.517578125
1425,7771.970703125
1426,7054.27294921875
1427,7768.0009765625
1428,7875.66943359375
1429,7625.5458984375
1430,7596.3388671875
1431,7875.66943359375
1432,7875.66943359375
1433,6997.78857421875
1434,7625.5458984375
1435,6997.78857421875
1436,6727.75927734375
1437,7035.095703125
1438,7216.1376953125
1439,6997.78857421875
1440,7650.2685546875
1441,11451.0595703125
1442,7875.66943359375
1443,7875.66943359375
1444,7768.0009765625
1445,7111.958984375
1446,7664.03955078125
1447,7176.06298828125
1448,9429.26171875
1449,7875.66943359375
1450,7875.66943359375
1451,7875.66943359375
1452,8776.9287109375
1453,9347.0126953125
1454,7879.9736328125
1455,7875.66943359375
1456,8081.03466796875
1457,7833.7197265625
1458,7625.5458984375
1459,6654.89453125
1460,7111.958984375
1461,7146.9150390625
1462,7054.27294921875
1463,7022.51123046875
1464,7111.958984375
1465,7875.66943359375
1466,7875.66943359375
1467,7596.3388671875
1468,7310.82958984375
1469,7559.03173828125
1470,7022.51123046875
1471,7875.66943359375
1472,6997.78857421875
1473,7875.66943359375
1474,7559.03173828125
1475,6497.09521484375
1476,7625.5458984375
1477,6997.78857421875
1478,7111.958984375
1479,7594.46435546875
1480,7545.244140625
1481,7596.3388671875
1482,7596.3388671875
1483,7875.66943359375
1484,7708.158203125
1485,7559.03173828125
1486,6654.89453125
1487,8201.3359375
1488,7022.51123046875
1489,8470.0625
1490,7111.958984375
1491,7774.67236328125
1492,7875.66943359375
1493,7596.3388671875
1494,7146.9150390625
1495,7875.66943359375
1496,7794.4345703125
1497,7852.47998046875
1498,7035.095703125
1499,7567.1318359375
1500,6939.37451171875
1501,7817.25537109375
1502,7500.61767578125
1503,8118.19970703125
1504,6939.37451171875
1505,6976.681640625
1506,7567.1318359375
1507,7950.26416015625
1508,7716.25830078125
1509,7817.25537109375
1510,6939.37451171875
1511,7053.544921875
1512,6939.37451171875
1513,7537.9248046875
1514,6669.34521484375
1515,7230.58837890625
1516,6976.681640625
1517,6669.34521484375
1518,7821.5595703125
1519,7817.25537109375
1520,7346.9931640625
1521,7567.1318359375
1522,8100.89013671875
1523,6939.37451171875
1524,7817.25537109375
1525,6976.681640625
1526,8100.89013671875
1527,7053.544921875
1528,7817.25537109375
1529,7053.544921875
1530,7230.58837890625
1531,6976.681640625
1532,7605.62548828125
1533,0.0
1534,7817.25537109375
1535,7713.556640625
1536,7065.50244140625
1537,7230.58837890625
1538,7817.25537109375
1539,7525.34033203125
1540,7817.25537109375
1541,7252.41552734375
1542,6976.681640625
1543,6976.681640625
1544,7342.45458984375
1545,8024.01416015625
1546,8022.62060546875
1547,7817.25537109375
1548,9658.9296875
1549,7053.544921875
1550,6976.681640625
1551,7817.25537109375
1552,7088.5009765625
1553,7817.25537109375
1554,7591.8544921875
1555,7962.74755859375
1556,7962.74755859375
1557,9658.9296875
1558,6939.37451171875
1559,7567.1318359375
1560,7817.25537109375
1561,7817.25537109375
1562,8022.62060546875
1563,7044.0283203125
1564,6710.65087890625
1565,7962.74755859375
1566,7537.9248046875
1567,6939.37451171875
1568,7232.82275390625
1569,7500.61767578125
1570,6976.681640625
1571,6964.09716796875
1572,7567.1318359375
1573,7525.34033203125
1574,7053.544921875
1575,7817.25537109375
1576,8585.0341796875
1577,7567.1318359375
1578,7252.41552734375
1579,7567.1318359375
1580,8100.89013671875
1581,7525.34033203125
1582,6939.37451171875
1583,7500.61767578125
1584,7500.61767578125
1585,6939.37451171875
1586,7567.1318359375
1587,7817.25537109375
1588,7500.61767578125
1589,7817.25537109375
1590,6939.37451171875
1591,6964.09716796875
1592,8670.5888671875
1593,7537.9248046875
1594,7860.580078125
1595,7817.25537109375
1596,7088.5009765625
1597,7053.544921875
1598,6939.37451171875
1599,6976.681640625
1600,7817.25537109375
1601,7795.89404296875
1602,7713.556640625
1603,9288.599609375
1604,7794.06591796875
1605,7053.544921875
1606,6710.65087890625
1607,6939.37451171875
1608,7693.32275390625
1609,8024.01416015625
1610,7567.1318359375
1611,7537.9248046875
1612,6964.09716796875
1613,7537.9248046875
1614,9046.21875
1615,6964.09716796875
1616,7020.58154296875
1617,6596.48046875
1618,5836.51123046875
1619,6939.37451171875
1620,7500.61767578125
1621,7500.61767578125
1622,6939.37451171875
1623,7567.1318359375
1624,7232.82275390625
1625,7053.544921875
1626,7713.556640625
1627,7567.1318359375
1628,7537.9248046875
1629,7817.25537109375
1630,6777.8203125
1631,7713.556640625
1632,7567.1318359375
1633,7591.8544921875
1634,7567.1318359375
1635,6596.48046875
1636,8176.99072265625
1637,7567.1318359375
1638,7020.58154296875
1639,7567.1318359375
1640,9204.599609375
1641,8118.19970703125
1642,7817.25537109375
1643,7794.06591796875
1644,6964.09716796875
1645,8690.580078125
1646,8024.01416015625
1647,7157.7236328125
1648,7053.544921875
1649,8974.6337890625
1650,7995.9697265625
1651,8022.681640625
1652,7434.7265625
1653,6939.37451171875
1654,6669.34521484375
1655,7486.830078125
1656,7605.62548828125
1657,6669.34521484375
1658,7275.673828125
1659,7088.5009765625
1660,7567.1318359375
1661,7486.830078125
1662,7053.544921875
1663,7500.61767578125
1664,7053.544921875
1665,7275.673828125
1666,7817.25537109375
1667,8006.28125
1668,7230.58837890625
1669,7053.544921875
1670,7817.25537109375
1671,7486.830078125
1672,7817.25537109375
1673,8267.3271484375
1674,6939.37451171875
1675,7230.58837890625
1676,7817.25537109375
1677,7053.544921875
1678,8040.599609375
1679,7232.82275390625
1680,7567.1318359375
1681,7053.544921875
1682,7178.26708984375
1683,6669.34521484375
1684,7224.23779296875
1685,7710.46044921875
1686,6939.37451171875
1687,7053.544921875
1688,7713.556640625
1689,7713.556640625
1690,8325.1708984375
1691,7434.7265625
1692,7995.9697265625
1693,8325.1708984375
1694,7088.5009765625
1695,6939.37451171875
1696,7053.544921875
1697,0.0
1698,7492.6943359375
1699,6964.09716796875
1700,8325.1708984375
1701,7232.82275390625
1702,7053.544921875
1703,7486.830078125
1704,6786.89794921875
1705,7053.544921875
1706,6939.37451171875
1707,6669.34521484375
1708,6939.37451171875
1709,9037.1865234375
1710,9037.1865234375
1711,9631.5791015625
1712,7987.689453125
1713,7290.09228515625
1714,7041.89013671875
1715,8235.552734375
1716,7327.3994140625
1717,7951.91748046875
1718,7020.06298828125
1719,7701.7939453125
1720,7701.7939453125
1721,7079.3994140625
1722,6728.84912109375
1723,7846.9560546875
1724,7951.91748046875
1725,7701.7939453125
1726,6874.01123046875
1727,7155.24365234375
1728,6728.84912109375
1729,8516.1181640625
1730,7701.7939453125
1731,8570.3798828125
1732,8800.345703125
1733,8097.07958984375
1734,7756.78759765625
1735,8097.07958984375
1736,6458.81982421875
1737,8252.86328125
1738,7846.9560546875
1739,7505.87353515625
1740,7403.91162109375
1741,7671.37646484375
1742,7671.37646484375
1743,7594.97021484375
1744,8660.5009765625
1745,6911.318359375
1746,7472.5615234375
1747,7772.40576171875
1748,8918.9287109375
1749,7290.09228515625
1750,8097.07958984375
1751,7472.5615234375
1752,7701.7939453125
1753,7840.3359375
1754,7740.28759765625
1755,7626.31298828125
1756,7410.3359375
1757,8305.03515625
1758,7290.09228515625
1759,7130.52099609375
1760,8185.681640625
1761,6911.318359375
1762,8716.3203125
1763,8848.11328125
1764,7130.52099609375
1765,7951.91748046875
1766,7041.89013671875
1767,6728.84912109375
1768,7951.91748046875
1769,7753.5498046875
1770,8380.71484375
1771,8097.07958984375
1772,7594.97021484375
1773,7020.06298828125
1774,7721.296875
1775,6977.58447265625
1776,7574.26025390625
1777,7538.82763671875
1778,7951.91748046875
1779,7002.30712890625
1780,6977.58447265625
1781,8002.28515625
1782,6977.58447265625
1783,7839.37109375
1784,7290.62548828125
1785,8097.07958984375
1786,9107.3740234375
1787,7178.6904296875
1788,7721.296875
1789,7555.498046875
1790,8376.5556640625
1791,7188.20703125
1792,7538.82763671875
1793,8097.07958984375
1794,7951.91748046875
1795,7740.28759765625
1796,7846.9560546875
1797,7538.82763671875
1798,8380.71484375
1799,7333.369140625
1800,7268.79833984375
1801,8097.07958984375
1802,7951.91748046875
1803,7122.74658203125
1804,7740.28759765625
1805,7538.82763671875
1806,6852.71728515625
1807,7091.40380859375
1808,7333.369140625
1809,6977.58447265625
1810,6977.58447265625
1811,7538.82763671875
1812,7524.1552734375
1813,7160.0537109375
1814,7410.3359375
1815,6977.58447265625
1816,6977.58447265625
1817,7188.20703125
1818,7178.6904296875
1819,7538.82763671875
1820,7413.96044921875
1821,7951.91748046875
1822,8066.09765625
1823,7333.369140625
1824,8097.07958984375
1825,7122.74658203125
1826,7740.28759765625
1827,7538.82763671875
1828,7290.62548828125
1829,8097.07958984375
1830,6852.71728515625
1831,7951.91748046875
1832,7846.9560546875
1833,7721.296875
1834,8097.07958984375
1835,7951.91748046875
1836,7846.9560546875
1837,6977.58447265625
1838,6707.55517578125
1839,8819.9580078125
1840,7576.134765625
1841,7091.40380859375
1842,6977.58447265625
1843,7538.82763671875
1844,8570.529296875
1845,7014.8916015625
1846,7576.134765625
1847,7576.134765625
1848,8277.5849609375
1849,7721.296875
1850,7014.8916015625
1851,7398.7666015625
1852,7576.134765625
1853,8097.07958984375
1854,7441.0419921875
1855,7951.91748046875
1856,6968.00537109375
1857,7721.296875
1858,6977.58447265625
1859,6977.58447265625
1860,7333.369140625
1861,7563.55029296875
1862,7609.10302734375
1863,10107.9208984375
1864,7576.134765625
1865,7846.9560546875
1866,7538.82763671875
1867,7719.42236328125
1868,8097.07958984375
1869,7014.8916015625
1870,8165.251953125
1871,7576.134765625
1872,7188.20703125
1873,6674.55712890625
1874,7951.91748046875
1875,7333.369140625
1876,7160.0537109375
1877,7846.8017578125
1878,7839.37109375
1879,7268.79833984375
1880,7358.89990234375
1881,7538.82763671875
1882,7538.82763671875
1883,8097.07958984375
1884,7333.369140625
1885,7563.55029296875
1886,7538.82763671875
1887,7846.9560546875
1888,9367.037109375
1889,8097.07958984375
1890,7846.9560546875
1891,7538.82763671875
1892,7721.296875
1893,7014.8916015625
1894,7441.0419921875
1895,7606.94091796875
1896,8243.2841796875
1897,7160.0537109375
1898,7441.0419921875
1899,6968.00537109375
1900,8252.86328125
1901,7576.134765625
1902,8052.716796875
1903,8013.57666015625
1904,8097.07958984375
1905,6852.71728515625
1906,11499.265625
1907,9650.671875
1908,8625.984375
1909,6911.2880859375
1910,7130.52099609375
1911,8819.9580078125
1912,6432.09423828125
1913,12251.8330078125
1914,12692.52734375
1915,7188.20703125
1916,7014.8916015625
1917,7538.82763671875
1918,7576.134765625
1919,11479.2470703125
1920,7197.48046875
1921,7858.7724609375
1922,7372.7587890625
1923,6911.2880859375
1924,7846.9560546875
1925,7858.7724609375
1926,7555.498046875
1927,7609.10302734375
1928,8097.07958984375
1929,6884.439453125
1930,6674.55712890625
1931,7445.6826171875
1932,6884.439453125
1933,6968.00537109375
1934,7721.296875
1935,7482.98974609375
1936,7175.6533203125
1937,7972.95263671875
1938,6921.74658203125
1939,7445.6826171875
1940,7721.296875
1941,7885.44970703125
1942,9046.42578125
1943,7858.7724609375
1944,7846.9560546875
1945,7197.48046875
1946,7445.6826171875
1947,7095.06201171875
1948,6921.74658203125
1949,6884.439453125
1950,7160.0537109375
1951,7095.06201171875
1952,7816.8232421875
1953,7721.296875
1954,6614.41015625
1955,6806.427734375
1956,7721.296875
1957,6852.71728515625
1958,7341.91357421875
1959,10014.775390625
1960,7333.369140625
1961,8211.890625
1962,7160.0537109375
1963,7175.6533203125
1964,6884.439453125
1965,7780.6484375
1966,6752.16796875
1967,8610.94140625
1968,7847.23095703125
1969,15042.634765625
1970,10594.3056640625
1971,7205.51513671875
1972,7719.10205078125
1973,7205.51513671875
1974,7969.2255859375
1975,8488.9208984375
1976,7481.2490234375
1977,7404.3857421875
1978,8677.80859375
1979,8490.3154296875
1980,7969.2255859375
1981,7427.64404296875
1982,7404.3857421875
1983,7128.65185546875
1984,7128.65185546875
1985,7427.64404296875
1986,8563.0986328125
1987,8270.1708984375
1988,7969.2255859375
1989,7427.64404296875
1990,7652.587890625
1991,7969.2255859375
1992,11289.8466796875
1993,7205.51513671875
1994,7091.3447265625
1995,7969.2255859375
1996,7719.10205078125
1997,7969.2255859375
1998,7128.65185546875
1999,7205.51513671875
2000,7205.51513671875
2001,7427.64404296875
2002,9350.8525390625
2003,7969.2255859375
2004,7689.89501953125
2005,8472.2099609375
2006,12897.4384765625
2007,8248.10546875
2008,7763.7255859375
2009,8511.341796875
2010,8210.798828125
2011,8527.4365234375
2012,7674.27783203125
2013,8210.798828125
2014,7694.7646484375
2015,8201.9248046875
2016,7108.09765625
2017,8368.8310546875
2018,6873.3681640625
2019,6854.19091796875
2020,7415.43408203125
2021,6931.05419921875
2022,6816.8837890625
2023,6931.05419921875
2024,6854.19091796875
2025,6816.8837890625
2026,7224.50244140625
2027,8482.4912109375
2028,8032.61328125
2029,7782.48974609375
2030,8627.0068359375
2031,7268.90283203125
2032,8032.61328125
2033,8032.61328125
2034,7562.35107421875
2035,7154.732421875
2036,8702.08203125
2037,7259.38623046875
2038,8032.61328125
2039,7782.48974609375
2040,8333.55859375
2041,8552.30859375
2042,9176.7529296875
2043,6884.703125
2044,7544.63671875
2045,8032.61328125
2046,8032.61328125
2047,8009.423828125
2048,7820.9833984375
2049,7192.03955078125
2050,7715.9755859375
2051,7192.03955078125
2052,7715.9755859375
2053,7179.455078125
2054,8552.30859375
2055,7618.18994140625
2056,8333.55859375
2057,8032.61328125
2058,9220.2666015625
2059,7192.03955078125
2060,7154.732421875
2061,7782.48974609375
2062,7820.9833984375
2063,8032.61328125
2064,10188.6162109375
2065,7268.90283203125
2066,7445.9462890625
2067,8243.2451171875
2068,7268.90283203125
2069,7753.28271484375
2070,8032.61328125
2071,8032.61328125
2072,8316.248046875
2073,8032.61328125
2074,11559.9423828125
2075,7192.03955078125
2076,8032.61328125
2077,8487.037109375
2078,8862.765625
2079,7448.1806640625
2080,7268.90283203125
2081,8032.61328125
2082,7491.03173828125
2083,7154.732421875
2084,7491.03173828125
2085,8032.61328125
2086,6811.83837890625
2087,7491.03173828125
2088,7154.732421875
2089,7782.48974609375
2090,7192.03955078125
2091,8333.55859375
2092,7154.732421875
2093,7293.62548828125
2094,7268.90283203125
2095,8333.55859375
2096,8243.2451171875
2097,8627.0068359375
2098,7618.18994140625
2099,7154.732421875
2100,7782.48974609375
2101,7782.48974609375
2102,7192.03955078125
2103,8032.61328125
2104,7715.9755859375
2105,8283.591796875
2106,7259.38623046875
2107,7782.48974609375
2108,8528.3818359375
2109,8316.248046875
2110,7782.48974609375
2111,7211.216796875
2112,7491.03173828125
2113,7467.7734375
2114,7782.48974609375
2115,8214.33984375
2116,8425.9697265625
2117,9979.5625
2118,8425.9697265625
2119,8425.9697265625
2120,8425.9697265625
2121,8726.9150390625
2122,8425.9697265625
2123,7548.0888671875
2124,7839.302734375
2125,7662.25927734375
2126,7205.19482421875
2127,8109.33203125
2128,7841.537109375
2129,7955.70751953125
2130,8384.0205078125
2131,7585.39599609375
2132,8109.33203125
2133,7662.25927734375
2134,8175.84619140625
2135,8425.9697265625
2136,7728.984375
2137,7747.154296875
2138,7728.984375
2139,6888.41064453125
2140,6581.07421875
2141,8029.92919921875
2142,6851.103515625
2143,7317.2958984375
2144,7142.3173828125
2145,7449.65380859375
2146,15696.291015625
2147,6508.20947265625
2148,6965.27392578125
2149,8953.603515625
2150,6581.07421875
2151,6851.103515625
2152,6965.27392578125
2153,7606.98779296875
2154,7140.794921875
2155,7768.55224609375
2156,7140.794921875
2157,7739.34521484375
2158,7140.794921875
2159,7477.09423828125
2160,7739.34521484375
2161,8022.97998046875
2162,10092.7177734375
2163,7739.34521484375
2164,8766.8671875
2165,7140.794921875
2166,8344.3427734375
2167,10092.7177734375
2168,8418.5712890625
2169,8018.67578125
2170,7636.46044921875
2171,7254.96533203125
2172,7477.09423828125
2173,7702.0380859375
2174,7807.0458984375
2175,8457.8046875
2176,7165.517578125
2177,9288.6337890625
2178,7178.10205078125
2179,7140.794921875
2180,7522.2900390625
2181,7739.34521484375
2182,7178.10205078125
2183,7359.14404296875
2184,7178.10205078125
2185,7768.55224609375
2186,7995.486328125
2187,7768.55224609375
2188,8018.67578125
2189,7140.794921875
2190,7254.96533203125
2191,7397.72705078125
2192,7807.0458984375
2193,7178.10205078125
2194,8018.67578125
2195,7140.794921875
2196,8018.67578125
2197,8018.67578125
2198,7165.517578125
2199,7477.09423828125
2200,7432.0087890625
2201,7178.10205078125
2202,7434.2431640625
2203,7768.55224609375
2204,7739.34521484375
2205,7739.34521484375
2206,8018.67578125
2207,6912.0712890625
2208,7222.001953125
2209,8147.345703125
2210,7178.10205078125
2211,8651.7783203125
2212,7359.14404296875
2213,8018.67578125
2214,7140.794921875
2215,8456.41015625
2216,7768.55224609375
2217,7254.96533203125
2218,7295.5634765625
2219,8069.62744140625
2220,7793.27490234375
2221,7702.0380859375
2222,7140.794921875
2223,8018.67578125
2224,7702.0380859375
2225,8018.67578125
2226,8143.37744140625
2227,7197.279296875
2228,8018.67578125
2229,7453.8359375
2230,7140.794921875
2231,7768.55224609375
2232,7530.69921875
2233,7140.794921875
2234,7140.794921875
2235,8872.0078125
2236,7140.794921875
2237,6870.765625
2238,7920.619140625
2239,6912.0712890625
2240,7134.2001953125
2241,6797.90087890625
2242,8018.67578125
2243,7739.34521484375
2244,8396.537109375
2245,7768.55224609375
2246,8391.138671875
2247,7165.517578125
2248,7279.68798828125
2249,7165.517578125
2250,8701.1171875
2251,7178.10205078125
2252,8147.345703125
2253,7548.41357421875
2254,7140.794921875
2255,7178.10205078125
2256,0.0
2257,7178.10205078125
2258,7178.10205078125
2259,8018.67578125
2260,7140.794921875
2261,7453.8359375
2262,7178.10205078125
2263,8610.78125
2264,7254.96533203125
2265,6870.765625
2266,8418.5712890625
2267,7702.0380859375
2268,7197.279296875
2269,7530.69921875
2270,7477.09423828125
2271,10467.07421875
2272,7254.96533203125
2273,8018.67578125
2274,8018.67578125
2275,7702.0380859375
2276,7178.10205078125
2277,8018.67578125
2278,7453.8359375
2279,7807.0458984375
2280,11308.5234375
2281,8147.345703125
2282,7197.279296875
2283,8143.37744140625
2284,8018.67578125
2285,7768.55224609375
2286,7739.34521484375
2287,8018.67578125
2288,8018.67578125
2289,7140.794921875
2290,7768.55224609375
2291,7140.794921875
2292,6870.765625
2293,7178.10205078125
2294,7359.14404296875
2295,7140.794921875
2296,7793.27490234375
2297,11826.4345703125
2298,8018.67578125
2299,8018.67578125
2300,8143.37744140625
2301,7254.96533203125
2302,7807.0458984375
2303,7319.0693359375
2304,9572.2685546875
2305,8018.67578125
2306,8018.67578125
2307,8018.67578125
2308,8919.9345703125
2309,9722.3876953125
2310,8022.97998046875
2311,8018.67578125
2312,8456.41015625
2313,7976.7265625
2314,7768.55224609375
2315,6797.90087890625
2316,7254.96533203125
2317,7522.2900390625
2318,7197.279296875
2319,7165.517578125
2320,7254.96533203125
2321,8018.67578125
2322,8018.67578125
2323,7739.34521484375
2324,7453.8359375
2325,7702.0380859375
2326,7165.517578125
2327,8018.67578125
2328,7140.794921875
2329,8018.67578125
2330,7702.0380859375
2331,6640.1015625
2332,7768.55224609375
2333,7140.794921875
2334,7254.96533203125
2335,7737.470703125
2336,7920.619140625
2337,7739.34521484375
2338,7739.34521484375
2339,8018.67578125
2340,8083.533203125
2341,7702.0380859375
2342,6797.90087890625
2343,8344.3427734375
2344,7165.517578125
2345,8613.0693359375
2346,7254.96533203125
2347,8150.04736328125
2348,8018.67578125
2349,7739.34521484375
2350,7522.2900390625
2351,8018.67578125
2352,8169.81005859375
2353,7995.486328125
2354,7178.10205078125
2355,7710.13818359375
2356,7082.380859375
2357,7960.26171875
2358,7643.6240234375
2359,8261.2080078125
2360,7082.380859375
2361,7119.68798828125
2362,7710.13818359375
2363,8325.6416015625
2364,8091.63330078125
2365,7960.26171875
2366,7082.380859375
2367,7196.55126953125
2368,7082.380859375
2369,7680.93115234375
2370,6812.3515625
2371,7373.5947265625
2372,7119.68798828125
2373,6812.3515625
2374,7964.56591796875
2375,7960.26171875
2376,7489.99951171875
2377,7710.13818359375
2378,8243.8974609375
2379,7082.380859375
2380,7960.26171875
2381,7119.68798828125
2382,8243.8974609375
2383,7196.55126953125
2384,7960.26171875
2385,7196.55126953125
2386,7373.5947265625
2387,7119.68798828125
2388,7748.6318359375
2389,0.0
2390,7960.26171875
2391,8088.931640625
2392,7440.87744140625
2393,7373.5947265625
2394,7960.26171875
2395,7668.3466796875
2396,7960.26171875
2397,7395.421875
2398,7119.68798828125
2399,7119.68798828125
2400,7717.82958984375
2401,8399.3916015625
2402,8397.9970703125
2403,7960.26171875
2404,10034.3046875
2405,7196.55126953125
2406,7119.68798828125
2407,7960.26171875
2408,7463.8759765625
2409,7960.26171875
2410,7734.86083984375
2411,8338.1240234375
2412,8338.1240234375
2413,10034.3046875
2414,7082.380859375
2415,7710.13818359375
2416,7960.26171875
2417,7960.26171875
2418,8397.9970703125
2419,7187.03466796875
2420,6853.6572265625
2421,8338.1240234375
2422,7680.93115234375
2423,7082.380859375
2424,7375.8291015625
2425,7643.6240234375
2426,7119.68798828125
2427,7107.103515625
2428,7710.13818359375
2429,7668.3466796875
2430,7196.55126953125
2431,7960.26171875
2432,8960.4091796875
2433,7710.13818359375
2434,7395.421875
2435,7710.13818359375
2436,8243.8974609375
2437,7668.3466796875
2438,7082.380859375
2439,7643.6240234375
2440,7643.6240234375
2441,7082.380859375
2442,7710.13818359375
2443,7960.26171875
2444,7643.6240234375
2445,7960.26171875
2446,7082.380859375
2447,7107.103515625
2448,8813.5947265625
2449,7680.93115234375
2450,8003.58642578125
2451,7960.26171875
2452,7463.8759765625
2453,7196.55126953125
2454,7082.380859375
2455,7119.68798828125
2456,7960.26171875
2457,8171.26904296875
2458,8088.931640625
2459,9663.974609375
2460,7937.072265625
2461,7196.55126953125
2462,6853.6572265625
2463,7082.380859375
2464,8068.69775390625
2465,8399.3916015625
2466,7710.13818359375
2467,7680.93115234375
2468,7107.103515625
2469,7680.93115234375
2470,9421.59375
2471,7107.103515625
2472,7163.587890625
2473,6739.48681640625
2474,6211.88623046875
2475,7082.380859375
2476,7643.6240234375
2477,7643.6240234375
2478,7082.380859375
2479,7710.13818359375
2480,7375.8291015625
2481,7196.55126953125
2482,8088.931640625
2483,7710.13818359375
2484,7680.93115234375
2485,7960.26171875
2486,7153.1953125
2487,8088.931640625
2488,7710.13818359375
2489,7734.86083984375
2490,7710.13818359375
2491,6739.48681640625
2492,8552.3681640625
2493,7710.13818359375
2494,7163.587890625
2495,7710.13818359375
2496,9579.974609375
2497,8261.2080078125
2498,7960.26171875
2499,7937.072265625
2500,7107.103515625
2501,9065.955078125
2502,8399.3916015625
2503,7300.72998046875
2504,7196.55126953125
2505,9350.0087890625
2506,8138.97607421875
2507,8398.0576171875
2508,7577.73291015625
2509,7082.380859375
2510,6812.3515625
2511,7862.205078125
2512,7748.6318359375
2513,6812.3515625
2514,7418.68017578125
2515,7463.8759765625
2516,7710.13818359375
2517,7862.205078125
2518,7196.55126953125
2519,7643.6240234375
2520,7196.55126953125
2521,7418.68017578125
2522,7960.26171875
2523,8381.658203125
2524,7373.5947265625
2525,7196.55126953125
2526,7960.26171875
2527,7862.205078125
2528,7960.26171875
2529,8642.7041015625
2530,7082.380859375
2531,7373.5947265625
2532,7960.26171875
2533,7196.55126953125
2534,8415.9775390625
2535,7375.8291015625
2536,7710.13818359375
2537,7196.55126953125
2538,7553.64208984375
2539,6812.3515625
2540,7367.244140625
2541,7853.466796875
2542,7082.380859375
2543,7196.55126953125
2544,8088.931640625
2545,8088.931640625
2546,8468.1767578125
2547,7577.73291015625
2548,8138.97607421875
2549,8468.1767578125
2550,7463.8759765625
2551,7082.380859375
2552,7196.55126953125
2553,0.0
2554,7868.0693359375
2555,7107.103515625
2556,8468.1767578125
2557,7375.8291015625
2558,7196.55126953125
2559,7862.205078125
2560,7162.27294921875
2561,7196.55126953125
2562,7082.380859375
2563,6812.3515625
2564,7082.380859375
2565,9180.1923828125
2566,9180.1923828125
2567,9774.5849609375
2568,8130.69580078125
2569,9120.6572265625
2570,8939.7744140625
2571,9578.4345703125
2572,9157.96484375
2573,9578.4345703125
2574,8850.6279296875
2575,9195.5693359375
2576,9395.62890625
2577,8894.3974609375
2578,8626.7333984375
2579,9540.791015625
2580,9578.4345703125
2581,9395.62890625
2582,8571.8359375
2583,8849.0791015625
2584,8426.673828125
2585,10346.68359375
2586,9395.62890625
2587,10318.05859375
2588,10440.9091796875
2589,9723.5966796875
2590,9197.29296875
2591,9723.5966796875
2592,8356.7041015625
2593,9879.37890625
2594,9340.7314453125
2595,8999.6494140625
2596,9234.4765625
2597,8807.2451171875
2598,9515.990234375
2599,9088.74609375
2600,10753.955078125
2601,8809.203125
2602,9303.126953125
2603,9670.2900390625
2604,10333.2529296875
2605,9120.6572265625
2606,9723.5966796875
2607,9303.126953125
2608,9395.62890625
2609,9534.1708984375
2610,9578.4345703125
2611,9120.0888671875
2612,8904.111328125
2613,10198.4296875
2614,9120.6572265625
2615,8824.3564453125
2616,9395.822265625
2617,8809.203125
2618,10742.4560546875
2619,10262.4375
2620,8824.3564453125
2621,9578.4345703125
2622,8939.7744140625
2623,8626.7333984375
2624,9578.4345703125
2625,9501.228515625
2626,9723.5966796875
2627,9723.5966796875
2628,9088.74609375
2629,8850.6279296875
2630,9551.861328125
2631,8675.408203125
2632,9188.5087890625
2633,9369.3916015625
2634,9578.4345703125
2635,8700.130859375
2636,8675.408203125
2637,9749.962890625
2638,8875.4677734375
2639,9175.298828125
2640,9188.5087890625
2641,9723.5966796875
2642,10601.1484375
2643,8672.4658203125
2644,9551.861328125
2645,9049.2734375
2646,9817.0595703125
2647,8681.982421875
2648,9369.3916015625
2649,9723.5966796875
2650,9578.4345703125
2651,9578.4345703125
2652,9540.791015625
2653,9369.3916015625
2654,9723.5966796875
2655,8827.14453125
2656,9099.3623046875
2657,9723.5966796875
2658,9578.4345703125
2659,9020.6298828125
2660,9578.4345703125
2661,9369.3916015625
2662,8750.6005859375
2663,8989.287109375
2664,8827.14453125
2665,8875.4677734375
2666,8875.4677734375
2667,9369.3916015625
2668,9017.9306640625
2669,8857.8779296875
2670,8904.111328125
2671,8675.408203125
2672,8875.4677734375
2673,8681.982421875
2674,8672.4658203125
2675,9369.3916015625
2676,9244.5244140625
2677,9578.4345703125
2678,9402.025390625
2679,8827.14453125
2680,9723.5966796875
2681,9020.6298828125
2682,9578.4345703125
2683,9369.3916015625
2684,9188.5087890625
2685,9723.5966796875
2686,8750.6005859375
2687,9578.4345703125
2688,9540.791015625
2689,9551.861328125
2690,9723.5966796875
2691,9578.4345703125
2692,9540.791015625
2693,8875.4677734375
2694,8605.4384765625
2695,10742.9677734375
2696,9406.69921875
2697,8789.2275390625
2698,8875.4677734375
2699,9369.3916015625
2700,10011.033203125
2701,8712.7158203125
2702,9406.69921875
2703,9406.69921875
2704,9904.1015625
2705,9551.861328125
2706,8912.775390625
2707,9092.6015625
2708,9406.69921875
2709,9723.5966796875
2710,9055.9794921875
2711,9578.4345703125
2712,8865.888671875
2713,9551.861328125
2714,8675.408203125
2715,8675.408203125
2716,8827.14453125
2717,9394.1142578125
2718,9102.8779296875
2719,12415.8515625
2720,9406.69921875
2721,9340.7314453125
2722,9369.3916015625
2723,9133.611328125
2724,9723.5966796875
2725,8712.7158203125
2726,10058.646484375
2727,9406.69921875
2728,8681.982421875
2729,8372.380859375
2730,9578.4345703125
2731,8827.14453125
2732,8857.8779296875
2733,9487.365234375
2734,9683.984375
2735,9099.3623046875
2736,9052.734375
2737,9369.3916015625
2738,9369.3916015625
2739,9723.5966796875
2740,8827.14453125
2741,9394.1142578125
2742,9369.3916015625
2743,9540.791015625
2744,11060.87109375
2745,9723.5966796875
2746,9540.791015625
2747,9369.3916015625
2748,9551.861328125
2749,8912.775390625
2750,9256.0390625
2751,9233.45703125
2752,9869.7998046875
2753,9057.9375
2754,9055.9794921875
2755,8665.8291015625
2756,9879.37890625
2757,9406.69921875
2758,9975.7265625
2759,9906.9716796875
2760,9723.5966796875
2761,8550.541015625
2762,13525.400390625
2763,11060.87109375
2764,10040.30859375
2765,8526.2255859375
2766,8824.3564453125
2767,10742.9677734375
2768,8541.607421875
2769,12356.185546875
2770,13523.6640625
2771,8681.982421875
2772,8712.7158203125
2773,9369.3916015625
2774,9406.69921875
2775,13787.1767578125
2776,9095.36328125
2777,9485.2890625
2778,8071.15478515625
2779,8526.2255859375
2780,9540.791015625
2781,9485.2890625
2782,9049.2734375
2783,9102.8779296875
2784,9723.5966796875
2785,8582.263671875
2786,8372.380859375
2787,9276.24609375
2788,8582.263671875
2789,8865.888671875
2790,9551.861328125
2791,9313.5546875
2792,9006.216796875
2793,9617.505859375
2794,8619.5703125
2795,9276.24609375
2796,9551.861328125
2797,9723.5966796875
2798,10969.435546875
2799,9485.2890625
2800,9540.791015625
2801,9095.36328125
2802,9276.24609375
2803,8588.837890625
2804,8619.5703125
2805,8782.322265625
2806,9057.9375
2807,8588.837890625
2808,9443.33984375
2809,9551.861328125
2810,8312.234375
2811,8644.57421875
2812,9551.861328125
2813,8750.6005859375
2814,8835.689453125
2815,12322.70703125
2816,8827.14453125
2817,10305.34375
2818,8857.8779296875
2819,9006.216796875
2820,8582.263671875
2821,9674.04296875
2822,8245.943359375
2823,10237.458984375
2824,9341.0068359375
2825,14075.5107421875
2826,12623.7802734375
2827,8699.2900390625
2828,9412.9365234375
2829,8699.2900390625
2830,9595.7421875
2831,10518.3955078125
2832,8975.0234375
2833,9102.208984375
2834,10771.2626953125
2835,9930.8193359375
2836,9595.7421875
2837,8921.4189453125
2838,9102.208984375
2839,9026.53515625
2840,8826.4755859375
2841,8921.4189453125
2842,9261.494140625
2843,9896.6865234375
2844,9595.7421875
2845,8921.4189453125
2846,9483.1513671875
2847,9595.7421875
2848,13315.9814453125
2849,8699.2900390625
2850,8989.2275390625
2851,9595.7421875
2852,9412.9365234375
2853,9595.7421875
2854,9026.53515625
2855,8699.2900390625
2856,8699.2900390625
2857,8921.4189453125
2858,11473.921875
2859,9595.7421875
2860,9520.458984375
2861,10170.033203125
2862,14923.5732421875
2863,10078.669921875
2864,9257.5009765625
2865,10155.8955078125
2866,10041.3623046875
2867,10153.953125
2868,9372.1015625
2869,10041.3623046875
2870,9321.28125
2871,10032.4892578125
2872,8938.6611328125
2873,10291.8408203125
2874,8367.1435546875
2875,8752.07421875
2876,9245.998046875
2877,8424.8291015625
2878,8714.7666015625
2879,8424.8291015625
2880,8752.07421875
2881,8714.7666015625
2882,8718.27734375
2883,9922.9951171875
2884,9659.1298828125
2885,9476.32421875
2886,10253.5224609375
2887,8762.677734375
2888,9659.1298828125
2889,9659.1298828125
2890,9056.1259765625
2891,9052.615234375
2892,10116.40625
2893,8753.1611328125
2894,9659.1298828125
2895,9476.32421875
2896,9960.07421875
2897,10073.0966796875
2898,11299.822265625
2899,8582.5263671875
2900,9038.4111328125
2901,9659.1298828125
2902,9659.1298828125
2903,9839.9873046875
2904,9659.1298828125
2905,8889.86328125
2906,9546.5390625
2907,9089.9228515625
2908,9546.5390625
2909,9077.337890625
2910,10073.0966796875
2911,9233.126953125
2912,9960.07421875
2913,9659.1298828125
2914,11343.3359375
2915,8889.86328125
2916,9052.615234375
2917,9476.32421875
2918,9659.1298828125
2919,9659.1298828125
2920,12496.546875
2921,8762.677734375
2922,9276.509765625
2923,9379.11328125
2924,8762.677734375
2925,9583.8466796875
2926,9659.1298828125
2927,9659.1298828125
2928,9659.1298828125
2929,9659.1298828125
2930,13867.8720703125
2931,9089.9228515625
2932,9659.1298828125
2933,10312.462890625
2934,10688.19140625
2935,9346.0634765625
2936,8762.677734375
2937,9659.1298828125
2938,8984.806640625
2939,8852.5556640625
2940,8984.806640625
2941,9659.1298828125
2942,8509.6611328125
2943,8984.806640625
2944,8852.5556640625
2945,9476.32421875
2946,9089.9228515625
2947,9960.07421875
2948,8852.5556640625
2949,8787.400390625
2950,8762.677734375
2951,9960.07421875
2952,10087.8583984375
2953,10253.5224609375
2954,9233.126953125
2955,9052.615234375
2956,9476.32421875
2957,9476.32421875
2958,9089.9228515625
2959,9659.1298828125
2960,9546.5390625
2961,8981.9873046875
2962,8753.1611328125
2963,9476.32421875
2964,10488.599609375
2965,9659.1298828125
2966,9476.32421875
2967,8704.9921875
2968,8984.806640625
2969,9165.5966796875
2970,9476.32421875
2971,10052.4873046875
2972,10052.4873046875
2973,11389.76171875
2974,10052.4873046875
2975,10052.4873046875
2976,10052.4873046875
2977,10353.431640625
2978,10052.4873046875
2979,9445.97265625
2980,9669.8671875
2981,9156.03515625
2982,8903.0185546875
2983,9939.896484375
2984,9539.361328125
2985,9449.4833984375
2986,10010.537109375
2987,9283.220703125
2988,9939.896484375
2989,9156.03515625
2990,9869.681640625
2991,10052.4873046875
2992,9355.5009765625
2993,10055.0849609375
2994,9355.5009765625
2995,8786.2939453125
2996,8478.95703125
2997,9656.4453125
2998,8548.9267578125
2999,8838.083984375
3000,8972.880859375
3001,9280.2177734375
3002,16323.3779296875
3003,8206.0322265625
3004,8459.048828125
3005,11261.533203125
3006,8278.8974609375
3007,8748.986328125
3008,8459.048828125
3009,9636.462890625
3010,8838.619140625
3011,9462.3876953125
3012,8838.619140625
3013,9569.91015625
3014,9038.6787109375
3015,8970.8701171875
3016,9569.91015625
3017,9569.91015625
3018,12400.6484375
3019,9569.91015625
3020,10592.29296875
3021,9038.6787109375
3022,9970.8603515625
3023,11891.9619140625
3024,10512.025390625
3025,9645.193359375
3026,9529.8564453125
3027,8748.7412109375
3028,8970.8701171875
3029,9532.6025390625
3030,9645.193359375
3031,9898.30859375
3032,8863.341796875
3033,10982.4677734375
3034,9075.986328125
3035,8838.619140625
3036,9337.2880859375
3037,9569.91015625
3038,9075.986328125
3039,9189.7080078125
3040,8875.9267578125
3041,9462.3876953125
3042,9826.05078125
3043,9462.3876953125
3044,9645.193359375
3045,9038.6787109375
3046,8748.7412109375
3047,8666.5986328125
3048,9645.193359375
3049,9075.986328125
3050,9645.193359375
3051,8838.619140625
3052,9645.193359375
3053,9645.193359375
3054,8863.341796875
3055,8970.8701171875
3056,9262.5732421875
3057,9075.986328125
3058,9332.126953125
3059,9462.3876953125
3060,9569.91015625
3061,9569.91015625
3062,9645.193359375
3063,8405.8466796875
3064,8915.837890625
3065,9483.2744140625
3066,9075.986328125
3067,10292.341796875
3068,9189.7080078125
3069,9645.193359375
3070,8838.619140625
3071,10485.884765625
3072,9462.3876953125
3073,8748.7412109375
3074,9110.5615234375
3075,9992.6376953125
3076,9487.1103515625
3077,9532.6025390625
3078,8838.619140625
3079,9645.193359375
3080,9532.6025390625
3081,9645.193359375
3082,9783.94140625
3083,8891.115234375
3084,9645.193359375
3085,9151.66015625
3086,9038.6787109375
3087,9462.3876953125
3088,9024.474609375
3089,8838.619140625
3090,9038.6787109375
3091,9703.14453125
3092,9038.6787109375
3093,8768.6494140625
3094,9565.173828125
3095,8405.8466796875
3096,8627.9755859375
3097,8695.7841796875
3098,9645.193359375
3099,9569.91015625
3100,10221.962890625
3101,9462.3876953125
3102,10216.564453125
3103,9063.4013671875
3104,8773.4638671875
3105,8863.341796875
3106,10727.2529296875
3107,9075.986328125
3108,9791.900390625
3109,9042.189453125
3110,9038.6787109375
3111,9075.986328125
3112,0.0
3113,9075.986328125
3114,8875.9267578125
3115,9645.193359375
3116,9038.6787109375
3117,9351.7197265625
3118,9075.986328125
3119,10533.791015625
3120,8748.7412109375
3121,8768.6494140625
3122,10512.025390625
3123,9532.6025390625
3124,8891.115234375
3125,9024.474609375
3126,8970.8701171875
3127,12292.5
3128,8748.7412109375
3129,9645.193359375
3130,9645.193359375
3131,9532.6025390625
3132,9075.986328125
3133,9645.193359375
3134,9151.66015625
3135,9645.193359375
3136,12139.66015625
3137,9791.900390625
3138,8891.115234375
3139,9583.8818359375
3140,9645.193359375
3141,9462.3876953125
3142,9569.91015625
3143,9645.193359375
3144,9645.193359375
3145,8838.619140625
3146,9462.3876953125
3147,9038.6787109375
3148,8568.58984375
3149,9075.986328125
3150,9189.7080078125
3151,8838.619140625
3152,9487.1103515625
3153,13949.50390625
3154,9645.193359375
3155,9645.193359375
3156,9583.8818359375
3157,8748.7412109375
3158,9645.193359375
3159,9024.474609375
3160,10982.4677734375
3161,9645.193359375
3162,9645.193359375
3163,9645.193359375
3164,9618.330078125
3165,12030.318359375
3166,9569.91015625
3167,9645.193359375
3168,10485.884765625
3169,9603.2431640625
3170,9462.3876953125
3171,8695.7841796875
3172,8748.7412109375
3173,9137.228515625
3174,8691.0556640625
3175,8863.341796875
3176,8748.7412109375
3177,9645.193359375
3178,9645.193359375
3179,9569.91015625
3180,9351.7197265625
3181,9532.6025390625
3182,9063.4013671875
3183,9645.193359375
3184,8838.619140625
3185,9645.193359375
3186,9532.6025390625
3187,8682.296875
3188,9462.3876953125
3189,8838.619140625
3190,8748.7412109375
3191,9151.66015625
3192,9256.5478515625
3193,9569.91015625
3194,9569.91015625
3195,9645.193359375
3196,9831.2119140625
3197,9532.6025390625
3198,8495.724609375
3199,9970.8603515625
3200,9063.4013671875
3201,10239.5859375
3202,8748.7412109375
3203,10243.5029296875
3204,9645.193359375
3205,9569.91015625
3206,9137.228515625
3207,9645.193359375
3208,9995.236328125
3209,9826.05078125
3210,9075.986328125
3211,9403.974609375
3212,8780.2060546875
3213,9586.7802734375
3214,9474.189453125
3215,9887.724609375
3216,8980.265625
3217,9017.5732421875
3218,9403.974609375
3219,10248.6513671875
3220,10185.08984375
3221,9586.7802734375
3222,8780.2060546875
3223,8690.328125
3224,8980.265625
3225,9511.4970703125
3226,8710.236328125
3227,9204.16015625
3228,8817.513671875
3229,8510.1767578125
3230,9511.4970703125
3231,9586.7802734375
3232,8983.7763671875
3233,9403.974609375
3234,9586.7802734375
3235,8980.265625
3236,9586.7802734375
3237,8817.513671875
3238,9586.7802734375
3239,8690.328125
3240,9586.7802734375
3241,8690.328125
3242,9204.16015625
3243,8817.513671875
3244,9586.7802734375
3245,0.0
3246,9586.7802734375
3247,9733.4873046875
3248,8709.7490234375
3249,9204.16015625
3250,9586.7802734375
3251,9498.912109375
3252,9586.7802734375
3253,9293.306640625
3254,8817.513671875
3255,9017.5732421875
3256,9611.2265625
3257,9839.8955078125
3258,10427.4716796875
3259,9586.7802734375
3260,12342.2353515625
3261,8690.328125
3262,8817.513671875
3263,9586.7802734375
3264,9078.8154296875
3265,9586.7802734375
3266,9428.697265625
3267,10163.5498046875
3268,10163.5498046875
3269,11833.548828125
3270,8980.265625
3271,9403.974609375
3272,9586.7802734375
3273,9586.7802734375
3274,9918.78515625
3275,8680.8115234375
3276,8347.43359375
3277,10163.5498046875
3278,9511.4970703125
3279,8980.265625
3280,9073.654296875
3281,9474.189453125
3282,8817.513671875
3283,8804.9287109375
3284,9403.974609375
3285,9498.912109375
3286,8690.328125
3287,9586.7802734375
3288,10785.8349609375
3289,9203.9150390625
3290,9293.306640625
3291,9403.974609375
3292,9586.7802734375
3293,9498.912109375
3294,8780.2060546875
3295,9474.189453125
3296,9474.189453125
3297,8780.2060546875
3298,9403.974609375
3299,9586.7802734375
3300,9474.189453125
3301,9586.7802734375
3302,8780.2060546875
3303,9004.98828125
3304,9644.7314453125
3305,9511.4970703125
3306,9697.4228515625
3307,9586.7802734375
3308,9078.8154296875
3309,8690.328125
3310,8980.265625
3311,9017.5732421875
3312,9586.7802734375
3313,9692.05859375
3314,9224.8017578125
3315,11971.9052734375
3316,9767.6376953125
3317,8690.328125
3318,8347.43359375
3319,8980.265625
3320,9962.0947265625
3321,9839.8955078125
3322,9403.974609375
3323,9511.4970703125
3324,9004.98828125
3325,9511.4970703125
3326,10862.09765625
3327,8804.9287109375
3328,8857.4248046875
3329,8437.3115234375
3330,7173.47314453125
3331,8980.265625
3332,9474.189453125
3333,9474.189453125
3334,8780.2060546875
3335,9403.974609375
3336,9073.654296875
3337,8690.328125
3338,9733.4873046875
3339,9403.974609375
3340,9511.4970703125
3341,9586.7802734375
3342,8694.505859375
3343,9224.8017578125
3344,9403.974609375
3345,9428.697265625
3346,9403.974609375
3347,8437.3115234375
3348,10475.3779296875
3349,9403.974609375
3350,8857.4248046875
3351,9403.974609375
3352,11405.400390625
3353,9887.724609375
3354,9586.7802734375
3355,9767.6376953125
3356,8804.9287109375
3357,11189.0244140625
3358,9839.8955078125
3359,9131.294921875
3360,8690.328125
3361,11657.939453125
3362,9969.5419921875
3363,10321.0693359375
3364,9275.55859375
3365,8780.2060546875
3366,8510.1767578125
3367,9198.134765625
3368,9586.7802734375
3369,8710.236328125
3370,8912.45703125
3371,9278.875
3372,9403.974609375
3373,9506.7607421875
3374,8690.328125
3375,9474.189453125
3376,8690.328125
3377,8912.45703125
3378,9586.7802734375
3379,10504.728515625
3380,9204.16015625
3381,8690.328125
3382,9586.7802734375
3383,9506.7607421875
3384,9586.7802734375
3385,10668.83984375
3386,8980.265625
3387,9204.16015625
3388,9586.7802734375
3389,8690.328125
3390,10442.11328125
3391,9073.654296875
3392,9403.974609375
3393,8690.328125
3394,9476.6552734375
3395,8710.236328125
3396,9061.080078125
3397,9751.3515625
3398,8780.2060546875
3399,8690.328125
3400,9933.546875
3401,9933.546875
3402,10094.693359375
3403,9275.55859375
3404,9969.5419921875
3405,10094.693359375
3406,9078.8154296875
3407,8780.2060546875
3408,8690.328125
3409,0.0
3410,9791.08203125
3411,9004.98828125
3412,10094.693359375
3413,9073.654296875
3414,8690.328125
3415,9198.134765625
3416,9055.669921875
3417,8690.328125
3418,8980.265625
3419,8510.1767578125
3420,8780.2060546875
3421,10806.708984375
3422,10806.708984375
3423,11401.1015625
3424,9624.47265625
3425,0.0
3426,0.0
3427,0.0
3428,0.0
3429,0.0
3430,0.0
3431,0.0
3432,0.0
3433,0.0
3434,0.0
3435,0.0
3436,0.0
3437,0.0
3438,0.0
3439,0.0
3440,0.0
3441,0.0
3442,0.0
3443,0.0
3444,0.0
3445,0.0
3446,0.0
3447,0.0
3448,0.0
3449,0.0
3450,0.0
3451,0.0
3452,0.0
3453,0.0
3454,0.0
3455,0.0
3456,0.0
3457,0.0
3458,0.0
3459,0.0
3460,0.0
3461,0.0
3462,0.0
3463,0.0
3464,0.0
3465,0.0
3466,0.0
3467,0.0
3468,0.0
3469,0.0
3470,0.0
3471,0.0
3472,0.0
3473,0.0
3474,0.0
3475,0.0
3476,0.0
3477,0.0
3478,0.0
3479,0.0
3480,0.0
3481,0.0
3482,0.0
3483,0.0
3484,0.0
3485,0.0
3486,0.0
3487,0.0
3488,0.0
3489,0.0
3490,0.0
3491,0.0
3492,0.0
3493,0.0
3494,0.0
3495,0.0
3496,0.0
3497,0.0
3498,0.0
3499,0.0
3500,0.0
3501,0.0
3502,0.0
3503,0.0
3504,0.0
3505,0.0
3506,0.0
3507,0.0
3508,0.0
3509,0.0
3510,0.0
3511,0.0
3512,0.0
3513,0.0
3514,0.0
3515,0.0
3516,5076.9375
3517,0.0
3518,0.0
3519,0.0
3520,0.0
3521,0.0
3522,0.0
3523,0.0
3524,0.0
3525,0.0
3526,0.0
3527,0.0
3528,0.0
3529,0.0
3530,0.0
3531,0.0
3532,0.0
3533,0.0
3534,0.0
3535,0.0
3536,0.0
3537,0.0
3538,0.0
3539,0.0
3540,0.0
3541,0.0
3542,0.0
3543,0.0
3544,0.0
3545,0.0
3546,0.0
3547,0.0
3548,0.0
3549,0.0
3550,0.0
3551,0.0
3552,0.0
3553,0.0
3554,0.0
3555,0.0
3556,0.0
3557,0.0
3558,0.0
3559,0.0
3560,0.0
3561,0.0
3562,0.0
3563,0.0
3564,0.0
3565,0.0
3566,0.0
3567,0.0
3568,0.0
3569,0.0
3570,0.0
3571,0.0
3572,0.0
3573,0.0
3574,0.0
3575,0.0
3576,0.0
3577,0.0
3578,0.0
3579,0.0
3580,0.0
3581,0.0
3582,0.0
3583,0.0
3584,4181.35693359375
3585,0.0
3586,0.0
3587,0.0
3588,0.0
3589,0.0
3590,0.0
3591,0.0
3592,0.0
3593,0.0
3594,0.0
3595,0.0
3596,0.0
3597,0.0
3598,0.0
3599,0.0
3600,0.0
3601,0.0
3602,0.0
3603,0.0
3604,0.0
3605,0.0
3606,0.0
3607,0.0
3608,0.0
3609,0.0
3610,0.0
3611,0.0
3612,0.0
3613,0.0
3614,0.0
3615,0.0
3616,0.0
3617,0.0
3618,0.0
3619,0.0
3620,0.0
3621,0.0
3622,0.0
3623,0.0
3624,0.0
3625,12924.1103515625
3626,17835.572265625
3627,0.0
3628,0.0
3629,0.0
3630,0.0
3631,0.0
3632,0.0
3633,0.0
3634,7624.41845703125
3635,0.0
3636,0.0
3637,0.0
3638,0.0
3639,0.0
3640,0.0
3641,0.0
3642,0.0
3643,0.0
3644,0.0
3645,0.0
3646,0.0
3647,0.0
3648,0.0
3649,0.0
3650,0.0
3651,0.0
3652,0.0
3653,5222.099609375
3654,0.0
3655,0.0
3656,0.0
3657,0.0
3658,0.0
3659,0.0
3660,0.0
3661,0.0
3662,0.0
3663,4319.34814453125
3664,0.0
3665,0.0
3666,0.0
3667,0.0
3668,0.0
3669,0.0
3670,0.0
3671,0.0
3672,0.0
3673,0.0
3674,0.0
3675,0.0
3676,0.0
3677,0.0
3678,0.0
3679,0.0
3680,0.0
3681,10371.4033203125
3682,0.0
3683,0.0
3684,0.0
3685,0.0
3686,0.0
3687,0.0
3688,0.0
3689,0.0
3690,0.0
3691,0.0
3692,0.0
3693,0.0
3694,0.0
3695,0.0
3696,0.0
3697,0.0
3698,7399.88720703125
3699,0.0
3700,0.0
3701,0.0
3702,0.0
3703,0.0
3704,0.0
3705,0.0
3706,0.0
3707,0.0
3708,0.0
3709,0.0
3710,0.0
3711,0.0
3712,0.0
3713,0.0
3714,0.0
3715,0.0
3716,0.0
3717,0.0
3718,0.0
3719,0.0
3720,0.0
3721,0.0
3722,0.0
3723,0.0
3724,0.0
3725,0.0
3726,0.0
3727,0.0
3728,0.0
3729,0.0
3730,0.0
3731,0.0
3732,0.0
3733,0.0
3734,0.0
3735,0.0
3736,0.0
3737,0.0
3738,0.0
3739,0.0
3740,0.0
3741,0.0
3742,0.0
3743,0.0
3744,0.0
3745,0.0
3746,0.0
3747,0.0
3748,0.0
3749,0.0
3750,0.0
3751,0.0
3752,0.0
3753,0.0
3754,0.0
3755,0.0
3756,0.0
3757,0.0
3758,0.0
3759,0.0
3760,4671.419921875
3761,0.0
3762,0.0
3763,0.0
3764,0.0
3765,0.0
3766,0.0
3767,0.0
3768,0.0
3769,0.0
3770,0.0
3771,0.0
3772,0.0
3773,0.0
3774,5054.7646484375
3775,0.0
3776,0.0
3777,0.0
3778,0.0
3779,0.0
3780,0.0
3781,0.0
3782,0.0
3783,0.0
3784,0.0
3785,0.0
3786,0.0
3787,0.0
3788,0.0
3789,0.0
3790,0.0
3791,0.0
3792,0.0
3793,0.0
3794,0.0
3795,0.0
3796,0.0
3797,0.0
3798,0.0
3799,0.0
3800,0.0
3801,0.0
3802,0.0
3803,0.0
3804,0.0
3805,0.0
3806,0.0
3807,0.0
3808,0.0
3809,0.0
3810,0.0
3811,0.0
3812,0.0
3813,0.0
3814,0.0
3815,0.0
3816,0.0
3817,7463.27490234375
3818,0.0
3819,0.0
3820,0.0
3821,0.0
3822,0.0
3823,0.0
3824,0.0
3825,0.0
3826,0.0
3827,5054.7646484375
3828,0.0
3829,0.0
3830,0.0
3831,5266.39453125
3832,0.0
3833,0.0
3834,0.0
3835,0.0
3836,0.0
3837,0.0
3838,0.0
3839,0.0
3840,0.0
3841,0.0
3842,0.0
3843,0.0
3844,0.0
3845,0.0
3846,0.0
3847,0.0
3848,0.0
3849,0.0
3850,0.0
3851,0.0
3852,0.0
3853,0.0
3854,0.0
3855,0.0
3856,0.0
3857,0.0
3858,14870.095703125
3859,0.0
3860,0.0
3861,0.0
3862,0.0
3863,0.0
3864,0.0
3865,0.0
3866,0.0
3867,0.0
3868,0.0
3869,0.0
3870,0.0
3871,0.0
3872,4649.521484375
3873,0.0
3874,0.0
3875,0.0
3876,0.0
3877,0.0
3878,0.0
3879,0.0
3880,0.0
3881,0.0
3882,0.0
3883,0.0
3884,0.0
3885,0.0
3886,0.0
3887,0.0
3888,0.0
3889,0.0
3890,0.0
3891,0.0
3892,0.0
3893,0.0
3894,0.0
3895,0.0
3896,0.0
3897,0.0
3898,0.0
3899,0.0
3900,0.0
3901,0.0
3902,0.0
3903,0.0
3904,0.0
3905,0.0
3906,0.0
3907,0.0
3908,0.0
3909,0.0
3910,0.0
3911,0.0
3912,0.0
3913,0.0
3914,0.0
3915,0.0
3916,0.0
3917,0.0
3918,0.0
3919,0.0
3920,0.0
3921,0.0
3922,0.0
3923,0.0
3924,0.0
3925,0.0
3926,0.0
3927,0.0
3928,0.0
3929,0.0
3930,0.0
3931,0.0
3932,0.0
3933,0.0
3934,0.0
3935,0.0
3936,0.0
3937,0.0
3938,0.0
3939,0.0
3940,0.0
3941,0.0
3942,0.0
3943,0.0
3944,0.0
3945,0.0
3946,0.0
3947,9229.990234375
3948,0.0
3949,0.0
3950,0.0
3951,0.0
3952,0.0
3953,0.0
3954,0.0
3955,0.0
3956,0.0
3957,0.0
3958,0.0
3959,0.0
3960,0.0
3961,0.0
3962,0.0
3963,0.0
3964,0.0
3965,0.0
3966,0.0
3967,0.0
3968,0.0
3969,0.0
3970,0.0
3971,0.0
3972,0.0
3973,0.0
3974,0.0
3975,0.0
3976,0.0
3977,0.0
3978,0.0
3979,0.0
3980,0.0
3981,0.0
3982,0.0
3983,0.0
3984,0.0
3985,0.0
3986,0.0
3987,0.0
3988,0.0
3989,0.0
3990,0.0
3991,5054.7646484375
3992,11914.1806640625
3993,0.0
3994,0.0
3995,0.0
3996,0.0
3997,0.0
3998,0.0
3999,0.0
4000,0.0
4001,0.0
4002,0.0
4003,0.0
4004,0.0
4005,0.0
4006,0.0
4007,0.0
4008,0.0
4009,0.0
4010,0.0
4011,0.0
4012,0.0
4013,0.0
4014,0.0
4015,0.0
4016,0.0
4017,0.0
4018,0.0
4019,0.0
4020,7463.27490234375
4021,0.0
4022,0.0
4023,0.0
4024,0.0
4025,0.0
4026,0.0
4027,0.0
4028,0.0
4029,0.0
4030,0.0
4031,0.0
4032,0.0
4033,0.0
4034,0.0
4035,0.0
4036,0.0
4037,0.0
4038,0.0
4039,0.0
4040,0.0
4041,0.0
4042,0.0
4043,0.0
4044,0.0
4045,0.0
4046,0.0
4047,0.0
4048,0.0
4049,0.0
4050,0.0
4051,0.0
4052,0.0
4053,0.0
4054,0.0
4055,0.0
4056,0.0
4057,0.0
4058,0.0
4059,0.0
4060,0.0
4061,0.0
4062,0.0
4063,0.0
4064,0.0
4065,0.0
4066,0.0
4067,0.0
4068,0.0
4069,0.0
4070,0.0
4071,0.0
4072,0.0
4073,0.0
4074,0.0
4075,0.0
4076,0.0
4077,0.0
4078,0.0
4079,0.0
4080,0.0
4081,0.0
4082,0.0
4083,0.0
4084,0.0
4085,0.0
4086,0.0
4087,0.0
4088,0.0
4089,0.0
4090,5108.2705078125
4091,0.0
4092,0.0
4093,0.0
4094,5108.2705078125
4095,0.0
4096,0.0
4097,0.0
4098,0.0
4099,0.0
4100,0.0
4101,0.0
4102,0.0
4103,0.0
4104,0.0
4105,0.0
4106,0.0
4107,0.0
4108,0.0
4109,0.0
4110,0.0
4111,0.0
4112,0.0
4113,0.0
4114,0.0
4115,0.0
4116,0.0
4117,0.0
4118,0.0
4119,0.0
4120,0.0
4121,0.0
4122,0.0
4123,0.0
4124,0.0
4125,0.0
4126,0.0
4127,0.0
4128,0.0
4129,0.0
4130,0.0
4131,0.0
4132,0.0
4133,0.0
4134,0.0
4135,0.0
4136,0.0
4137,0.0
4138,0.0
4139,0.0
4140,0.0
4141,0.0
4142,0.0
4143,0.0
4144,0.0
4145,4565.0166015625
4146,0.0
4147,0.0
4148,0.0
4149,0.0
4150,0.0
4151,0.0
4152,0.0
4153,0.0
4154,0.0
4155,0.0
4156,0.0
4157,0.0
4158,0.0
4159,0.0
4160,9171.5771484375
4161,0.0
4162,0.0
4163,0.0
4164,0.0
4165,0.0
4166,0.0
4167,0.0
4168,0.0
4169,0.0
4170,0.0
4171,0.0
4172,0.0
4173,0.0
4174,0.0
4175,0.0
4176,0.0
4177,0.0
4178,0.0
4179,0.0
4180,0.0
4181,0.0
4182,0.0
4183,0.0
4184,0.0
4185,0.0
4186,0.0
4187,0.0
4188,0.0
4189,0.0
4190,0.0
4191,0.0
4192,0.0
4193,0.0
4194,0.0
4195,0.0
4196,0.0
4197,0.0
4198,0.0
4199,0.0
4200,0.0
4201,0.0
4202,0.0
4203,0.0
4204,0.0
4205,0.0
4206,0.0
4207,0.0
4208,0.0
4209,0.0
4210,0.0
4211,0.0
4212,0.0
4213,0.0
4214,0.0
4215,0.0
4216,0.0
4217,0.0
4218,0.0
4219,0.0
4220,0.0
4221,0.0
4222,0.0
4223,0.0
4224,4996.3505859375
4225,0.0
4226,0.0
4227,0.0
4228,0.0
4229,0.0
4230,0.0
4231,0.0
4232,0.0
4233,0.0
4234,0.0
4235,0.0
4236,0.0
4237,0.0
4238,0.0
4239,0.0
4240,0.0
4241,0.0
4242,0.0
4243,0.0
4244,0.0
4245,0.0
4246,0.0
4247,0.0
4248,0.0
4249,0.0
4250,0.0
4251,0.0
4252,0.0
4253,0.0
4254,0.0
4255,0.0
4256,0.0
4257,0.0
4258,0.0
4259,0.0
4260,0.0
4261,0.0
4262,0.0
4263,0.0
4264,0.0
4265,11855.767578125
4266,4899.5859375
4267,0.0
4268,0.0
4269,0.0
4270,0.0
4271,0.0
4272,0.0
4273,0.0
4274,0.0
4275,0.0
4276,0.0
4277,0.0
4278,0.0
4279,0.0
4280,0.0
4281,5707.00048828125
4282,4543.103515625
4283,6109.07470703125
4284,5134.79150390625
4285,6283.04638671875
4286,5134.79150390625
4287,5816.39306640625
4288,5816.39306640625
4289,4839.28857421875
4290,4357.01904296875
4291,6113.763671875
4292,6283.04638671875
4293,5968.6015625
4294,4986.49755859375
4295,5245.1201171875
4296,4357.01904296875
4297,6807.82666015625
4298,5968.6015625
4299,6968.74658203125
4300,6192.798828125
4301,6428.20849609375
4302,5149.2421875
4303,6428.20849609375
4304,4509.2275390625
4305,7026.59423828125
4306,6113.763671875
4307,5595.75
4308,5820.81982421875
4309,5112.17529296875
4310,5112.17529296875
4311,5709.5693359375
4312,6678.97021484375
4313,5138.7060546875
4314,5764.27001953125
4315,5884.89208984375
4316,6838.25048828125
4317,5222.68408203125
4318,5970.60205078125
4319,5764.27001953125
4320,5968.6015625
4321,5930.21240234375
4322,5613.81005859375
4323,5893.12060546875
4324,5677.1435546875
4325,6323.50439453125
4326,5134.79150390625
4327,5397.32861328125
4328,6210.63134765625
4329,5138.7060546875
4330,7471.51025390625
4331,6767.435546875
4332,5245.1201171875
4333,6283.04638671875
4334,4543.103515625
4335,4357.01904296875
4336,6725.64990234375
4337,5931.97216796875
4338,6254.23681640625
4339,5970.60205078125
4340,5709.5693359375
4341,5134.79150390625
4342,6013.00537109375
4343,4757.962890625
4344,5075.4736328125
4345,5383.52685546875
4346,6283.04638671875
4347,4870.12646484375
4348,4757.962890625
4349,6180.70751953125
4350,5242.279296875
4351,5500.1142578125
4352,4791.8388671875
4353,5970.60205078125
4354,6380.17333984375
4355,5293.28955078125
4356,5555.39892578125
4357,5822.3056640625
4358,5506.896484375
4359,5455.0146484375
4360,5383.52685546875
4361,6428.20849609375
4362,6283.04638671875
4363,5613.81005859375
4364,6113.763671875
4365,5471.41943359375
4366,6254.23681640625
4367,5600.1767578125
4368,5383.52685546875
4369,6428.20849609375
4370,6283.04638671875
4371,5235.23291015625
4372,5613.81005859375
4373,5471.41943359375
4374,5387.44140625
4375,5203.89013671875
4376,5447.96826171875
4377,4757.962890625
4378,5090.07080078125
4379,5955.73583984375
4380,5638.75439453125
4381,5387.44140625
4382,5524.93505859375
4383,4605.75439453125
4384,4605.75439453125
4385,5302.80615234375
4386,5293.28955078125
4387,5471.41943359375
4388,6013.00537109375
4389,5825.43994140625
4390,5506.896484375
4391,5600.1767578125
4392,6428.20849609375
4393,5387.44140625
4394,5613.81005859375
4395,5471.41943359375
4396,4791.8388671875
4397,5970.60205078125
4398,5387.44140625
4399,6283.04638671875
4400,6113.763671875
4401,6013.00537109375
4402,5970.60205078125
4403,6283.04638671875
4404,6113.763671875
4405,4605.75439453125
4406,4757.962890625
4407,6739.2802734375
4408,5383.52685546875
4409,5203.89013671875
4410,4605.75439453125
4411,5383.52685546875
4412,5700.8701171875
4413,4757.962890625
4414,5867.84326171875
4415,5383.52685546875
4416,7026.59423828125
4417,6013.00537109375
4418,4757.962890625
4419,5513.36572265625
4420,5383.52685546875
4421,6428.20849609375
4422,4980.98681640625
4423,5825.43994140625
4424,4787.04345703125
4425,6013.00537109375
4426,4605.75439453125
4427,4605.75439453125
4428,5600.1767578125
4429,5735.79150390625
4430,5634.052734375
4431,8223.2275390625
4432,5867.84326171875
4433,6113.763671875
4434,5471.41943359375
4435,5704.9521484375
4436,6428.20849609375
4437,4757.962890625
4438,5927.25341796875
4439,5383.52685546875
4440,5455.0146484375
4441,4787.04345703125
4442,5825.43994140625
4443,5600.1767578125
4444,5387.44140625
4445,5197.0869140625
4446,5500.1142578125
4447,5867.84326171875
4448,5816.39306640625
4449,5471.41943359375
4450,5471.41943359375
4451,5970.60205078125
4452,5600.1767578125
4453,5735.79150390625
4454,5383.52685546875
4455,6113.763671875
4456,6639.8359375
4457,6428.20849609375
4458,6113.763671875
4459,5471.41943359375
4460,6013.00537109375
4461,4757.962890625
4462,4980.98681640625
4463,6723.56689453125
4464,6723.56689453125
4465,5387.44140625
4466,4980.98681640625
4467,4787.04345703125
4468,7026.59423828125
4469,5867.84326171875
4470,6234.15185546875
4471,5809.91748046875
4472,5970.60205078125
4473,5387.44140625
4474,9841.4638671875
4475,6923.470703125
4476,6545.306640625
4477,4671.17724609375
4478,5397.32861328125
4479,7001.3935546875
4480,3933.307861328125
4481,10888.625
4482,15800.0869140625
4483,5302.80615234375
4484,4757.962890625
4485,5867.84326171875
4486,5383.52685546875
4487,9594.5537109375
4488,4698.69384765625
4489,6189.9013671875
4490,0.0
4491,4671.17724609375
4492,6113.763671875
4493,6189.9013671875
4494,5447.96826171875
4495,5634.052734375
4496,6428.20849609375
4497,4512.609375
4498,4787.04345703125
4499,5290.3818359375
4500,5149.13427734375
4501,4787.04345703125
4502,6013.00537109375
4503,5290.3818359375
4504,5290.3818359375
4505,5413.75146484375
4506,4664.81787109375
4507,5290.3818359375
4508,5555.39892578125
4509,5758.97216796875
4510,6965.74853515625
4511,6189.9013671875
4512,5961.55517578125
4513,4698.69384765625
4514,5290.3818359375
4515,5361.86962890625
4516,4664.81787109375
4517,4512.609375
4518,5387.44140625
4519,5209.6611328125
4520,6933.44921875
4521,6013.00537109375
4522,4664.81787109375
4523,4679.9501953125
4524,6013.00537109375
4525,5387.44140625
4526,5431.7900390625
4527,8130.08251953125
4528,5600.1767578125
4529,6230.359375
4530,5387.44140625
4531,5290.3818359375
4532,4512.609375
4533,5542.650390625
4534,5209.6611328125
4535,6942.0703125
4536,6114.03857421875
4537,10096.77734375
4538,8545.837890625
4539,5472.32275390625
4540,5833.701171875
4541,5320.1142578125
4542,6300.3544921875
4543,6440.45361328125
4544,5506.19873046875
4545,5389.91552734375
4546,6696.2783203125
4547,5620.65673828125
4548,6300.3544921875
4549,5694.45166015625
4550,4905.59912109375
4551,5356.03955078125
4552,4871.72314453125
4553,5472.32275390625
4554,7125.26025390625
4555,7043.90234375
4556,6300.3544921875
4557,5694.45166015625
4558,5497.287109375
4559,6300.3544921875
4560,9632.044921875
4561,5230.46484375
4562,5356.03955078125
4563,6300.3544921875
4564,5833.701171875
4565,6300.3544921875
4566,5356.03955078125
4567,5320.1142578125
4568,5472.32275390625
4569,5694.45166015625
4570,7270.17529296875
4571,6300.3544921875
4572,5981.603515625
4573,6100.3798828125
4574,11239.63671875
4575,6539.81396484375
4576,5878.32470703125
4577,6172.0849609375
4578,6055.49755859375
4579,6858.56494140625
4580,5542.09716796875
4581,6055.49755859375
4582,6025.8935546875
4583,6493.6328125
4584,5222.826171875
4585,6288.15380859375
4586,4987.96728515625
4587,4597.26220703125
4588,5222.826171875
4589,5045.6533203125
4590,4445.0537109375
4591,5197.86181640625
4592,4597.26220703125
4593,4929.3701171875
4594,5045.6533203125
4595,6094.89013671875
4596,6363.7421875
4597,6049.29736328125
4598,7107.2900390625
4599,5535.71044921875
4600,6363.7421875
4601,6363.7421875
4602,5383.501953125
4603,4782.90234375
4604,6621.40478515625
4605,5526.19384765625
4606,6363.7421875
4607,5897.0888671875
4608,7107.2900390625
4609,6503.84130859375
4610,7358.1884765625
4611,5419.42724609375
4612,5569.58642578125
4613,6363.7421875
4614,6363.7421875
4615,5912.939453125
4616,5694.505859375
4617,4935.11083984375
4618,5648.5673828125
4619,5419.42724609375
4620,6044.9912109375
4621,5267.21875
4622,6503.84130859375
4623,5158.134765625
4624,7107.2900390625
4625,6363.7421875
4626,7429.54052734375
4627,5419.42724609375
4628,4935.11083984375
4629,5897.0888671875
4630,5694.505859375
4631,6363.7421875
4632,8303.9228515625
4633,5535.71044921875
4634,6044.9912109375
4635,5973.99560546875
4636,5383.501953125
4637,5560.6748046875
4638,6363.7421875
4639,6363.7421875
4640,6189.7705078125
4641,6363.7421875
4642,9675.2490234375
4643,5419.42724609375
4644,6363.7421875
4645,6128.11181640625
4646,6503.84130859375
4647,5267.21875
4648,5535.71044921875
4649,5906.1357421875
4650,5757.83935546875
4651,4782.90234375
4652,5383.501953125
4653,6363.7421875
4654,5047.2744140625
4655,5757.83935546875
4656,4782.90234375
4657,5897.0888671875
4658,5419.42724609375
4659,7107.2900390625
4660,4782.90234375
4661,5383.501953125
4662,5535.71044921875
4663,7107.2900390625
4664,5973.99560546875
4665,7107.2900390625
4666,5158.134765625
4667,4782.90234375
4668,6049.29736328125
4669,5897.0888671875
4670,4935.11083984375
4671,6363.7421875
4672,5560.6748046875
4673,7188.64794921875
4674,5373.9853515625
4675,6049.29736328125
4676,5662.7412109375
4677,6189.7705078125
4678,6049.29736328125
4679,5478.0244140625
4680,5535.71044921875
4681,5453.30322265625
4682,6049.29736328125
4683,6087.8623046875
4684,6757.0986328125
4685,7252.36083984375
4686,6757.0986328125
4687,6299.4921875
4688,6757.0986328125
4689,7500.646484375
4690,6757.0986328125
4691,5660.5751953125
4692,5954.03125
4693,5929.06689453125
4694,5440.630859375
4695,6041.923828125
4696,5440.630859375
4697,5776.8583984375
4698,7500.646484375
4699,5328.46728515625
4700,6526.240234375
4701,5929.06689453125
4702,6442.65380859375
4703,6757.0986328125
4704,6060.11328125
4705,6793.84521484375
4706,6060.11328125
4707,4631.48193359375
4708,5115.79833984375
4709,6803.6611328125
4710,4963.58984375
4711,6200.21240234375
4712,5257.0458984375
4713,5283.755859375
4714,14932.2294921875
4715,4743.6455078125
4716,5232.08154296875
4717,8000.29443359375
4718,4631.48193359375
4719,4963.58984375
4720,5232.08154296875
4721,6489.90380859375
4722,5253.28125
4723,6035.35986328125
4724,4768.96484375
4725,6031.0537109375
4726,4768.96484375
4727,5591.693359375
4728,6031.0537109375
4729,5857.08203125
4730,8289.9853515625
4731,5546.7373046875
4732,6489.90380859375
4733,5253.28125
4734,7093.3525390625
4735,8289.9853515625
4736,6519.001953125
4737,5892.1982421875
4738,5480.4248046875
4739,5521.77294921875
4740,5743.90185546875
4741,5546.7373046875
4742,5680.568359375
4743,5960.05810546875
4744,5253.28125
4745,6561.43212890625
4746,5405.48974609375
4747,4921.17333984375
4748,5144.197265625
4749,6031.0537109375
4750,5405.48974609375
4751,5899.001953125
4752,4921.17333984375
4753,6035.35986328125
4754,6118.9462890625
4755,6035.35986328125
4756,6349.8046875
4757,4768.96484375
4758,5521.77294921875
4759,5227.0439453125
4760,5680.568359375
4761,4921.17333984375
4762,6349.8046875
4763,4768.96484375
4764,6349.8046875
4765,6349.8046875
4766,5253.28125
4767,5743.90185546875
4768,5546.7373046875
4769,5405.48974609375
4770,5253.28125
4771,6035.35986328125
4772,6031.0537109375
4773,5546.7373046875
4774,6349.8046875
4775,5369.564453125
4776,5311.87841796875
4777,5960.05810546875
4778,5405.48974609375
4779,6416.14501953125
4780,5899.001953125
4781,6349.8046875
4782,4768.96484375
4783,6489.90380859375
4784,6035.35986328125
4785,5369.564453125
4786,5137.4150390625
4787,6622.9755859375
4788,5883.1513671875
4789,6118.9462890625
4790,4768.96484375
4791,6349.8046875
4792,6118.9462890625
4793,6349.8046875
4794,5907.744140625
4795,5464.0869140625
4796,6349.8046875
4797,5439.36572265625
4798,4768.96484375
4799,5883.1513671875
4800,5555.64892578125
4801,4921.17333984375
4802,4768.96484375
4803,6865.755859375
4804,5253.28125
4805,5405.48974609375
4806,5953.27587890625
4807,5369.564453125
4808,5591.693359375
4809,5033.3369140625
4810,6349.8046875
4811,5573.447265625
4812,6119.5732421875
4813,6035.35986328125
4814,6114.17431640625
4815,5253.28125
4816,5369.564453125
4817,5033.3369140625
4818,7538.2685546875
4819,5405.48974609375
4820,5960.05810546875
4821,5369.564453125
4822,5253.28125
4823,4921.17333984375
4824,6119.5732421875
4825,4921.17333984375
4826,5405.48974609375
4827,6349.8046875
4828,5253.28125
4829,5439.36572265625
4830,4921.17333984375
4831,6902.01611328125
4832,5521.77294921875
4833,5405.48974609375
4834,6519.001953125
4835,5634.6298828125
4836,5464.0869140625
4837,5555.64892578125
4838,5743.90185546875
4839,8190.109375
4840,5521.77294921875
4841,6349.8046875
4842,5892.1982421875
4843,5546.7373046875
4844,5163.6318359375
4845,6349.8046875
4846,4955.04931640625
4847,5680.568359375
4848,11639.5546875
4849,5960.05810546875
4850,5311.87841796875
4851,5645.630859375
4852,6349.8046875
4853,6035.35986328125
4854,6031.0537109375
4855,6349.8046875
4856,6349.8046875
4857,4768.96484375
4858,6035.35986328125
4859,5405.48974609375
4860,4921.17333984375
4861,5405.48974609375
4862,5899.001953125
4863,4768.96484375
4864,5883.1513671875
4865,10379.7841796875
4866,6349.8046875
4867,5892.1982421875
4868,5645.630859375
4869,5369.564453125
4870,5680.568359375
4871,5344.01904296875
4872,6845.06689453125
4873,6349.8046875
4874,6349.8046875
4875,6349.8046875
4876,7188.64794921875
4877,7919.6552734375
4878,5372.765625
4879,6792.408203125
4880,6489.90380859375
4881,7093.3525390625
4882,6035.35986328125
4883,5253.28125
4884,5521.77294921875
4885,5144.197265625
4886,5464.0869140625
4887,5033.3369140625
4888,5369.564453125
4889,6349.8046875
4890,6349.8046875
4891,5546.7373046875
4892,5439.36572265625
4893,6031.0537109375
4894,5253.28125
4895,6349.8046875
4896,4768.96484375
4897,6349.8046875
4898,6031.0537109375
4899,4474.20361328125
4900,5883.1513671875
4901,5253.28125
4902,5369.564453125
4903,5723.00048828125
4904,5953.27587890625
4905,5546.7373046875
4906,5546.7373046875
4907,6349.8046875
4908,6343.91796875
4909,5634.6298828125
4910,5033.3369140625
4911,7093.3525390625
4912,5253.28125
4913,7093.3525390625
4914,5369.564453125
4915,5994.01171875
4916,5892.1982421875
4917,5089.130859375
4918,5144.197265625
4919,6349.8046875
4920,6112.791015625
4921,5899.001953125
4922,5405.48974609375
4923,5976.94580078125
4924,4862.75927734375
4925,5833.7841796875
4926,5576.2158203125
4927,7034.9384765625
4928,4710.55078125
4929,5347.07568359375
4930,5976.94580078125
4931,6616.87548828125
4932,5935.59765625
4933,6291.390625
4934,5194.8671875
4935,5311.150390625
4936,5194.8671875
4937,5030.716796875
4938,4862.75927734375
4939,5488.3232421875
4940,5347.07568359375
4941,4862.75927734375
4942,5798.66796875
4943,6291.390625
4944,5311.150390625
4945,5976.94580078125
4946,6117.4189453125
4947,4710.55078125
4948,6291.390625
4949,5347.07568359375
4950,6117.4189453125
4951,5311.150390625
4952,6291.390625
4953,5463.35888671875
4954,5488.3232421875
4955,5347.07568359375
4956,5622.154296875
4957,0.0
4958,6291.390625
4959,5901.64404296875
4960,5270.1943359375
4961,5488.3232421875
4962,6291.390625
4963,5840.587890625
4964,6291.390625
4965,5380.95166015625
4966,5347.07568359375
4967,4862.75927734375
4968,5818.26171875
4969,5901.64404296875
4970,6431.48974609375
4971,6291.390625
4972,8231.572265625
4973,5463.35888671875
4974,4862.75927734375
4975,6291.390625
4976,5085.783203125
4977,6291.390625
4978,5824.7373046875
4979,6061.1591796875
4980,6061.1591796875
4981,8231.572265625
4982,4710.55078125
4983,5824.7373046875
4984,5833.7841796875
4985,6291.390625
4986,6431.48974609375
4987,5453.84228515625
4988,5311.150390625
4989,6061.1591796875
4990,5488.3232421875
4991,4862.75927734375
4992,4974.9228515625
4993,5972.6396484375
4994,4862.75927734375
4995,5194.8671875
4996,5976.94580078125
4997,5840.587890625
4998,5311.150390625
4999,6291.390625
5000,6683.44482421875
5001,5824.7373046875
5002,4896.63525390625
5003,5976.94580078125
5004,6117.4189453125
5005,5840.587890625
5006,5347.07568359375
5007,5488.3232421875
5008,6060.5322265625
5009,4710.55078125
5010,5976.94580078125
5011,5833.7841796875
5012,6060.5322265625
5013,6291.390625
5014,4710.55078125
5015,4974.9228515625
5016,6807.341796875
5017,5488.3232421875
5018,5824.7373046875
5019,6291.390625
5020,5085.783203125
5021,5311.150390625
5022,4710.55078125
5023,5347.07568359375
5024,6291.390625
5025,6424.70751953125
5026,5901.64404296875
5027,7861.2412109375
5028,5840.587890625
5029,5463.35888671875
5030,5311.150390625
5031,4710.55078125
5032,6169.1298828125
5033,5901.64404296875
5034,5976.94580078125
5035,5488.3232421875
5036,4974.9228515625
5037,5488.3232421875
5038,7185.9599609375
5039,5194.8671875
5040,5253.46435546875
5041,4974.9228515625
5042,4625.70703125
5043,4710.55078125
5044,5576.2158203125
5045,5488.3232421875
5046,4710.55078125
5047,5976.94580078125
5048,4974.9228515625
5049,5311.150390625
5050,5901.64404296875
5051,5824.7373046875
5052,5488.3232421875
5053,6291.390625
5054,5350.46484375
5055,5901.64404296875
5056,5976.94580078125
5057,5824.7373046875
5058,5976.94580078125
5059,4974.9228515625
5060,6843.60205078125
5061,5976.94580078125
5062,5253.46435546875
5063,5976.94580078125
5064,7303.00927734375
5065,7034.9384765625
5066,6291.390625
5067,5840.587890625
5068,5194.8671875
5069,7357.18896484375
5070,5901.64404296875
5071,6060.5322265625
5072,5463.35888671875
5073,7547.27587890625
5074,5515.033203125
5075,6951.40673828125
5076,4862.75927734375
5077,5194.8671875
5078,4862.75927734375
5079,5894.86181640625
5080,5622.154296875
5081,4862.75927734375
5082,5311.150390625
5083,5085.783203125
5084,5735.087890625
5085,5894.86181640625
5086,5463.35888671875
5087,5576.2158203125
5088,5221.5009765625
5089,5463.35888671875
5090,6291.390625
5091,6672.89306640625
5092,5972.6396484375
5093,5463.35888671875
5094,6291.390625
5095,5894.86181640625
5096,6291.390625
5097,7479.8544921875
5098,4710.55078125
5099,5488.3232421875
5100,6291.390625
5101,5463.35888671875
5102,7253.1279296875
5103,4974.9228515625
5104,5976.94580078125
5105,5311.150390625
5106,6106.9921875
5107,4862.75927734375
5108,5824.7373046875
5109,4896.63525390625
5110,4862.75927734375
5111,5463.35888671875
5112,5901.64404296875
5113,5901.64404296875
5114,6799.30419921875
5115,4862.75927734375
5116,5972.6396484375
5117,6799.30419921875
5118,5085.783203125
5119,5347.07568359375
5120,5311.150390625
5121,11581.1416015625
5122,6159.30615234375
5123,4974.9228515625
5124,6799.30419921875
5125,4974.9228515625
5126,5311.150390625
5127,5894.86181640625
5128,5262.705078125
5129,5463.35888671875
5130,4710.55078125
5131,5347.07568359375
5132,4710.55078125
5133,7953.92333984375
5134,7511.31982421875
5135,8254.8681640625
5136,6397.50341796875
5137,5625.9267578125
5138,5419.67919921875
5139,6713.3857421875
5140,5644.00048828125
5141,6429.7509765625
5142,5336.6640625
5143,6019.947265625
5144,6019.947265625
5145,4883.7236328125
5146,4885.7705078125
5147,6385.97705078125
5148,6429.7509765625
5149,6240.81494140625
5150,5099.591796875
5151,5448.67431640625
5152,4885.7705078125
5153,6832.71923828125
5154,6240.81494140625
5155,6887.6728515625
5156,6195.06494140625
5157,6574.9130859375
5158,5151.50830078125
5159,6574.9130859375
5160,4836.60888671875
5161,7104.6396484375
5162,6385.97705078125
5163,5799.30419921875
5164,5739.74609375
5165,5376.5546875
5166,5376.5546875
5167,5913.12353515625
5168,6882.5244140625
5169,5289.107421875
5170,5789.16259765625
5171,5929.3271484375
5172,7041.8046875
5173,5625.9267578125
5174,6574.9130859375
5175,5789.16259765625
5176,6240.81494140625
5177,6133.7666015625
5178,6218.12109375
5179,6165.333984375
5180,5949.35693359375
5181,6527.05859375
5182,5606.693359375
5183,5669.5419921875
5184,6724.70263671875
5185,5289.107421875
5186,7549.5556640625
5187,6970.98974609375
5188,5448.67431640625
5189,6429.7509765625
5190,5419.67919921875
5191,4954.4296875
5192,7147.82861328125
5193,6070.8427734375
5194,6858.5478515625
5195,6574.9130859375
5196,5913.12353515625
5197,5336.6640625
5198,6037.89794921875
5199,5355.37353515625
5200,5952.04931640625
5201,5855.4287109375
5202,6429.7509765625
5203,5134.505859375
5204,5355.37353515625
5205,6319.578125
5206,5355.37353515625
5207,5544.54931640625
5208,5668.41455078125
5209,6574.9130859375
5210,6894.24462890625
5211,5565.5029296875
5212,6037.89794921875
5213,6094.51904296875
5214,5771.27587890625
5215,5727.22802734375
5216,5855.4287109375
5217,6574.9130859375
5218,6429.7509765625
5219,6218.12109375
5220,6385.97705078125
5221,5874.662109375
5222,6858.5478515625
5223,5872.39013671875
5224,5585.3994140625
5225,6574.9130859375
5226,6429.7509765625
5227,5348.3271484375
5228,6218.12109375
5229,5874.662109375
5230,5230.50634765625
5231,5248.3251953125
5232,5720.181640625
5233,5355.37353515625
5234,5134.505859375
5235,5874.662109375
5236,5842.30859375
5237,5537.8427734375
5238,5797.1484375
5239,5478.63916015625
5240,5478.63916015625
5241,5506.3603515625
5242,5496.84375
5243,5874.662109375
5244,5730.5615234375
5245,6429.7509765625
5246,5771.27587890625
5247,5872.39013671875
5248,6574.9130859375
5249,5500.53564453125
5250,6218.12109375
5251,6218.79541015625
5252,5668.41455078125
5253,6574.9130859375
5254,5230.50634765625
5255,6429.7509765625
5256,6385.97705078125
5257,6037.89794921875
5258,6574.9130859375
5259,6429.7509765625
5260,6385.97705078125
5261,5134.505859375
5262,5085.34423828125
5263,6942.83447265625
5264,5892.73583984375
5265,5248.3251953125
5266,5134.505859375
5267,5855.4287109375
5268,5965.24951171875
5269,5392.6806640625
5270,5892.73583984375
5271,5892.73583984375
5272,7104.6396484375
5273,6037.89794921875
5274,5392.6806640625
5275,5716.919921875
5276,5892.73583984375
5277,6574.9130859375
5278,5245.3662109375
5279,6429.7509765625
5280,4831.478515625
5281,6037.89794921875
5282,5134.505859375
5283,5134.505859375
5284,5872.39013671875
5285,5874.662109375
5286,6148.1240234375
5287,8301.2734375
5288,5892.73583984375
5289,6385.97705078125
5290,6218.79541015625
5291,6097.21142578125
5292,6574.9130859375
5293,5392.6806640625
5294,6130.8076171875
5295,5892.73583984375
5296,5727.22802734375
5297,4831.478515625
5298,6429.7509765625
5299,5872.39013671875
5300,5537.8427734375
5301,5241.52197265625
5302,5544.54931640625
5303,5585.3994140625
5304,6019.947265625
5305,5874.662109375
5306,5874.662109375
5307,6574.9130859375
5308,5872.39013671875
5309,5874.662109375
5310,5855.4287109375
5311,6385.97705078125
5312,7153.9072265625
5313,6574.9130859375
5314,6385.97705078125
5315,5943.3212890625
5316,6037.89794921875
5317,5392.6806640625
5318,5245.3662109375
5319,6801.6123046875
5320,6801.6123046875
5321,5537.8427734375
5322,5245.3662109375
5323,4831.478515625
5324,7104.6396484375
5325,5892.73583984375
5326,6175.5927734375
5327,6013.4716796875
5328,6574.9130859375
5329,5230.50634765625
5330,9919.5087890625
5331,7437.5419921875
5332,6748.86083984375
5333,4715.6123046875
5334,5669.5419921875
5335,6942.83447265625
5336,4809.88330078125
5337,11303.4296875
5338,16214.8916015625
5339,5506.3603515625
5340,5392.6806640625
5341,5855.4287109375
5342,5892.73583984375
5343,9672.599609375
5344,5575.26953125
5345,6336.60595703125
5346,0.0
5347,4715.6123046875
5348,6385.97705078125
5349,6336.60595703125
5350,5720.181640625
5351,6148.1240234375
5352,6574.9130859375
5353,5110.02001953125
5354,4831.478515625
5355,5762.28369140625
5356,5262.228515625
5357,4831.478515625
5358,6037.89794921875
5359,5799.5908203125
5360,5492.25439453125
5361,5678.130859375
5362,5299.53564453125
5363,5762.28369140625
5364,6037.89794921875
5365,6363.283203125
5366,7169.302734375
5367,6336.60595703125
5368,6233.7685546875
5369,5575.26953125
5370,5762.28369140625
5371,5634.0830078125
5372,5299.53564453125
5373,5041.36083984375
5374,5537.8427734375
5375,5481.87451171875
5376,7011.49462890625
5377,6037.89794921875
5378,4992.19921875
5379,5284.26123046875
5380,6037.89794921875
5381,5230.50634765625
5382,5635.34423828125
5383,8208.12890625
5384,5872.39013671875
5385,6433.91357421875
5386,5537.8427734375
5387,5492.25439453125
5388,5041.36083984375
5389,5746.20458984375
5390,5413.21533203125
5391,7088.77490234375
5392,6386.251953125
5393,10374.9775390625
5394,8684.7080078125
5395,5744.5361328125
5396,6037.25537109375
5397,5592.32763671875
5398,6447.05908203125
5399,6579.32421875
5400,6020.27001953125
5401,5782.1748046875
5402,6899.83251953125
5403,5885.0361328125
5404,6447.05908203125
5405,5966.6650390625
5406,5782.1748046875
5407,5506.44091796875
5408,5506.44091796875
5409,5744.5361328125
5410,7665.5751953125
5411,7121.94775390625
5412,6447.05908203125
5413,5966.6650390625
5414,5969.18896484375
5415,6447.05908203125
5416,9710.08984375
5417,5744.5361328125
5418,5469.1337890625
5419,6447.05908203125
5420,6037.25537109375
5421,6447.05908203125
5422,5506.44091796875
5423,5592.32763671875
5424,5744.5361328125
5425,5966.6650390625
5426,7473.7294921875
5427,6447.05908203125
5428,6006.49609375
5429,6697.7900390625
5430,11317.681640625
5431,6564.70654296875
5432,6081.87890625
5433,6216.52001953125
5434,6527.3994140625
5435,7005.26953125
5436,5806.4765625
5437,6527.3994140625
5438,6172.59814453125
5439,6518.525390625
5440,5424.69873046875
5441,6491.7080078125
5442,5191.521484375
5443,5231.97998046875
5444,5732.03515625
5445,5249.20751953125
5446,4973.80517578125
5447,5470.0751953125
5448,5231.97998046875
5449,4973.80517578125
5450,5249.20751953125
5451,5877.2119140625
5452,6510.44677734375
5453,6321.5107421875
5454,7185.33544921875
5455,5807.923828125
5456,6510.44677734375
5457,6510.44677734375
5458,5587.05615234375
5459,5311.65380859375
5460,6824.958984375
5461,5798.4072265625
5462,6510.44677734375
5463,6100.64306640625
5464,7185.33544921875
5465,6642.7119140625
5466,7299.62939453125
5467,5262.4921875
5468,6083.65771484375
5469,6510.44677734375
5470,6510.44677734375
5471,6051.81005859375
5472,6298.81689453125
5473,5569.82861328125
5474,6051.81005859375
5475,5569.82861328125
5476,6032.57666015625
5477,5311.65380859375
5478,6642.7119140625
5479,5422.51416015625
5480,7185.33544921875
5481,6510.44677734375
5482,7633.0947265625
5483,5569.82861328125
5484,5532.521484375
5485,6169.30224609375
5486,6298.81689453125
5487,6510.44677734375
5488,8381.96875
5489,5807.923828125
5490,5762.54736328125
5491,6238.375
5492,5931.189453125
5493,6069.8837890625
5494,6510.44677734375
5495,6510.44677734375
5496,6794.08154296875
5497,6510.44677734375
5498,9753.294921875
5499,5569.82861328125
5500,6510.44677734375
5501,6266.982421875
5502,6642.7119140625
5503,5311.65380859375
5504,5807.923828125
5505,6510.44677734375
5506,6030.052734375
5507,5380.31298828125
5508,5655.71533203125
5509,6510.44677734375
5510,5311.65380859375
5511,6030.052734375
5512,5655.787109375
5513,6100.64306640625
5514,5569.82861328125
5515,7185.33544921875
5516,5311.65380859375
5517,5587.05615234375
5518,5807.923828125
5519,7185.33544921875
5520,6238.375
5521,7185.33544921875
5522,5422.51416015625
5523,5380.31298828125
5524,6321.5107421875
5525,6100.64306640625
5526,5569.82861328125
5527,6510.44677734375
5528,6032.57666015625
5529,7728.962890625
5530,5577.53955078125
5531,6321.5107421875
5532,5604.18212890625
5533,6794.08154296875
5534,6321.5107421875
5535,5750.23779296875
5536,5807.923828125
5537,5845.5625
5538,6321.5107421875
5539,6692.17333984375
5540,6903.80322265625
5541,7766.43212890625
5542,6903.80322265625
5543,6903.80322265625
5544,6903.80322265625
5545,7578.69189453125
5546,6903.80322265625
5547,5705.01025390625
5548,6155.90380859375
5549,6201.2802734375
5550,5705.01025390625
5551,6445.16650390625
5552,5705.01025390625
5553,5980.41259765625
5554,7578.69189453125
5555,5963.18505859375
5556,6445.16650390625
5557,6201.2802734375
5558,6714.8671875
5559,6903.80322265625
5560,6206.81787109375
5561,6871.890625
5562,6206.81787109375
5563,5266.19970703125
5564,4958.86328125
5565,6881.70654296875
5566,5008.02490234375
5567,6339.0830078125
5568,5458.91845703125
5569,5766.2548828125
5570,15010.2744140625
5571,5008.02490234375
5572,5504.294921875
5573,8078.34033203125
5574,4958.86328125
5575,5008.02490234375
5576,5504.294921875
5577,6628.7744140625
5578,5366.37548828125
5579,6307.5732421875
5580,5297.71630859375
5581,6055.9462890625
5582,5297.71630859375
5583,5863.90673828125
5584,6055.9462890625
5585,6339.5810546875
5586,8368.0322265625
5587,6055.9462890625
5588,6628.7744140625
5589,5297.71630859375
5590,7171.39794921875
5591,8368.0322265625
5592,6722.55615234375
5593,6496.50927734375
5594,5683.97900390625
5595,5793.986328125
5596,6016.115234375
5597,6018.63916015625
5598,6284.87939453125
5599,6224.4375
5600,5297.71630859375
5601,7075.50341796875
5602,5555.89111328125
5603,5518.583984375
5604,5408.57666015625
5605,6055.9462890625
5606,5555.89111328125
5607,6037.87255859375
5608,5555.89111328125
5609,6307.5732421875
5610,6037.87255859375
5611,6307.5732421875
5612,6496.50927734375
5613,5297.71630859375
5614,5793.986328125
5615,5365.9150390625
5616,6284.87939453125
5617,5555.89111328125
5618,6496.50927734375
5619,5297.71630859375
5620,6496.50927734375
5621,6496.50927734375
5622,5297.71630859375
5623,6016.115234375
5624,5748.60986328125
5625,5555.89111328125
5626,5297.71630859375
5627,6307.5732421875
5628,6055.9462890625
5629,6055.9462890625
5630,6496.50927734375
5631,5573.11865234375
5632,5515.4326171875
5633,6224.4375
5634,5555.89111328125
5635,6418.4111328125
5636,6037.87255859375
5637,6496.50927734375
5638,5297.71630859375
5639,6628.7744140625
5640,6307.5732421875
5641,5573.11865234375
5642,5181.85009765625
5643,6564.41650390625
5644,6086.70556640625
5645,6037.87255859375
5646,5297.71630859375
5647,6496.50927734375
5648,6037.87255859375
5649,6496.50927734375
5650,5910.01025390625
5651,5736.30029296875
5652,6496.50927734375
5653,5831.625
5654,5366.37548828125
5655,6155.36474609375
5656,6069.72021484375
5657,5518.583984375
5658,5366.37548828125
5659,7280.5615234375
5660,5641.849609375
5661,5248.5546875
5662,5997.7109375
5663,5573.11865234375
5664,5795.24755859375
5665,5297.71630859375
5666,6496.50927734375
5667,6055.9462890625
5668,6258.44384765625
5669,6307.5732421875
5670,6253.044921875
5671,5297.71630859375
5672,5573.11865234375
5673,5297.71630859375
5674,7616.31396484375
5675,5555.89111328125
5676,6224.4375
5677,5573.11865234375
5678,5297.71630859375
5679,5555.89111328125
5680,6258.44384765625
5681,5555.89111328125
5682,5555.89111328125
5683,6496.50927734375
5684,5297.71630859375
5685,5831.625
5686,5555.89111328125
5687,7105.5703125
5688,5793.986328125
5689,5248.5546875
5690,6722.55615234375
5691,6037.87255859375
5692,5736.30029296875
5693,6069.72021484375
5694,6016.115234375
5695,8328.98046875
5696,5793.986328125
5697,6496.50927734375
5698,6496.50927734375
5699,6018.63916015625
5700,5555.89111328125
5701,6496.50927734375
5702,5831.625
5703,6284.87939453125
5704,12054.359375
5705,6224.4375
5706,5859.56591796875
5707,5910.01025390625
5708,6496.50927734375
5709,6307.5732421875
5710,6055.9462890625
5711,6496.50927734375
5712,6496.50927734375
5713,5297.71630859375
5714,6307.5732421875
5715,5518.583984375
5716,5248.5546875
5717,5555.89111328125
5718,6037.87255859375
5719,5297.71630859375
5720,6086.70556640625
5721,10321.2255859375
5722,6496.50927734375
5723,6496.50927734375
5724,5910.01025390625
5725,5573.11865234375
5726,6284.87939453125
5727,5858.09033203125
5728,7359.13818359375
5729,6496.50927734375
5730,6496.50927734375
5731,6496.50927734375
5732,7728.962890625
5733,7997.70166015625
5734,6339.5810546875
5735,6939.11279296875
5736,6628.7744140625
5737,7171.39794921875
5738,6307.5732421875
5739,5297.71630859375
5740,5793.986328125
5741,5408.57666015625
5742,5736.30029296875
5743,5297.71630859375
5744,5573.11865234375
5745,6496.50927734375
5746,6496.50927734375
5747,6055.9462890625
5748,5831.625
5749,6018.63916015625
5750,5297.71630859375
5751,6496.50927734375
5752,5366.37548828125
5753,6496.50927734375
5754,6018.63916015625
5755,4956.70263671875
5756,6086.70556640625
5757,5641.849609375
5758,5641.77783203125
5759,6115.259765625
5760,5997.7109375
5761,6055.9462890625
5762,6055.9462890625
5763,6496.50927734375
5764,6482.78857421875
5765,6037.87255859375
5766,5297.71630859375
5767,7171.39794921875
5768,5297.71630859375
5769,7171.39794921875
5770,5917.251953125
5771,6197.56591796875
5772,6496.50927734375
5773,6055.9462890625
5774,5408.57666015625
5775,6496.50927734375
5776,6031.71728515625
5777,6037.87255859375
5778,5555.89111328125
5779,6249.1591796875
5780,5460.169921875
5781,6438.09521484375
5782,5979.45849609375
5783,7112.98388671875
5784,5307.96142578125
5785,5497.47705078125
5786,6249.1591796875
5787,6820.4296875
5788,6139.15185546875
5789,6438.09521484375
5790,5239.30224609375
5791,5583.36376953125
5792,5239.30224609375
5793,5997.5322265625
5794,5190.140625
5795,5690.19580078125
5796,5497.47705078125
5797,5190.140625
5798,6281.1669921875
5799,6438.09521484375
5800,5514.70458984375
5801,6249.1591796875
5802,6721.72998046875
5803,5239.30224609375
5804,6438.09521484375
5805,5497.47705078125
5806,6721.72998046875
5807,5514.70458984375
5808,6438.09521484375
5809,5735.572265625
5810,5690.19580078125
5811,5497.47705078125
5812,6226.46533203125
5813,4291.5009765625
5814,6438.09521484375
5815,6166.0234375
5816,5409.064453125
5817,5690.19580078125
5818,6438.09521484375
5819,5979.45849609375
5820,6438.09521484375
5821,5773.2109375
5822,5497.47705078125
5823,5497.47705078125
5824,6021.81591796875
5825,6166.0234375
5826,6570.3603515625
5827,6438.09521484375
5828,8309.619140625
5829,5735.572265625
5830,5497.47705078125
5831,6438.09521484375
5832,5350.16259765625
5833,6438.09521484375
5834,6028.29150390625
5835,6200.02978515625
5836,6200.02978515625
5837,8309.619140625
5838,5307.96142578125
5839,6372.4248046875
5840,6438.09521484375
5841,6438.09521484375
5842,6570.3603515625
5843,5726.0556640625
5844,5514.70458984375
5845,6200.02978515625
5846,5997.5322265625
5847,5460.169921875
5848,5239.30224609375
5849,5960.22509765625
5850,5497.47705078125
5851,5239.30224609375
5852,6249.1591796875
5853,5979.45849609375
5854,5514.70458984375
5855,6438.09521484375
5856,6822.3154296875
5857,6028.29150390625
5858,5773.2109375
5859,6249.1591796875
5860,6721.72998046875
5861,5979.45849609375
5862,5460.169921875
5863,5960.22509765625
5864,5979.45849609375
5865,5239.30224609375
5866,6249.1591796875
5867,6438.09521484375
5868,6323.591796875
5869,6438.09521484375
5870,5307.96142578125
5871,5239.30224609375
5872,7222.1474609375
5873,5997.5322265625
5874,6028.29150390625
5875,6438.09521484375
5876,5350.16259765625
5877,5858.837890625
5878,5307.96142578125
5879,5497.47705078125
5880,6438.09521484375
5881,6343.6337890625
5882,6166.0234375
5883,7939.28759765625
5884,5979.45849609375
5885,5735.572265625
5886,5514.70458984375
5887,5239.30224609375
5888,6372.68408203125
5889,6166.0234375
5890,6249.1591796875
5891,5997.5322265625
5892,5239.30224609375
5893,5997.5322265625
5894,7188.22607421875
5895,5239.30224609375
5896,5457.0185546875
5897,5239.30224609375
5898,4764.578125
5899,5239.30224609375
5900,5979.45849609375
5901,5960.22509765625
5902,5307.96142578125
5903,6249.1591796875
5904,5239.30224609375
5905,5583.36376953125
5906,6166.0234375
5907,6028.29150390625
5908,5997.5322265625
5909,6438.09521484375
5910,5428.509765625
5911,6166.0234375
5912,6249.1591796875
5913,6028.29150390625
5914,6249.1591796875
5915,5239.30224609375
5916,7047.15625
5917,6249.1591796875
5918,5457.0185546875
5919,6249.1591796875
5920,7441.8798828125
5921,7112.98388671875
5922,6438.09521484375
5923,5979.45849609375
5924,5239.30224609375
5925,7560.7431640625
5926,6166.0234375
5927,5979.45849609375
5928,5735.572265625
5929,7625.3212890625
5930,6455.5771484375
5931,6892.84765625
5932,5955.52197265625
5933,5239.30224609375
5934,5190.140625
5935,5939.296875
5936,6226.46533203125
5937,5190.140625
5938,5583.36376953125
5939,5350.16259765625
5940,6249.1591796875
5941,5939.296875
5942,5735.572265625
5943,6323.591796875
5944,5735.572265625
5945,5735.572265625
5946,6438.09521484375
5947,6876.447265625
5948,5690.19580078125
5949,5735.572265625
5950,6438.09521484375
5951,5939.296875
5952,6438.09521484375
5953,7557.89990234375
5954,5239.30224609375
5955,5690.19580078125
5956,6438.09521484375
5957,5735.572265625
5958,7331.17333984375
5959,5239.30224609375
5960,6249.1591796875
5961,5858.837890625
5962,6048.43310546875
5963,5190.140625
5964,6028.29150390625
5965,6231.255859375
5966,5460.169921875
5967,5735.572265625
5968,6166.0234375
5969,6166.0234375
5970,6946.0087890625
5971,5955.52197265625
5972,6455.5771484375
5973,6946.0087890625
5974,5350.16259765625
5975,5460.169921875
5976,5514.70458984375
5977,11995.9462890625
5978,6362.8603515625
5979,5239.30224609375
5980,6946.0087890625
5981,5239.30224609375
5982,5514.70458984375
5983,5939.296875
5984,5466.25927734375
5985,5735.572265625
5986,5239.30224609375
5987,5190.140625
5988,5307.96142578125
5989,8100.6279296875
5990,7658.0244140625
5991,9354.669921875
5992,6669.716796875
5993,5485.74755859375
5994,5094.0458984375
5995,6297.5126953125
5996,5435.162109375
5997,6220.91259765625
5998,5127.82568359375
5999,5754.25927734375
6000,5754.25927734375
6001,4618.03564453125
6002,4620.08251953125
6003,6051.6298828125
6004,6220.91259765625
6005,5906.4677734375
6006,4765.24462890625
6007,5182.986328125
6008,4620.08251953125
6009,6623.880859375
6010,5906.4677734375
6011,6747.49365234375
6012,6191.490234375
6013,6366.07470703125
6014,5147.93359375
6015,6366.07470703125
6016,4502.26171875
6017,6964.46044921875
6018,6051.6298828125
6019,5533.6162109375
6020,5599.56689453125
6021,5110.86669921875
6022,5110.86669921875
6023,5647.435546875
6024,6616.83642578125
6025,4954.76025390625
6026,5580.32421875
6027,5663.63916015625
6028,6776.11669921875
6029,5485.74755859375
6030,6159.0400390625
6031,5580.32421875
6032,5906.4677734375
6033,5868.07861328125
6034,5802.248046875
6035,5830.98681640625
6036,5615.009765625
6037,6261.37060546875
6038,5397.85498046875
6039,5335.19482421875
6040,6399.0693359375
6041,4954.76025390625
6042,7409.37646484375
6043,6705.3017578125
6044,5182.986328125
6045,6220.91259765625
6046,5094.0458984375
6047,4620.08251953125
6048,6663.51611328125
6049,5930.66357421875
6050,6442.6748046875
6051,6159.0400390625
6052,5647.435546875
6053,5127.82568359375
6054,5829.0595703125
6055,5021.0263671875
6056,5626.416015625
6057,5646.59033203125
6058,6220.91259765625
6059,4868.81787109375
6060,5021.0263671875
6061,6179.39892578125
6062,5021.0263671875
6063,5278.861328125
6064,5342.78125
6065,6159.0400390625
6066,6568.611328125
6067,5231.15576171875
6068,5622.02490234375
6069,5760.171875
6070,5505.587890625
6071,5392.880859375
6072,5646.59033203125
6073,6366.07470703125
6074,6220.91259765625
6075,5802.248046875
6076,6051.6298828125
6077,5734.48291015625
6078,6442.6748046875
6079,5538.04296875
6080,5376.56103515625
6081,6366.07470703125
6082,6220.91259765625
6083,5013.97998046875
6084,5802.248046875
6085,5734.48291015625
6086,4896.1591796875
6087,4982.63720703125
6088,5385.83447265625
6089,5021.0263671875
6090,4868.81787109375
6091,5734.48291015625
6092,5576.62060546875
6093,5203.49560546875
6094,5462.80126953125
6095,4868.81787109375
6096,4868.81787109375
6097,5240.67236328125
6098,5231.15576171875
6099,5734.48291015625
6100,5521.72314453125
6101,6013.8779296875
6102,5505.587890625
6103,5538.04296875
6104,6366.07470703125
6105,5166.1884765625
6106,5802.248046875
6107,5734.48291015625
6108,5342.78125
6109,6159.0400390625
6110,4896.1591796875
6111,6220.91259765625
6112,6051.6298828125
6113,5829.0595703125
6114,6159.0400390625
6115,6220.91259765625
6116,6051.6298828125
6117,4868.81787109375
6118,4750.9970703125
6119,6677.146484375
6120,5683.8974609375
6121,4982.63720703125
6122,4868.81787109375
6123,5646.59033203125
6124,5699.5615234375
6125,5058.33349609375
6126,5683.8974609375
6127,5683.8974609375
6128,6964.46044921875
6129,5829.0595703125
6130,5058.33349609375
6131,5451.23193359375
6132,5683.8974609375
6133,6366.07470703125
6134,4979.67822265625
6135,6013.8779296875
6136,4565.79052734375
6137,5829.0595703125
6138,4868.81787109375
6139,4868.81787109375
6140,5538.04296875
6141,5734.48291015625
6142,5822.49072265625
6143,8161.09375
6144,5683.8974609375
6145,6051.6298828125
6146,5734.48291015625
6147,5771.578125
6148,6366.07470703125
6149,5058.33349609375
6150,5865.11962890625
6151,5683.8974609375
6152,5392.880859375
6153,4565.79052734375
6154,6013.8779296875
6155,5538.04296875
6156,5203.49560546875
6157,4975.833984375
6158,5278.861328125
6159,5376.56103515625
6160,5754.25927734375
6161,5734.48291015625
6162,5734.48291015625
6163,6159.0400390625
6164,5538.04296875
6165,5734.48291015625
6166,5646.59033203125
6167,6051.6298828125
6168,6828.27392578125
6169,6366.07470703125
6170,6051.6298828125
6171,5734.48291015625
6172,5829.0595703125
6173,5058.33349609375
6174,4979.67822265625
6175,6661.43310546875
6176,6661.43310546875
6177,5203.49560546875
6178,4979.67822265625
6179,4565.79052734375
6180,6964.46044921875
6181,5683.8974609375
6182,6172.01806640625
6183,5747.78369140625
6184,6159.0400390625
6185,4896.1591796875
6186,9779.330078125
6187,7111.90869140625
6188,6483.1728515625
6189,4449.92431640625
6190,5335.19482421875
6191,6939.259765625
6192,4484.25
6193,11163.2509765625
6194,16074.712890625
6195,5240.67236328125
6196,5058.33349609375
6197,5646.59033203125
6198,5683.8974609375
6199,9532.419921875
6200,5249.63623046875
6201,6127.767578125
6202,4740.9580078125
6203,4449.92431640625
6204,6051.6298828125
6205,6127.767578125
6206,5385.83447265625
6207,5822.49072265625
6208,6366.07470703125
6209,4775.6728515625
6210,4565.79052734375
6211,5553.4453125
6212,4927.88134765625
6213,4565.79052734375
6214,5829.0595703125
6215,5590.75244140625
6216,5283.416015625
6217,5412.44287109375
6218,4965.1884765625
6219,5553.4453125
6220,5622.02490234375
6221,5947.41015625
6222,6903.61474609375
6223,6127.767578125
6224,5899.42138671875
6225,5249.63623046875
6226,5553.4453125
6227,5299.73583984375
6228,4965.1884765625
6229,4775.6728515625
6230,5203.49560546875
6231,5147.52734375
6232,6871.3154296875
6233,5829.0595703125
6234,4657.85205078125
6235,4868.38818359375
6236,5829.0595703125
6237,4896.1591796875
6238,5369.65625
6239,8067.94873046875
6240,5538.04296875
6241,6168.2255859375
6242,5203.49560546875
6243,5283.416015625
6244,4775.6728515625
6245,5480.5166015625
6246,5147.52734375
6247,6879.9365234375
6248,6051.90478515625
6249,10371.4033203125
6250,8544.529296875
6251,5410.18896484375
6252,5771.5673828125
6253,5257.98046875
6254,6238.220703125
6255,6439.14501953125
6256,5694.63671875
6257,5456.54150390625
6258,6634.14453125
6259,5619.34814453125
6260,6238.220703125
6261,5632.31787109375
6262,5456.54150390625
6263,5172.09375
6264,5172.09375
6265,5410.18896484375
6266,7399.88720703125
6267,6981.7685546875
6268,6238.220703125
6269,5632.31787109375
6270,5760.3505859375
6271,6238.220703125
6272,9569.9111328125
6273,5418.90283203125
6274,5134.78662109375
6275,6238.220703125
6276,5771.5673828125
6277,6238.220703125
6278,5172.09375
6279,5257.98046875
6280,5410.18896484375
6281,5632.31787109375
6282,7208.04150390625
6283,6238.220703125
6284,5797.65771484375
6285,6363.443359375
6286,11177.5029296875
6287,6355.8681640625
6288,5816.19091796875
6289,5950.83203125
6290,6318.56103515625
6291,6796.43115234375
6292,5540.78857421875
6293,6318.56103515625
6294,5963.759765625
6295,6309.68701171875
6296,5215.8603515625
6297,6226.02001953125
6298,4925.83349609375
6299,4897.6328125
6300,5523.19677734375
6301,4983.51953125
6302,4708.1171875
6303,5135.72802734375
6304,4897.6328125
6305,4708.1171875
6306,4983.51953125
6307,5873.63720703125
6308,6301.6083984375
6309,5987.16357421875
6310,7045.15625
6311,5473.57666015625
6312,6301.6083984375
6313,6301.6083984375
6314,5321.3681640625
6315,5045.9658203125
6316,6559.27099609375
6317,5464.06005859375
6318,6301.6083984375
6319,5834.955078125
6320,7045.15625
6321,6502.53271484375
6322,7296.0546875
6323,4928.14501953125
6324,5758.0244140625
6325,6301.6083984375
6326,6301.6083984375
6327,5911.630859375
6328,5882.94384765625
6329,5235.4814453125
6330,5911.630859375
6331,5235.4814453125
6332,5823.73828125
6333,5045.9658203125
6334,6502.53271484375
6335,5156.826171875
6336,7045.15625
6337,6301.6083984375
6338,7367.40673828125
6339,5235.4814453125
6340,5198.17431640625
6341,5834.955078125
6342,5882.94384765625
6343,6301.6083984375
6344,8241.7890625
6345,5473.57666015625
6346,5553.708984375
6347,5972.68701171875
6348,5321.3681640625
6349,5861.04541015625
6350,6301.6083984375
6351,6301.6083984375
6352,6378.20849609375
6353,6301.6083984375
6354,9613.115234375
6355,5235.4814453125
6356,6301.6083984375
6357,6126.80322265625
6358,6502.53271484375
6359,5045.9658203125
6360,5473.57666015625
6361,6094.57373046875
6362,5695.70556640625
6363,5045.9658203125
6364,5321.3681640625
6365,6301.6083984375
6366,5045.9658203125
6367,5695.70556640625
6368,5045.9658203125
6369,5834.955078125
6370,5235.4814453125
6371,7045.15625
6372,5045.9658203125
6373,5321.3681640625
6374,5473.57666015625
6375,7045.15625
6376,5972.68701171875
6377,7045.15625
6378,5156.826171875
6379,5045.9658203125
6380,5987.16357421875
6381,5834.955078125
6382,5235.4814453125
6383,6301.6083984375
6384,5823.73828125
6385,7463.27490234375
6386,5311.8515625
6387,5987.16357421875
6388,5600.607421875
6389,6378.20849609375
6390,5987.16357421875
6391,5415.890625
6392,5473.57666015625
6393,5519.92919921875
6394,5987.16357421875
6395,6276.30029296875
6396,6694.96484375
6397,7440.798828125
6398,6694.96484375
6399,6487.93017578125
6400,6694.96484375
6401,7438.5126953125
6402,6694.96484375
6403,5439.322265625
6404,5947.0654296875
6405,5866.93310546875
6406,5439.322265625
6407,6304.9873046875
6408,5439.322265625
6409,5714.724609375
6410,7438.5126953125
6411,5628.837890625
6412,6304.9873046875
6413,5866.93310546875
6414,6380.52001953125
6415,6694.96484375
6416,5997.9794921875
6417,6731.71142578125
6418,5997.9794921875
6419,4931.8525390625
6420,4624.51611328125
6421,6741.52734375
6422,4742.3369140625
6423,6198.90380859375
6424,5250.080078125
6425,5350.3818359375
6426,14870.095703125
6427,4742.3369140625
6428,5169.94775390625
6429,7938.16064453125
6430,4624.51611328125
6431,4742.3369140625
6432,5169.94775390625
6433,6488.59521484375
6434,5032.0283203125
6435,5973.22607421875
6436,5032.0283203125
6437,5847.10791015625
6438,5032.0283203125
6439,5529.5595703125
6440,5847.10791015625
6441,5923.7080078125
6442,8227.8515625
6443,5847.10791015625
6444,6488.59521484375
6445,5032.0283203125
6446,7031.21875
6447,8227.8515625
6448,6456.8681640625
6449,6080.63623046875
6450,5418.291015625
6451,5459.63916015625
6452,5681.76806640625
6453,5809.80078125
6454,5869.00634765625
6455,5958.74951171875
6456,5032.0283203125
6457,6749.8701171875
6458,5221.5439453125
6459,5184.23681640625
6460,5142.888671875
6461,5847.10791015625
6462,5221.5439453125
6463,5897.693359375
6464,5221.5439453125
6465,5973.22607421875
6466,5897.693359375
6467,5973.22607421875
6468,6287.6708984375
6469,5032.0283203125
6470,5459.63916015625
6471,5225.7353515625
6472,5869.00634765625
6473,5221.5439453125
6474,6287.6708984375
6475,5032.0283203125
6476,6287.6708984375
6477,6287.6708984375
6478,5032.0283203125
6479,5681.76806640625
6480,5539.771484375
6481,5221.5439453125
6482,5032.0283203125
6483,5973.22607421875
6484,5847.10791015625
6485,5847.10791015625
6486,6287.6708984375
6487,5307.4306640625
6488,5249.74462890625
6489,5958.74951171875
6490,5221.5439453125
6491,6414.83642578125
6492,5897.693359375
6493,6287.6708984375
6494,5032.0283203125
6495,6488.59521484375
6496,5973.22607421875
6497,5307.4306640625
6498,4916.162109375
6499,6560.841796875
6500,5821.017578125
6501,5897.693359375
6502,5032.0283203125
6503,6287.6708984375
6504,5897.693359375
6505,6287.6708984375
6506,5906.435546875
6507,5401.953125
6508,6287.6708984375
6509,5505.99169921875
6510,5032.0283203125
6511,5821.017578125
6512,5744.0869140625
6513,5184.23681640625
6514,5032.0283203125
6515,7140.3828125
6516,5032.0283203125
6517,4914.20751953125
6518,5732.02294921875
6519,5307.4306640625
6520,5529.5595703125
6521,5032.0283203125
6522,6287.6708984375
6523,5640.0732421875
6524,6118.2646484375
6525,5973.22607421875
6526,6112.86572265625
6527,5032.0283203125
6528,5307.4306640625
6529,5032.0283203125
6530,7476.134765625
6531,5221.5439453125
6532,5958.74951171875
6533,5307.4306640625
6534,5032.0283203125
6535,5221.5439453125
6536,6118.2646484375
6537,5221.5439453125
6538,5221.5439453125
6539,6287.6708984375
6540,5032.0283203125
6541,5505.99169921875
6542,5221.5439453125
6543,6839.88232421875
6544,5459.63916015625
6545,4914.20751953125
6546,6456.8681640625
6547,5897.693359375
6548,5401.953125
6549,5744.0869140625
6550,5681.76806640625
6551,8188.80078125
6552,5459.63916015625
6553,6287.6708984375
6554,6080.63623046875
6555,5809.80078125
6556,5230.2578125
6557,6287.6708984375
6558,5505.99169921875
6559,5869.00634765625
6560,11914.1806640625
6561,5958.74951171875
6562,5249.74462890625
6563,5644.322265625
6564,6287.6708984375
6565,5973.22607421875
6566,5847.10791015625
6567,6287.6708984375
6568,6287.6708984375
6569,5032.0283203125
6570,5973.22607421875
6571,5184.23681640625
6572,4914.20751953125
6573,5221.5439453125
6574,5897.693359375
6575,5032.0283203125
6576,5821.017578125
6577,10317.650390625
6578,6287.6708984375
6579,6080.63623046875
6580,5644.322265625
6581,5307.4306640625
6582,5869.00634765625
6583,5532.45703125
6584,7033.5048828125
6585,6287.6708984375
6586,6287.6708984375
6587,6287.6708984375
6588,7463.27490234375
6589,7857.521484375
6590,5923.7080078125
6591,6730.2744140625
6592,6488.59521484375
6593,7031.21875
6594,5973.22607421875
6595,5032.0283203125
6596,5459.63916015625
6597,5142.888671875
6598,5401.953125
6599,5032.0283203125
6600,5307.4306640625
6601,6287.6708984375
6602,6287.6708984375
6603,5847.10791015625
6604,5505.99169921875
6605,5809.80078125
6606,5032.0283203125
6607,6287.6708984375
6608,5032.0283203125
6609,6287.6708984375
6610,5809.80078125
6611,4540.82958984375
6612,5821.017578125
6613,5032.0283203125
6614,5307.4306640625
6615,5789.62646484375
6616,5732.02294921875
6617,5847.10791015625
6618,5847.10791015625
6619,6287.6708984375
6620,6342.609375
6621,5897.693359375
6622,5032.0283203125
6623,7031.21875
6624,5032.0283203125
6625,7031.21875
6626,5307.4306640625
6627,5931.8779296875
6628,6080.63623046875
6629,5640.0732421875
6630,5142.888671875
6631,6287.6708984375
6632,5891.5380859375
6633,5897.693359375
6634,5221.5439453125
6635,5914.81201171875
6636,5125.82275390625
6637,6022.22216796875
6638,5839.279296875
6639,6972.8046875
6640,4973.6142578125
6641,5163.1298828125
6642,5914.81201171875
6643,6554.74169921875
6644,5873.4638671875
6645,6229.2568359375
6646,4973.6142578125
6647,5249.0166015625
6648,4973.6142578125
6649,5581.6591796875
6650,4855.79345703125
6651,5481.357421875
6652,5163.1298828125
6653,4855.79345703125
6654,5865.2939453125
6655,6229.2568359375
6656,5249.0166015625
6657,5914.81201171875
6658,6305.85693359375
6659,4973.6142578125
6660,6229.2568359375
6661,5163.1298828125
6662,6305.85693359375
6663,5249.0166015625
6664,6229.2568359375
6665,5401.22509765625
6666,5481.357421875
6667,5163.1298828125
6668,5810.59228515625
6669,3965.868896484375
6670,6229.2568359375
6671,5900.33544921875
6672,5268.8857421875
6673,5481.357421875
6674,6229.2568359375
6675,5839.279296875
6676,6229.2568359375
6677,5447.57763671875
6678,5163.1298828125
6679,5163.1298828125
6680,5756.1279296875
6681,5900.33544921875
6682,6430.18115234375
6683,6229.2568359375
6684,8169.43798828125
6685,5401.22509765625
6686,5163.1298828125
6687,6229.2568359375
6688,5084.474609375
6689,6229.2568359375
6690,5762.603515625
6691,6059.8505859375
6692,6059.8505859375
6693,8169.43798828125
6694,4973.6142578125
6695,5762.603515625
6696,6022.22216796875
6697,6229.2568359375
6698,6430.18115234375
6699,5391.70849609375
6700,5249.0166015625
6701,6059.8505859375
6702,5788.69384765625
6703,5125.82275390625
6704,4973.6142578125
6705,5751.38671875
6706,5163.1298828125
6707,4973.6142578125
6708,5914.81201171875
6709,5839.279296875
6710,5249.0166015625
6711,6229.2568359375
6712,6682.13623046875
6713,5762.603515625
6714,5447.57763671875
6715,5914.81201171875
6716,6305.85693359375
6717,5839.279296875
6718,5125.82275390625
6719,5751.38671875
6720,5839.279296875
6721,4973.6142578125
6722,5914.81201171875
6723,6022.22216796875
6724,5839.279296875
6725,6229.2568359375
6726,4973.6142578125
6727,4973.6142578125
6728,7081.96875
6729,5788.69384765625
6730,5762.603515625
6731,6229.2568359375
6732,5084.474609375
6733,5249.0166015625
6734,4973.6142578125
6735,5163.1298828125
6736,6229.2568359375
6737,6203.45458984375
6738,5900.33544921875
6739,7799.107421875
6740,5839.279296875
6741,5401.22509765625
6742,5249.0166015625
6743,4973.6142578125
6744,6106.99609375
6745,5900.33544921875
6746,5914.81201171875
6747,5788.69384765625
6748,4973.6142578125
6749,5788.69384765625
6750,7184.6513671875
6751,4973.6142578125
6752,5191.33056640625
6753,4973.6142578125
6754,4624.3984375
6755,4973.6142578125
6756,5839.279296875
6757,5751.38671875
6758,4973.6142578125
6759,5914.81201171875
6760,4973.6142578125
6761,5249.0166015625
6762,5900.33544921875
6763,5762.603515625
6764,5788.69384765625
6765,6229.2568359375
6766,5288.3310546875
6767,5900.33544921875
6768,5914.81201171875
6769,5762.603515625
6770,5914.81201171875
6771,4973.6142578125
6772,6781.46826171875
6773,5914.81201171875
6774,5191.33056640625
6775,5914.81201171875
6776,7301.70068359375
6777,6972.8046875
6778,6229.2568359375
6779,5839.279296875
6780,4973.6142578125
6781,7295.05517578125
6782,5900.33544921875
6783,5839.279296875
6784,5401.22509765625
6785,7485.14208984375
6786,6039.7041015625
6787,6889.27294921875
6788,5621.1748046875
6789,4973.6142578125
6790,4855.79345703125
6791,5673.60888671875
6792,5810.59228515625
6793,4855.79345703125
6794,5249.0166015625
6795,5084.474609375
6796,5923.52587890625
6797,5673.60888671875
6798,5401.22509765625
6799,5839.279296875
6800,5409.93896484375
6801,5401.22509765625
6802,6229.2568359375
6803,6610.75927734375
6804,5481.357421875
6805,5401.22509765625
6806,6229.2568359375
6807,5673.60888671875
6808,6229.2568359375
6809,7417.720703125
6810,4973.6142578125
6811,5481.357421875
6812,6229.2568359375
6813,5401.22509765625
6814,7190.994140625
6815,4973.6142578125
6816,5914.81201171875
6817,5249.0166015625
6818,6044.8583984375
6819,4855.79345703125
6820,5762.603515625
6821,5905.62255859375
6822,5125.82275390625
6823,5401.22509765625
6824,5900.33544921875
6825,5900.33544921875
6826,6737.17041015625
6827,5621.1748046875
6828,6246.73876953125
6829,6737.17041015625
6830,5084.474609375
6831,5125.82275390625
6832,5249.0166015625
6833,11855.767578125
6834,6097.17236328125
6835,4973.6142578125
6836,6737.17041015625
6837,4973.6142578125
6838,5249.0166015625
6839,5673.60888671875
6840,5200.5712890625
6841,5401.22509765625
6842,4973.6142578125
6843,4855.79345703125
6844,4973.6142578125
6845,7891.78955078125
6846,7449.18603515625
6847,8192.734375
6848,6335.36962890625
6849,5485.74755859375
6850,5094.0458984375
6851,6297.5126953125
6852,5435.162109375
6853,6220.91259765625
6854,5127.82568359375
6855,5754.25927734375
6856,5754.25927734375
6857,4618.03564453125
6858,4620.08251953125
6859,6051.6298828125
6860,6220.91259765625
6861,5906.4677734375
6862,4765.24462890625
6863,5182.986328125
6864,4620.08251953125
6865,6623.880859375
6866,5906.4677734375
6867,6747.49365234375
6868,6191.490234375
6869,6366.07470703125
6870,5147.93359375
6871,6366.07470703125
6872,4502.26171875
6873,6964.46044921875
6874,6051.6298828125
6875,5533.6162109375
6876,5599.56689453125
6877,5110.86669921875
6878,5110.86669921875
6879,5647.435546875
6880,6616.83642578125
6881,4954.76025390625
6882,5580.32421875
6883,5663.63916015625
6884,6776.11669921875
6885,5485.74755859375
6886,6159.0400390625
6887,5580.32421875
6888,5906.4677734375
6889,5868.07861328125
6890,5802.248046875
6891,5830.98681640625
6892,5615.009765625
6893,6261.37060546875
6894,5397.85498046875
6895,5335.19482421875
6896,6399.0693359375
6897,4954.76025390625
6898,7409.37646484375
6899,6705.3017578125
6900,5182.986328125
6901,6220.91259765625
6902,5094.0458984375
6903,4620.08251953125
6904,6663.51611328125
6905,5930.66357421875
6906,6442.6748046875
6907,6159.0400390625
6908,5647.435546875
6909,5127.82568359375
6910,5829.0595703125
6911,5021.0263671875
6912,5626.416015625
6913,5646.59033203125
6914,6220.91259765625
6915,4868.81787109375
6916,5021.0263671875
6917,6179.39892578125
6918,5021.0263671875
6919,5278.861328125
6920,5342.78125
6921,6159.0400390625
6922,6568.611328125
6923,5231.15576171875
6924,5622.02490234375
6925,5760.171875
6926,5505.587890625
6927,5392.880859375
6928,5646.59033203125
6929,6366.07470703125
6930,6220.91259765625
6931,5802.248046875
6932,6051.6298828125
6933,5734.48291015625
6934,6442.6748046875
6935,5538.04296875
6936,5376.56103515625
6937,6366.07470703125
6938,6220.91259765625
6939,5013.97998046875
6940,5802.248046875
6941,5734.48291015625
6942,4896.1591796875
6943,4982.63720703125
6944,5385.83447265625
6945,5021.0263671875
6946,4868.81787109375
6947,5734.48291015625
6948,5576.62060546875
6949,5203.49560546875
6950,5462.80126953125
6951,4868.81787109375
6952,4868.81787109375
6953,5240.67236328125
6954,5231.15576171875
6955,5734.48291015625
6956,5521.72314453125
6957,6013.8779296875
6958,5505.587890625
6959,5538.04296875
6960,6366.07470703125
6961,5166.1884765625
6962,5802.248046875
6963,5734.48291015625
6964,5342.78125
6965,6159.0400390625
6966,4896.1591796875
6967,6220.91259765625
6968,6051.6298828125
6969,5829.0595703125
6970,6159.0400390625
6971,6220.91259765625
6972,6051.6298828125
6973,4868.81787109375
6974,4750.9970703125
6975,6677.146484375
6976,5683.8974609375
6977,4982.63720703125
6978,4868.81787109375
6979,5646.59033203125
6980,5699.5615234375
6981,5058.33349609375
6982,5683.8974609375
6983,5683.8974609375
6984,6964.46044921875
6985,5829.0595703125
6986,5058.33349609375
6987,5451.23193359375
6988,5683.8974609375
6989,6366.07470703125
6990,4979.67822265625
6991,6013.8779296875
6992,4565.79052734375
6993,5829.0595703125
6994,4868.81787109375
6995,4868.81787109375
6996,5538.04296875
6997,5734.48291015625
6998,5822.49072265625
6999,8161.09375
7000,5683.8974609375
7001,6051.6298828125
7002,5734.48291015625
7003,5771.578125
7004,6366.07470703125
7005,5058.33349609375
7006,5865.11962890625
7007,5683.8974609375
7008,5392.880859375
7009,4565.79052734375
7010,6013.8779296875
7011,5538.04296875
7012,5203.49560546875
7013,4975.833984375
7014,5278.861328125
7015,5376.56103515625
7016,5754.25927734375
7017,5734.48291015625
7018,5734.48291015625
7019,6159.0400390625
7020,5538.04296875
7021,5734.48291015625
7022,5646.59033203125
7023,6051.6298828125
7024,6828.27392578125
7025,6366.07470703125
7026,6051.6298828125
7027,5734.48291015625
7028,5829.0595703125
7029,5058.33349609375
7030,4979.67822265625
7031,6661.43310546875
7032,6661.43310546875
7033,5203.49560546875
7034,4979.67822265625
7035,4565.79052734375
7036,6964.46044921875
7037,5683.8974609375
7038,6172.01806640625
7039,5747.78369140625
7040,6159.0400390625
7041,4896.1591796875
7042,9779.330078125
7043,7111.90869140625
7044,6483.1728515625
7045,4449.92431640625
7046,5335.19482421875
7047,6939.259765625
7048,4484.25
7049,11163.2509765625
7050,16074.712890625
7051,5240.67236328125
7052,5058.33349609375
7053,5646.59033203125
7054,5683.8974609375
7055,9532.419921875
7056,5249.63623046875
7057,6127.767578125
7058,0.0
7059,4449.92431640625
7060,6051.6298828125
7061,6127.767578125
7062,5385.83447265625
7063,5822.49072265625
7064,6366.07470703125
7065,4775.6728515625
7066,4565.79052734375
7067,5553.4453125
7068,4927.88134765625
7069,4565.79052734375
7070,5829.0595703125
7071,5590.75244140625
7072,5283.416015625
7073,5412.44287109375
7074,4965.1884765625
7075,5553.4453125
7076,5622.02490234375
7077,5947.41015625
7078,6903.61474609375
7079,6127.767578125
7080,5899.42138671875
7081,5249.63623046875
7082,5553.4453125
7083,5299.73583984375
7084,4965.1884765625
7085,4775.6728515625
7086,5203.49560546875
7087,5147.52734375
7088,6871.3154296875
7089,5829.0595703125
7090,4657.85205078125
7091,4868.38818359375
7092,5829.0595703125
7093,4896.1591796875
7094,5369.65625
7095,8067.94873046875
7096,5538.04296875
7097,6168.2255859375
7098,5203.49560546875
7099,5283.416015625
7100,4775.6728515625
7101,5480.5166015625
7102,5147.52734375
7103,6879.9365234375
7104,6051.90478515625
7105,10371.4033203125
7106,8544.529296875
7107,5410.18896484375
7108,5771.5673828125
7109,5257.98046875
7110,6238.220703125
7111,6439.14501953125
7112,5694.63671875
7113,5456.54150390625
7114,6634.14453125
7115,5619.34814453125
7116,6238.220703125
7117,5632.31787109375
7118,5456.54150390625
7119,5172.09375
7120,5172.09375
7121,5410.18896484375
7122,7399.88720703125
7123,6981.7685546875
7124,6238.220703125
7125,5632.31787109375
7126,5760.3505859375
7127,6238.220703125
7128,9569.9111328125
7129,5418.90283203125
7130,5134.78662109375
7131,6238.220703125
7132,5771.5673828125
7133,6238.220703125
7134,5172.09375
7135,5257.98046875
7136,5410.18896484375
7137,5632.31787109375
7138,7208.04150390625
7139,6238.220703125
7140,5797.65771484375
7141,6363.443359375
7142,11177.5029296875
7143,6355.8681640625
7144,5816.19091796875
7145,5950.83203125
7146,6318.56103515625
7147,6796.43115234375
7148,5540.78857421875
7149,6318.56103515625
7150,5963.759765625
7151,6309.68701171875
7152,5215.8603515625
7153,6226.02001953125
7154,4925.83349609375
7155,4897.6328125
7156,5523.19677734375
7157,4983.51953125
7158,4708.1171875
7159,5135.72802734375
7160,4897.6328125
7161,4708.1171875
7162,4983.51953125
7163,5873.63720703125
7164,6301.6083984375
7165,5987.16357421875
7166,7045.15625
7167,5473.57666015625
7168,6301.6083984375
7169,6301.6083984375
7170,5321.3681640625
7171,5045.9658203125
7172,6559.27099609375
7173,5464.06005859375
7174,6301.6083984375
7175,5834.955078125
7176,7045.15625
7177,6502.53271484375
7178,7296.0546875
7179,4928.14501953125
7180,5758.0244140625
7181,6301.6083984375
7182,6301.6083984375
7183,5911.630859375
7184,5882.94384765625
7185,5235.4814453125
7186,5911.630859375
7187,5235.4814453125
7188,5823.73828125
7189,5045.9658203125
7190,6502.53271484375
7191,5156.826171875
7192,7045.15625
7193,6301.6083984375
7194,7367.40673828125
7195,5235.4814453125
7196,5198.17431640625
7197,5834.955078125
7198,5882.94384765625
7199,6301.6083984375
7200,8241.7890625
7201,5473.57666015625
7202,5553.708984375
7203,5972.68701171875
7204,5321.3681640625
7205,5861.04541015625
7206,6301.6083984375
7207,6301.6083984375
7208,6378.20849609375
7209,6301.6083984375
7210,9613.115234375
7211,5235.4814453125
7212,6301.6083984375
7213,6126.80322265625
7214,6502.53271484375
7215,5045.9658203125
7216,5473.57666015625
7217,6094.57373046875
7218,5695.70556640625
7219,5045.9658203125
7220,5321.3681640625
7221,6301.6083984375
7222,5045.9658203125
7223,5695.70556640625
7224,5045.9658203125
7225,5834.955078125
7226,5235.4814453125
7227,7045.15625
7228,5045.9658203125
7229,5321.3681640625
7230,5473.57666015625
7231,7045.15625
7232,5972.68701171875
7233,7045.15625
7234,5156.826171875
7235,5045.9658203125
7236,5987.16357421875
7237,5834.955078125
7238,5235.4814453125
7239,6301.6083984375
7240,5823.73828125
7241,7463.27490234375
7242,5311.8515625
7243,5987.16357421875
7244,5600.607421875
7245,6378.20849609375
7246,5987.16357421875
7247,5415.890625
7248,5473.57666015625
7249,5519.92919921875
7250,5987.16357421875
7251,6276.30029296875
7252,6694.96484375
7253,7440.798828125
7254,6694.96484375
7255,6487.93017578125
7256,6694.96484375
7257,7438.5126953125
7258,6694.96484375
7259,5439.322265625
7260,5947.0654296875
7261,5866.93310546875
7262,5439.322265625
7263,6304.9873046875
7264,5439.322265625
7265,5714.724609375
7266,7438.5126953125
7267,5628.837890625
7268,6304.9873046875
7269,5866.93310546875
7270,6380.52001953125
7271,6694.96484375
7272,5997.9794921875
7273,6731.71142578125
7274,5997.9794921875
7275,4931.8525390625
7276,4624.51611328125
7277,6741.52734375
7278,4742.3369140625
7279,6198.90380859375
7280,5250.080078125
7281,5350.3818359375
7282,14870.095703125
7283,4742.3369140625
7284,5169.94775390625
7285,7938.16064453125
7286,4624.51611328125
7287,4742.3369140625
7288,5169.94775390625
7289,6488.59521484375
7290,5032.0283203125
7291,5973.22607421875
7292,5032.0283203125
7293,5847.10791015625
7294,5032.0283203125
7295,5529.5595703125
7296,5847.10791015625
7297,5923.7080078125
7298,8227.8515625
7299,5847.10791015625
7300,6488.59521484375
7301,5032.0283203125
7302,7031.21875
7303,8227.8515625
7304,6456.8681640625
7305,6080.63623046875
7306,5418.291015625
7307,5459.63916015625
7308,5681.76806640625
7309,5809.80078125
7310,5869.00634765625
7311,5958.74951171875
7312,5032.0283203125
7313,6749.8701171875
7314,5221.5439453125
7315,5184.23681640625
7316,5142.888671875
7317,5847.10791015625
7318,5221.5439453125
7319,5897.693359375
7320,5221.5439453125
7321,5973.22607421875
7322,5897.693359375
7323,5973.22607421875
7324,6287.6708984375
7325,5032.0283203125
7326,5459.63916015625
7327,5225.7353515625
7328,5869.00634765625
7329,5221.5439453125
7330,6287.6708984375
7331,5032.0283203125
7332,6287.6708984375
7333,6287.6708984375
7334,5032.0283203125
7335,5681.76806640625
7336,5539.771484375
7337,5221.5439453125
7338,5032.0283203125
7339,5973.22607421875
7340,5847.10791015625
7341,5847.10791015625
7342,6287.6708984375
7343,5307.4306640625
7344,5249.74462890625
7345,5958.74951171875
7346,5221.5439453125
7347,6414.83642578125
7348,5897.693359375
7349,6287.6708984375
7350,5032.0283203125
7351,6488.59521484375
7352,5973.22607421875
7353,5307.4306640625
7354,4916.162109375
7355,6560.841796875
7356,5821.017578125
7357,5897.693359375
7358,5032.0283203125
7359,6287.6708984375
7360,5897.693359375
7361,6287.6708984375
7362,5906.435546875
7363,5401.953125
7364,6287.6708984375
7365,5505.99169921875
7366,5032.0283203125
7367,5821.017578125
7368,5744.0869140625
7369,5184.23681640625
7370,5032.0283203125
7371,7140.3828125
7372,5032.0283203125
7373,4914.20751953125
7374,5732.02294921875
7375,5307.4306640625
7376,5529.5595703125
7377,5032.0283203125
7378,6287.6708984375
7379,5640.0732421875
7380,6118.2646484375
7381,5973.22607421875
7382,6112.86572265625
7383,5032.0283203125
7384,5307.4306640625
7385,5032.0283203125
7386,7476.134765625
7387,5221.5439453125
7388,5958.74951171875
7389,5307.4306640625
7390,5032.0283203125
7391,5221.5439453125
7392,6118.2646484375
7393,5221.5439453125
7394,5221.5439453125
7395,6287.6708984375
7396,5032.0283203125
7397,5505.99169921875
7398,5221.5439453125
7399,6839.88232421875
7400,5459.63916015625
7401,4914.20751953125
7402,6456.8681640625
7403,5897.693359375
7404,5401.953125
7405,5744.0869140625
7406,5681.76806640625
7407,8188.80078125
7408,5459.63916015625
7409,6287.6708984375
7410,6080.63623046875
7411,5809.80078125
7412,5230.2578125
7413,6287.6708984375
7414,5505.99169921875
7415,5869.00634765625
7416,11914.1806640625
7417,5958.74951171875
7418,5249.74462890625
7419,5644.322265625
7420,6287.6708984375
7421,5973.22607421875
7422,5847.10791015625
7423,6287.6708984375
7424,6287.6708984375
7425,5032.0283203125
7426,5973.22607421875
7427,5184.23681640625
7428,4914.20751953125
7429,5221.5439453125
7430,5897.693359375
7431,5032.0283203125
7432,5821.017578125
7433,10317.650390625
7434,6287.6708984375
7435,6080.63623046875
7436,5644.322265625
7437,5307.4306640625
7438,5869.00634765625
7439,5532.45703125
7440,7033.5048828125
7441,6287.6708984375
7442,6287.6708984375
7443,6287.6708984375
7444,7463.27490234375
7445,7857.521484375
7446,5923.7080078125
7447,6730.2744140625
7448,6488.59521484375
7449,7031.21875
7450,5973.22607421875
7451,5032.0283203125
7452,5459.63916015625
7453,5142.888671875
7454,5401.953125
7455,5032.0283203125
7456,5307.4306640625
7457,6287.6708984375
7458,6287.6708984375
7459,5847.10791015625
7460,5505.99169921875
7461,5809.80078125
7462,5032.0283203125
7463,6287.6708984375
7464,5032.0283203125
7465,6287.6708984375
7466,5809.80078125
7467,4540.82958984375
7468,5821.017578125
7469,5032.0283203125
7470,5307.4306640625
7471,5789.62646484375
7472,5732.02294921875
7473,5847.10791015625
7474,5847.10791015625
7475,6287.6708984375
7476,6342.609375
7477,5897.693359375
7478,5032.0283203125
7479,7031.21875
7480,5032.0283203125
7481,7031.21875
7482,5307.4306640625
7483,5931.8779296875
7484,6080.63623046875
7485,5640.0732421875
7486,5142.888671875
7487,6287.6708984375
7488,5891.5380859375
7489,5897.693359375
7490,5221.5439453125
7491,5914.81201171875
7492,5125.82275390625
7493,6022.22216796875
7494,5839.279296875
7495,6972.8046875
7496,4973.6142578125
7497,5163.1298828125
7498,5914.81201171875
7499,6554.74169921875
7500,5873.4638671875
7501,6229.2568359375
7502,4973.6142578125
7503,5249.0166015625
7504,4973.6142578125
7505,5581.6591796875
7506,4855.79345703125
7507,5481.357421875
7508,5163.1298828125
7509,4855.79345703125
7510,5865.2939453125
7511,6229.2568359375
7512,5249.0166015625
7513,5914.81201171875
7514,6305.85693359375
7515,4973.6142578125
7516,6229.2568359375
7517,5163.1298828125
7518,6305.85693359375
7519,5249.0166015625
7520,6229.2568359375
7521,5401.22509765625
7522,5481.357421875
7523,5163.1298828125
7524,5810.59228515625
7525,3965.868896484375
7526,6229.2568359375
7527,5900.33544921875
7528,5268.8857421875
7529,5481.357421875
7530,6229.2568359375
7531,5839.279296875
7532,6229.2568359375
7533,5447.57763671875
7534,5163.1298828125
7535,5163.1298828125
7536,5756.1279296875
7537,5900.33544921875
7538,6430.18115234375
7539,6229.2568359375
7540,8169.43798828125
7541,5401.22509765625
7542,5163.1298828125
7543,6229.2568359375
7544,5084.474609375
7545,6229.2568359375
7546,5762.603515625
7547,6059.8505859375
7548,6059.8505859375
7549,8169.43798828125
7550,4973.6142578125
7551,5762.603515625
7552,6022.22216796875
7553,6229.2568359375
7554,6430.18115234375
7555,5391.70849609375
7556,5249.0166015625
7557,6059.8505859375
7558,5788.69384765625
7559,5125.82275390625
7560,4973.6142578125
7561,5751.38671875
7562,5163.1298828125
7563,4973.6142578125
7564,5914.81201171875
7565,5839.279296875
7566,5249.0166015625
7567,6229.2568359375
7568,6682.13623046875
7569,5762.603515625
7570,5447.57763671875
7571,5914.81201171875
7572,6305.85693359375
7573,5839.279296875
7574,5125.82275390625
7575,5751.38671875
7576,5839.279296875
7577,4973.6142578125
7578,5914.81201171875
7579,6022.22216796875
7580,5839.279296875
7581,6229.2568359375
7582,4973.6142578125
7583,4973.6142578125
7584,7081.96875
7585,5788.69384765625
7586,5762.603515625
7587,6229.2568359375
7588,5084.474609375
7589,5249.0166015625
7590,4973.6142578125
7591,5163.1298828125
7592,6229.2568359375
7593,6203.45458984375
7594,5900.33544921875
7595,7799.107421875
7596,5839.279296875
7597,5401.22509765625
7598,5249.0166015625
7599,4973.6142578125
7600,6106.99609375
7601,5900.33544921875
7602,5914.81201171875
7603,5788.69384765625
7604,4973.6142578125
7605,5788.69384765625
7606,7184.6513671875
7607,4973.6142578125
7608,5191.33056640625
7609,4973.6142578125
7610,4624.3984375
7611,4973.6142578125
7612,5839.279296875
7613,5751.38671875
7614,4973.6142578125
7615,5914.81201171875
7616,4973.6142578125
7617,5249.0166015625
7618,5900.33544921875
7619,5762.603515625
7620,5788.69384765625
7621,6229.2568359375
7622,5288.3310546875
7623,5900.33544921875
7624,5914.81201171875
7625,5762.603515625
7626,5914.81201171875
7627,4973.6142578125
7628,6781.46826171875
7629,5914.81201171875
7630,5191.33056640625
7631,5914.81201171875
7632,7301.70068359375
7633,6972.8046875
7634,6229.2568359375
7635,5839.279296875
7636,4973.6142578125
7637,7295.05517578125
7638,5900.33544921875
7639,5839.279296875
7640,5401.22509765625
7641,7485.14208984375
7642,6039.7041015625
7643,6889.27294921875
7644,5621.1748046875
7645,4973.6142578125
7646,4855.79345703125
7647,5673.60888671875
7648,5810.59228515625
7649,4855.79345703125
7650,5249.0166015625
7651,5084.474609375
7652,5923.52587890625
7653,5673.60888671875
7654,5401.22509765625
7655,5839.279296875
7656,5409.93896484375
7657,5401.22509765625
7658,6229.2568359375
7659,6610.75927734375
7660,5481.357421875
7661,5401.22509765625
7662,6229.2568359375
7663,5673.60888671875
7664,6229.2568359375
7665,7417.720703125
7666,4973.6142578125
7667,5481.357421875
7668,6229.2568359375
7669,5401.22509765625
7670,7190.994140625
7671,4973.6142578125
7672,5914.81201171875
7673,5249.0166015625
7674,6044.8583984375
7675,4855.79345703125
7676,5762.603515625
7677,5905.62255859375
7678,5125.82275390625
7679,5401.22509765625
7680,5900.33544921875
7681,5900.33544921875
7682,6737.17041015625
7683,5621.1748046875
7684,6246.73876953125
7685,6737.17041015625
7686,5084.474609375
7687,5125.82275390625
7688,5249.0166015625
7689,11855.767578125
7690,6097.17236328125
7691,4973.6142578125
7692,6737.17041015625
7693,4973.6142578125
7694,5249.0166015625
7695,5673.60888671875
7696,5200.5712890625
7697,5401.22509765625
7698,4973.6142578125
7699,4855.79345703125
7700,4973.6142578125
7701,7891.78955078125
7702,7449.18603515625
7703,8192.734375
7704,6335.36962890625
7705,5485.74755859375
7706,5094.0458984375
7707,6297.5126953125
7708,5435.162109375
7709,6220.91259765625
7710,5127.82568359375
7711,5754.25927734375
7712,5754.25927734375
7713,4618.03564453125
7714,4620.08251953125
7715,6051.6298828125
7716,6220.91259765625
7717,5906.4677734375
7718,4765.24462890625
7719,5182.986328125
7720,4620.08251953125
7721,6623.880859375
7722,5906.4677734375
7723,6747.49365234375
7724,6191.490234375
7725,6366.07470703125
7726,5147.93359375
7727,6366.07470703125
7728,4502.26171875
7729,6964.46044921875
7730,6051.6298828125
7731,5533.6162109375
7732,5599.56689453125
7733,5110.86669921875
7734,5110.86669921875
7735,5647.435546875
7736,6616.83642578125
7737,4954.76025390625
7738,5580.32421875
7739,5663.63916015625
7740,6776.11669921875
7741,5485.74755859375
7742,6159.0400390625
7743,5580.32421875
7744,5906.4677734375
7745,5868.07861328125
7746,5802.248046875
7747,5830.98681640625
7748,5615.009765625
7749,6261.37060546875
7750,5397.85498046875
7751,5335.19482421875
7752,6399.0693359375
7753,4954.76025390625
7754,7409.37646484375
7755,6705.3017578125
7756,5182.986328125
7757,6220.91259765625
7758,5094.0458984375
7759,4620.08251953125
7760,6663.51611328125
7761,5930.66357421875
7762,6442.6748046875
7763,6159.0400390625
7764,5647.435546875
7765,5127.82568359375
7766,5829.0595703125
7767,5021.0263671875
7768,5626.416015625
7769,5646.59033203125
7770,6220.91259765625
7771,4868.81787109375
7772,5021.0263671875
7773,6179.39892578125
7774,5021.0263671875
7775,5278.861328125
7776,5342.78125
7777,6159.0400390625
7778,6568.611328125
7779,5231.15576171875
7780,5622.02490234375
7781,5760.171875
7782,5505.587890625
7783,5392.880859375
7784,5646.59033203125
7785,6366.07470703125
7786,6220.91259765625
7787,5802.248046875
7788,6051.6298828125
7789,5734.48291015625
7790,6442.6748046875
7791,5538.04296875
7792,5376.56103515625
7793,6366.07470703125
7794,6220.91259765625
7795,5013.97998046875
7796,5802.248046875
7797,5734.48291015625
7798,4896.1591796875
7799,4982.63720703125
7800,5385.83447265625
7801,5021.0263671875
7802,4868.81787109375
7803,5734.48291015625
7804,5576.62060546875
7805,5203.49560546875
7806,5462.80126953125
7807,4868.81787109375
7808,4868.81787109375
7809,5240.67236328125
7810,5231.15576171875
7811,5734.48291015625
7812,5521.72314453125
7813,6013.8779296875
7814,5505.587890625
7815,5538.04296875
7816,6366.07470703125
7817,5166.1884765625
7818,5802.248046875
7819,5734.48291015625
7820,5342.78125
7821,6159.0400390625
7822,4896.1591796875
7823,6220.91259765625
7824,6051.6298828125
7825,5829.0595703125
7826,6159.0400390625
7827,6220.91259765625
7828,6051.6298828125
7829,4868.81787109375
7830,4750.9970703125
7831,6677.146484375
7832,5683.8974609375
7833,4982.63720703125
7834,4868.81787109375
7835,5646.59033203125
7836,5699.5615234375
7837,5058.33349609375
7838,5683.8974609375
7839,5683.8974609375
7840,6964.46044921875
7841,5829.0595703125
7842,5058.33349609375
7843,5451.23193359375
7844,5683.8974609375
7845,6366.07470703125
7846,4979.67822265625
7847,6013.8779296875
7848,4565.79052734375
7849,5829.0595703125
7850,4868.81787109375
7851,4868.81787109375
7852,5538.04296875
7853,5734.48291015625
7854,5822.49072265625
7855,8161.09375
7856,5683.8974609375
7857,6051.6298828125
7858,5734.48291015625
7859,5771.578125
7860,6366.07470703125
7861,5058.33349609375
7862,5865.11962890625
7863,5683.8974609375
7864,5392.880859375
7865,4565.79052734375
7866,6013.8779296875
7867,5538.04296875
7868,5203.49560546875
7869,4975.833984375
7870,5278.861328125
7871,5376.56103515625
7872,5754.25927734375
7873,5734.48291015625
7874,5734.48291015625
7875,6159.0400390625
7876,5538.04296875
7877,5734.48291015625
7878,5646.59033203125
7879,6051.6298828125
7880,6828.27392578125
7881,6366.07470703125
7882,6051.6298828125
7883,5734.48291015625
7884,5829.0595703125
7885,5058.33349609375
7886,4979.67822265625
7887,6661.43310546875
7888,6661.43310546875
7889,5203.49560546875
7890,4979.67822265625
7891,4565.79052734375
7892,6964.46044921875
7893,5683.8974609375
7894,6172.01806640625
7895,5747.78369140625
7896,6159.0400390625
7897,4896.1591796875
7898,9779.330078125
7899,7111.90869140625
7900,6483.1728515625
7901,4449.92431640625
7902,5335.19482421875
7903,6939.259765625
7904,4484.25
7905,11163.2509765625
7906,16074.712890625
7907,5240.67236328125
7908,5058.33349609375
7909,5646.59033203125
7910,5683.8974609375
7911,9532.419921875
7912,5249.63623046875
7913,6127.767578125
7914,0.0
7915,4449.92431640625
7916,6051.6298828125
7917,6127.767578125
7918,5385.83447265625
7919,5822.49072265625
7920,6366.07470703125
7921,4775.6728515625
7922,4565.79052734375
7923,5553.4453125
7924,4927.88134765625
7925,4565.79052734375
7926,5829.0595703125
7927,5590.75244140625
7928,5283.416015625
7929,5412.44287109375
7930,4965.1884765625
7931,5553.4453125
7932,5622.02490234375
7933,5947.41015625
7934,6903.61474609375
7935,6127.767578125
7936,5899.42138671875
7937,5249.63623046875
7938,5553.4453125
7939,5299.73583984375
7940,4965.1884765625
7941,4775.6728515625
7942,5203.49560546875
7943,5147.52734375
7944,6871.3154296875
7945,5829.0595703125
7946,4657.85205078125
7947,4868.38818359375
7948,5829.0595703125
7949,4896.1591796875
7950,5369.65625
7951,8067.94873046875
7952,5538.04296875
7953,6168.2255859375
7954,5203.49560546875
7955,5283.416015625
7956,4775.6728515625
7957,5480.5166015625
7958,5147.52734375
7959,6879.9365234375
7960,6051.90478515625
7961,10371.4033203125
7962,8544.529296875
7963,5410.18896484375
7964,5771.5673828125
7965,5257.98046875
7966,6238.220703125
7967,6439.14501953125
7968,5694.63671875
7969,5456.54150390625
7970,6634.14453125
7971,5619.34814453125
7972,6238.220703125
7973,5632.31787109375
7974,5456.54150390625
7975,5172.09375
7976,5172.09375
7977,5410.18896484375
7978,7399.88720703125
7979,6981.7685546875
7980,6238.220703125
7981,5632.31787109375
7982,5760.3505859375
7983,6238.220703125
7984,9569.9111328125
7985,5418.90283203125
7986,5134.78662109375
7987,6238.220703125
7988,5771.5673828125
7989,6238.220703125
7990,5172.09375
7991,5257.98046875
7992,5410.18896484375
7993,5632.31787109375
7994,7208.04150390625
7995,6238.220703125
7996,5797.65771484375
7997,6363.443359375
7998,11177.5029296875
7999,6355.8681640625
8000,5816.19091796875
8001,5950.83203125
8002,6318.56103515625
8003,6796.43115234375
8004,5540.78857421875
8005,6318.56103515625
8006,5963.759765625
8007,6309.68701171875
8008,5215.8603515625
8009,6226.02001953125
8010,4925.83349609375
8011,4897.6328125
8012,5523.19677734375
8013,4983.51953125
8014,4708.1171875
8015,5135.72802734375
8016,4897.6328125
8017,4708.1171875
8018,4983.51953125
8019,5873.63720703125
8020,6301.6083984375
8021,5987.16357421875
8022,7045.15625
8023,5473.57666015625
8024,6301.6083984375
8025,6301.6083984375
8026,5321.3681640625
8027,5045.9658203125
8028,6559.27099609375
8029,5464.06005859375
8030,6301.6083984375
8031,5834.955078125
8032,7045.15625
8033,6502.53271484375
8034,7296.0546875
8035,4928.14501953125
8036,5758.0244140625
8037,6301.6083984375
8038,6301.6083984375
8039,5911.630859375
8040,5882.94384765625
8041,5235.4814453125
8042,5911.630859375
8043,5235.4814453125
8044,5823.73828125
8045,5045.9658203125
8046,6502.53271484375
8047,5156.826171875
8048,7045.15625
8049,6301.6083984375
8050,7367.40673828125
8051,5235.4814453125
8052,5198.17431640625
8053,5834.955078125
8054,5882.94384765625
8055,6301.6083984375
8056,8241.7890625
8057,5473.57666015625
8058,5553.708984375
8059,5972.68701171875
8060,5321.3681640625
8061,5861.04541015625
8062,6301.6083984375
8063,6301.6083984375
8064,6378.20849609375
8065,6301.6083984375
8066,9613.115234375
8067,5235.4814453125
8068,6301.6083984375
8069,6126.80322265625
8070,6502.53271484375
8071,5045.9658203125
8072,5473.57666015625
8073,6094.57373046875
8074,5695.70556640625
8075,5045.9658203125
8076,5321.3681640625
8077,6301.6083984375
8078,5045.9658203125
8079,5695.70556640625
8080,5045.9658203125
8081,5834.955078125
8082,5235.4814453125
8083,7045.15625
8084,5045.9658203125
8085,5321.3681640625
8086,5473.57666015625
8087,7045.15625
8088,5972.68701171875
8089,7045.15625
8090,5156.826171875
8091,5045.9658203125
8092,5987.16357421875
8093,5834.955078125
8094,5235.4814453125
8095,6301.6083984375
8096,5823.73828125
8097,7463.27490234375
8098,5311.8515625
8099,5987.16357421875
8100,5600.607421875
8101,6378.20849609375
8102,5987.16357421875
8103,5415.890625
8104,5473.57666015625
8105,5519.92919921875
8106,5987.16357421875
8107,6276.30029296875
8108,6694.96484375
8109,7440.798828125
8110,6694.96484375
8111,6487.93017578125
8112,6694.96484375
8113,7438.5126953125
8114,6694.96484375
8115,5439.322265625
8116,5947.0654296875
8117,5866.93310546875
8118,5439.322265625
8119,6304.9873046875
8120,5439.322265625
8121,5714.724609375
8122,7438.5126953125
8123,5628.837890625
8124,6304.9873046875
8125,5866.93310546875
8126,6380.52001953125
8127,6694.96484375
8128,5997.9794921875
8129,6731.71142578125
8130,5997.9794921875
8131,4931.8525390625
8132,4624.51611328125
8133,6741.52734375
8134,4742.3369140625
8135,6198.90380859375
8136,5250.080078125
8137,5350.3818359375
8138,14870.095703125
8139,4742.3369140625
8140,5169.94775390625
8141,7938.16064453125
8142,4624.51611328125
8143,4742.3369140625
8144,5169.94775390625
8145,6488.59521484375
8146,5032.0283203125
8147,5973.22607421875
8148,5032.0283203125
8149,5847.10791015625
8150,5032.0283203125
8151,5529.5595703125
8152,5847.10791015625
8153,5923.7080078125
8154,8227.8515625
8155,5847.10791015625
8156,6488.59521484375
8157,5032.0283203125
8158,7031.21875
8159,8227.8515625
8160,6456.8681640625
8161,6080.63623046875
8162,5418.291015625
8163,5459.63916015625
8164,5681.76806640625
8165,5809.80078125
8166,5869.00634765625
8167,5958.74951171875
8168,5032.0283203125
8169,6749.8701171875
8170,5221.5439453125
8171,5184.23681640625
8172,5142.888671875
8173,5847.10791015625
8174,5221.5439453125
8175,5897.693359375
8176,5221.5439453125
8177,5973.22607421875
8178,5897.693359375
8179,5973.22607421875
8180,6287.6708984375
8181,5032.0283203125
8182,5459.63916015625
8183,5225.7353515625
8184,5869.00634765625
8185,5221.5439453125
8186,6287.6708984375
8187,5032.0283203125
8188,6287.6708984375
8189,6287.6708984375
8190,5032.0283203125
8191,5681.76806640625
8192,5539.771484375
8193,5221.5439453125
8194,5032.0283203125
8195,5973.22607421875
8196,5847.10791015625
8197,5847.10791015625
8198,6287.6708984375
8199,5307.4306640625
8200,5249.74462890625
8201,5958.74951171875
8202,5221.5439453125
8203,6414.83642578125
8204,5897.693359375
8205,6287.6708984375
8206,5032.0283203125
8207,6488.59521484375
8208,5973.22607421875
8209,5307.4306640625
8210,4916.162109375
8211,6560.841796875
8212,5821.017578125
8213,5897.693359375
8214,5032.0283203125
8215,6287.6708984375
8216,5897.693359375
8217,6287.6708984375
8218,5906.435546875
8219,5401.953125
8220,6287.6708984375
8221,5505.99169921875
8222,5032.0283203125
8223,5821.017578125
8224,5744.0869140625
8225,5184.23681640625
8226,5032.0283203125
8227,7140.3828125
8228,5032.0283203125
8229,4914.20751953125
8230,5732.02294921875
8231,5307.4306640625
8232,5529.5595703125
8233,5032.0283203125
8234,6287.6708984375
8235,5640.0732421875
8236,6118.2646484375
8237,5973.22607421875
8238,6112.86572265625
8239,5032.0283203125
8240,5307.4306640625
8241,5032.0283203125
8242,7476.134765625
8243,5221.5439453125
8244,5958.74951171875
8245,5307.4306640625
8246,5032.0283203125
8247,5221.5439453125
8248,6118.2646484375
8249,5221.5439453125
8250,5221.5439453125
8251,6287.6708984375
8252,5032.0283203125
8253,5505.99169921875
8254,5221.5439453125
8255,6839.88232421875
8256,5459.63916015625
8257,4914.20751953125
8258,6456.8681640625
8259,5897.693359375
8260,5401.953125
8261,5744.0869140625
8262,5681.76806640625
8263,8188.80078125
8264,5459.63916015625
8265,6287.6708984375
8266,6080.63623046875
8267,5809.80078125
8268,5230.2578125
8269,6287.6708984375
8270,5505.99169921875
8271,5869.00634765625
8272,11914.1806640625
8273,5958.74951171875
8274,5249.74462890625
8275,5644.322265625
8276,6287.6708984375
8277,5973.22607421875
8278,5847.10791015625
8279,6287.6708984375
8280,6287.6708984375
8281,5032.0283203125
8282,5973.22607421875
8283,5184.23681640625
8284,4914.20751953125
8285,5221.5439453125
8286,5897.693359375
8287,5032.0283203125
8288,5821.017578125
8289,10317.650390625
8290,6287.6708984375
8291,6080.63623046875
8292,5644.322265625
8293,5307.4306640625
8294,5869.00634765625
8295,5532.45703125
8296,7033.5048828125
8297,6287.6708984375
8298,6287.6708984375
8299,6287.6708984375
8300,7463.27490234375
8301,7857.521484375
8302,5923.7080078125
8303,6730.2744140625
8304,6488.59521484375
8305,7031.21875
8306,5973.22607421875
8307,5032.0283203125
8308,5459.63916015625
8309,5142.888671875
8310,5401.953125
8311,5032.0283203125
8312,5307.4306640625
8313,6287.6708984375
8314,6287.6708984375
8315,5847.10791015625
8316,5505.99169921875
8317,5809.80078125
8318,5032.0283203125
8319,6287.6708984375
8320,5032.0283203125
8321,6287.6708984375
8322,5809.80078125
8323,4540.82958984375
8324,5821.017578125
8325,5032.0283203125
8326,5307.4306640625
8327,5789.62646484375
8328,5732.02294921875
8329,5847.10791015625
8330,5847.10791015625
8331,6287.6708984375
8332,6342.609375
8333,5897.693359375
8334,5032.0283203125
8335,7031.21875
8336,5032.0283203125
8337,7031.21875
8338,5307.4306640625
8339,5931.8779296875
8340,6080.63623046875
8341,5640.0732421875
8342,5142.888671875
8343,6287.6708984375
8344,5891.5380859375
8345,5897.693359375
8346,5221.5439453125
8347,5914.81201171875
8348,5125.82275390625
8349,6022.22216796875
8350,5839.279296875
8351,6972.8046875
8352,4973.6142578125
8353,5163.1298828125
8354,5914.81201171875
8355,6554.74169921875
8356,5873.4638671875
8357,6229.2568359375
8358,4973.6142578125
8359,5249.0166015625
8360,4973.6142578125
8361,5581.6591796875
8362,4855.79345703125
8363,5481.357421875
8364,5163.1298828125
8365,4855.79345703125
8366,5865.2939453125
8367,6229.2568359375
8368,5249.0166015625
8369,5914.81201171875
8370,6305.85693359375
8371,4973.6142578125
8372,6229.2568359375
8373,5163.1298828125
8374,6305.85693359375
8375,5249.0166015625
8376,6229.2568359375
8377,5401.22509765625
8378,5481.357421875
8379,5163.1298828125
8380,5810.59228515625
8381,3965.868896484375
8382,6229.2568359375
8383,5900.33544921875
8384,5268.8857421875
8385,5481.357421875
8386,6229.2568359375
8387,5839.279296875
8388,6229.2568359375
8389,5447.57763671875
8390,5163.1298828125
8391,5163.1298828125
8392,5756.1279296875
8393,5900.33544921875
8394,6430.18115234375
8395,6229.2568359375
8396,8169.43798828125
8397,5401.22509765625
8398,5163.1298828125
8399,6229.2568359375
8400,5084.474609375
8401,6229.2568359375
8402,5762.603515625
8403,6059.8505859375
8404,6059.8505859375
8405,8169.43798828125
8406,4973.6142578125
8407,5762.603515625
8408,6022.22216796875
8409,6229.2568359375
8410,6430.18115234375
8411,5391.70849609375
8412,5249.0166015625
8413,6059.8505859375
8414,5788.69384765625
8415,5125.82275390625
8416,4973.6142578125
8417,5751.38671875
8418,5163.1298828125
8419,4973.6142578125
8420,5914.81201171875
8421,5839.279296875
8422,5249.0166015625
8423,6229.2568359375
8424,6682.13623046875
8425,5762.603515625
8426,5447.57763671875
8427,5914.81201171875
8428,6305.85693359375
8429,5839.279296875
8430,5125.82275390625
8431,5751.38671875
8432,5839.279296875
8433,4973.6142578125
8434,5914.81201171875
8435,6022.22216796875
8436,5839.279296875
8437,6229.2568359375
8438,4973.6142578125
8439,4973.6142578125
8440,7081.96875
8441,5788.69384765625
8442,5762.603515625
8443,6229.2568359375
8444,5084.474609375
8445,5249.0166015625
8446,4973.6142578125
8447,5163.1298828125
8448,6229.2568359375
8449,6203.45458984375
8450,5900.33544921875
8451,7799.107421875
8452,5839.279296875
8453,5401.22509765625
8454,5249.0166015625
8455,4973.6142578125
8456,6106.99609375
8457,5900.33544921875
8458,5914.81201171875
8459,5788.69384765625
8460,4973.6142578125
8461,5788.69384765625
8462,7184.6513671875
8463,4973.6142578125
8464,5191.33056640625
8465,4973.6142578125
8466,4624.3984375
8467,4973.6142578125
8468,5839.279296875
8469,5751.38671875
8470,4973.6142578125
8471,5914.81201171875
8472,4973.6142578125
8473,5249.0166015625
8474,5900.33544921875
8475,5762.603515625
8476,5788.69384765625
8477,6229.2568359375
8478,5288.3310546875
8479,5900.33544921875
8480,5914.81201171875
8481,5762.603515625
8482,5914.81201171875
8483,4973.6142578125
8484,6781.46826171875
8485,5914.81201171875
8486,5191.33056640625
8487,5914.81201171875
8488,7301.70068359375
8489,6972.8046875
8490,6229.2568359375
8491,5839.279296875
8492,4973.6142578125
8493,7295.05517578125
8494,5900.33544921875
8495,5839.279296875
8496,5401.22509765625
8497,7485.14208984375
8498,6039.7041015625
8499,6889.27294921875
8500,5621.1748046875
8501,4973.6142578125
8502,4855.79345703125
8503,5673.60888671875
8504,5810.59228515625
8505,4855.79345703125
8506,5249.0166015625
8507,5084.474609375
8508,5923.52587890625
8509,5673.60888671875
8510,5401.22509765625
8511,5839.279296875
8512,5409.93896484375
8513,5401.22509765625
8514,6229.2568359375
8515,6610.75927734375
8516,5481.357421875
8517,5401.22509765625
8518,6229.2568359375
8519,5673.60888671875
8520,6229.2568359375
8521,7417.720703125
8522,4973.6142578125
8523,5481.357421875
8524,6229.2568359375
8525,5401.22509765625
8526,7190.994140625
8527,4973.6142578125
8528,5914.81201171875
8529,5249.0166015625
8530,6044.8583984375
8531,4855.79345703125
8532,5762.603515625
8533,5905.62255859375
8534,5125.82275390625
8535,5401.22509765625
8536,5900.33544921875
8537,5900.33544921875
8538,6737.17041015625
8539,5621.1748046875
8540,6246.73876953125
8541,6737.17041015625
8542,5084.474609375
8543,5125.82275390625
8544,5249.0166015625
8545,11855.767578125
8546,6097.17236328125
8547,4973.6142578125
8548,6737.17041015625
8549,4973.6142578125
8550,5249.0166015625
8551,5673.60888671875
8552,5200.5712890625
8553,5401.22509765625
8554,4973.6142578125
8555,4855.79345703125
8556,4973.6142578125
8557,7891.78955078125
8558,7449.18603515625
8559,8192.734375
8560,6335.36962890625
8561,5659.11865234375
8562,5267.4169921875
8563,6295.04296875
8564,5608.533203125
8565,6502.07763671875
8566,5301.19677734375
8567,6035.42431640625
8568,6035.42431640625
8569,4791.40673828125
8570,4793.45361328125
8571,6332.794921875
8572,6502.07763671875
8573,6187.6328125
8574,4938.61572265625
8575,5464.1513671875
8576,4793.45361328125
8577,6797.251953125
8578,6187.6328125
8579,6920.86474609375
8580,6364.861328125
8581,6647.23974609375
8582,5321.3046875
8583,6647.23974609375
8584,4675.6328125
8585,7245.62548828125
8586,6332.794921875
8587,5814.78125
8588,5772.93798828125
8589,5284.23779296875
8590,5284.23779296875
8591,5928.6005859375
8592,6898.00146484375
8593,5128.13134765625
8594,5753.6953125
8595,5837.01025390625
8596,7057.28173828125
8597,5659.11865234375
8598,6440.205078125
8599,5753.6953125
8600,6187.6328125
8601,6149.24365234375
8602,6295.04296875
8603,6112.15185546875
8604,5896.1748046875
8605,6542.53564453125
8606,5571.22607421875
8607,5616.35986328125
8608,6396.599609375
8609,5128.13134765625
8610,7690.54150390625
8611,6986.466796875
8612,5464.1513671875
8613,6502.07763671875
8614,5267.4169921875
8615,4793.45361328125
8616,6944.68115234375
8617,6104.03466796875
8618,6440.205078125
8619,6440.205078125
8620,5928.6005859375
8621,5301.19677734375
8622,6002.4306640625
8623,5194.3974609375
8624,5516.15234375
8625,5819.96142578125
8626,6502.07763671875
8627,5042.18896484375
8628,5194.3974609375
8629,6352.77001953125
8630,5194.3974609375
8631,5452.232421875
8632,5516.15234375
8633,6440.205078125
8634,6849.7763671875
8635,5512.32080078125
8636,5795.39599609375
8637,6041.3369140625
8638,5678.958984375
8639,5674.0458984375
8640,5819.96142578125
8641,6647.23974609375
8642,6502.07763671875
8643,6295.04296875
8644,6332.794921875
8645,5907.85400390625
8646,6440.205078125
8647,5819.2080078125
8648,5549.93212890625
8649,6647.23974609375
8650,6502.07763671875
8651,5187.35107421875
8652,6295.04296875
8653,5907.85400390625
8654,5069.5302734375
8655,5156.00830078125
8656,5666.99951171875
8657,5194.3974609375
8658,5042.18896484375
8659,5907.85400390625
8660,5857.78564453125
8661,5376.86669921875
8662,5743.96630859375
8663,5042.18896484375
8664,5042.18896484375
8665,5521.83740234375
8666,5512.32080078125
8667,5907.85400390625
8668,5695.09423828125
8669,6295.04296875
8670,5678.958984375
8671,5819.2080078125
8672,6647.23974609375
8673,5339.5595703125
8674,6295.04296875
8675,5907.85400390625
8676,5516.15234375
8677,6440.205078125
8678,5069.5302734375
8679,6502.07763671875
8680,6332.794921875
8681,6002.4306640625
8682,6440.205078125
8683,6502.07763671875
8684,6332.794921875
8685,5042.18896484375
8686,4924.3681640625
8687,6958.3115234375
8688,5857.2685546875
8689,5156.00830078125
8690,5042.18896484375
8691,5819.96142578125
8692,5872.9326171875
8693,5231.70458984375
8694,5857.2685546875
8695,5857.2685546875
8696,7245.62548828125
8697,6002.4306640625
8698,5231.70458984375
8699,5732.39697265625
8700,5857.2685546875
8701,6647.23974609375
8702,5153.04931640625
8703,6295.04296875
8704,4739.16162109375
8705,6002.4306640625
8706,5042.18896484375
8707,5042.18896484375
8708,5819.2080078125
8709,5907.85400390625
8710,6103.65576171875
8711,8442.2607421875
8712,5857.2685546875
8713,6332.794921875
8714,5907.85400390625
8715,5661.314453125
8716,6647.23974609375
8717,5231.70458984375
8718,6146.28466796875
8719,5857.2685546875
8720,5674.0458984375
8721,4739.16162109375
8722,6295.04296875
8723,5819.2080078125
8724,5376.86669921875
8725,5149.205078125
8726,5452.232421875
8727,5549.93212890625
8728,6035.42431640625
8729,5907.85400390625
8730,5907.85400390625
8731,6440.205078125
8732,5819.2080078125
8733,5907.85400390625
8734,5819.96142578125
8735,6332.794921875
8736,7109.43896484375
8737,6647.23974609375
8738,6332.794921875
8739,5907.85400390625
8740,6002.4306640625
8741,5231.70458984375
8742,5153.04931640625
8743,6942.59814453125
8744,6942.59814453125
8745,5376.86669921875
8746,5153.04931640625
8747,4739.16162109375
8748,7245.62548828125
8749,5857.2685546875
8750,6453.18310546875
8751,6028.94873046875
8752,6440.205078125
8753,5069.5302734375
8754,10060.4951171875
8755,7109.43896484375
8756,6764.337890625
8757,4623.29541015625
8758,5616.35986328125
8759,7220.4248046875
8760,4869.2509765625
8761,11444.416015625
8762,16248.083984375
8763,5521.83740234375
8764,5231.70458984375
8765,5819.96142578125
8766,5857.2685546875
8767,9813.5849609375
8768,5423.00732421875
8769,6408.9326171875
8770,0.0
8771,4623.29541015625
8772,6332.794921875
8773,6408.9326171875
8774,5666.99951171875
8775,6103.65576171875
8776,6647.23974609375
8777,4949.0439453125
8778,4739.16162109375
8779,5726.81640625
8780,5101.25244140625
8781,4739.16162109375
8782,6002.4306640625
8783,5764.12353515625
8784,5456.787109375
8785,5585.81396484375
8786,5138.5595703125
8787,5726.81640625
8788,5795.39599609375
8789,6440.205078125
8790,7184.77978515625
8791,6408.9326171875
8792,6180.58642578125
8793,5423.00732421875
8794,5726.81640625
8795,5580.90087890625
8796,5138.5595703125
8797,4949.0439453125
8798,5376.86669921875
8799,5428.6923828125
8800,7152.48046875
8801,6002.4306640625
8802,4831.22314453125
8803,5361.18310546875
8804,6002.4306640625
8805,5069.5302734375
8806,5650.8212890625
8807,8349.115234375
8808,5819.2080078125
8809,6449.390625
8810,5376.86669921875
8811,5456.787109375
8812,4949.0439453125
8813,5761.681640625
8814,5428.6923828125
8815,7161.1015625
8816,6333.06982421875
8817,10544.7744140625
8818,8717.900390625
8819,5691.35400390625
8820,6052.732421875
8821,5539.1455078125
8822,6519.3857421875
8823,6612.51611328125
8824,5975.8017578125
8825,5629.91259765625
8826,6915.3095703125
8827,5792.71923828125
8828,6519.3857421875
8829,5913.48291015625
8830,5629.91259765625
8831,5345.46484375
8832,5345.46484375
8833,5691.35400390625
8834,7681.05224609375
8835,7262.93359375
8836,6519.3857421875
8837,5913.48291015625
8838,5933.7216796875
8839,6519.3857421875
8840,9851.076171875
8841,5700.06787109375
8842,5308.15771484375
8843,6519.3857421875
8844,6052.732421875
8845,6519.3857421875
8846,5345.46484375
8847,5539.1455078125
8848,5691.35400390625
8849,5913.48291015625
8850,7489.20654296875
8851,6519.3857421875
8852,5971.02880859375
8853,6536.814453125
8854,11458.66796875
8855,6529.2392578125
8856,6097.35595703125
8857,6124.203125
8858,6491.93212890625
8859,7077.59619140625
8860,5714.15966796875
8861,6491.93212890625
8862,6244.9248046875
8863,6483.05810546875
8864,5389.2314453125
8865,6507.18505859375
8866,5206.99853515625
8867,5071.00390625
8868,5696.56787109375
8869,5264.6845703125
8870,4881.48828125
8871,5416.89306640625
8872,5071.00390625
8873,4881.48828125
8874,5264.6845703125
8875,6047.00830078125
8876,6582.7734375
8877,6268.32861328125
8878,7326.3212890625
8879,5754.74169921875
8880,6582.7734375
8881,6582.7734375
8882,5602.533203125
8883,5219.3369140625
8884,6840.43603515625
8885,5745.22509765625
8886,6582.7734375
8887,6116.1201171875
8888,7326.3212890625
8889,6675.90380859375
8890,7577.2197265625
8891,5101.51611328125
8892,6039.189453125
8893,6582.7734375
8894,6582.7734375
8895,6085.001953125
8896,6375.73876953125
8897,5408.8525390625
8898,6085.001953125
8899,5408.8525390625
8900,5997.109375
8901,5219.3369140625
8902,6675.90380859375
8903,5330.197265625
8904,7326.3212890625
8905,6582.7734375
8906,7648.57177734375
8907,5408.8525390625
8908,5371.54541015625
8909,6116.1201171875
8910,6375.73876953125
8911,6582.7734375
8912,8522.9560546875
8913,5754.74169921875
8914,5727.080078125
8915,6146.05810546875
8916,5602.533203125
8917,6034.41650390625
8918,6582.7734375
8919,6582.7734375
8920,6375.73876953125
8921,6582.7734375
8922,9894.2802734375
8923,5408.8525390625
8924,6582.7734375
8925,6300.17431640625
8926,6675.90380859375
8927,5219.3369140625
8928,5754.74169921875
8929,6375.73876953125
8930,5976.87060546875
8931,5219.3369140625
8932,5602.533203125
8933,6582.7734375
8934,5219.3369140625
8935,5976.87060546875
8936,5219.3369140625
8937,6116.1201171875
8938,5408.8525390625
8939,7326.3212890625
8940,5219.3369140625
8941,5602.533203125
8942,5754.74169921875
8943,7326.3212890625
8944,6146.05810546875
8945,7326.3212890625
8946,5330.197265625
8947,5219.3369140625
8948,6268.32861328125
8949,6116.1201171875
8950,5408.8525390625
8951,6582.7734375
8952,5997.109375
8953,7744.43994140625
8954,5593.0166015625
8955,6268.32861328125
8956,6373.29150390625
8957,6375.73876953125
8958,6268.32861328125
8959,5697.0556640625
8960,5754.74169921875
8961,5693.30029296875
8962,6268.32861328125
8963,6769.09521484375
8964,6976.1298828125
8965,7438.3291015625
8966,6976.1298828125
8967,6769.09521484375
8968,6976.1298828125
8969,7719.677734375
8970,6976.1298828125
8971,5612.693359375
8972,6120.4365234375
8973,6148.09814453125
8974,5612.693359375
8975,6478.3583984375
8976,5612.693359375
8977,5995.8896484375
8978,7719.677734375
8979,5802.208984375
8980,6478.3583984375
8981,6148.09814453125
8982,6661.68505859375
8983,6976.1298828125
8984,6279.14453125
8985,7012.87646484375
8986,6279.14453125
8987,5105.2236328125
8988,4797.88720703125
8989,7022.6923828125
8990,4915.7080078125
8991,6372.27490234375
8992,5423.451171875
8993,5523.7529296875
8994,15151.2607421875
8995,4915.7080078125
8996,5451.11279296875
8997,8219.3271484375
8998,4797.88720703125
8999,4915.7080078125
9000,5451.11279296875
9001,6661.96630859375
9002,5205.3994140625
9003,6254.39111328125
9004,5205.3994140625
9005,6020.47900390625
9006,5205.3994140625
9007,5810.724609375
9008,6020.47900390625
9009,5813.4443359375
9010,8509.01953125
9011,6020.47900390625
9012,6661.96630859375
9013,5205.3994140625
9014,7312.3837890625
9015,8509.01953125
9016,6738.033203125
9017,6361.80126953125
9018,5699.4560546875
9019,5740.80419921875
9020,5962.93310546875
9021,5983.171875
9022,6361.80126953125
9023,6132.12060546875
9024,5205.3994140625
9025,7031.03515625
9026,5394.9150390625
9027,5357.60791015625
9028,5316.259765625
9029,6020.47900390625
9030,5394.9150390625
9031,6071.064453125
9032,5394.9150390625
9033,6254.39111328125
9034,6071.064453125
9035,6254.39111328125
9036,6568.8359375
9037,5205.3994140625
9038,5740.80419921875
9039,5626.4677734375
9040,6361.80126953125
9041,5394.9150390625
9042,6568.8359375
9043,5205.3994140625
9044,6568.8359375
9045,6568.8359375
9046,5205.3994140625
9047,5962.93310546875
9048,5713.142578125
9049,5394.9150390625
9050,5205.3994140625
9051,6254.39111328125
9052,6020.47900390625
9053,6020.47900390625
9054,6568.8359375
9055,5588.595703125
9056,5530.90966796875
9057,6132.12060546875
9058,5394.9150390625
9059,6588.20751953125
9060,6071.064453125
9061,6568.8359375
9062,5205.3994140625
9063,6661.96630859375
9064,6254.39111328125
9065,5588.595703125
9066,5089.533203125
9067,6842.0068359375
9068,6102.1826171875
9069,6071.064453125
9070,5205.3994140625
9071,6568.8359375
9072,6071.064453125
9073,6568.8359375
9074,6079.806640625
9075,5683.1181640625
9076,6568.8359375
9077,5679.36279296875
9078,5205.3994140625
9079,6102.1826171875
9080,6025.251953125
9081,5357.60791015625
9082,5205.3994140625
9083,7421.5478515625
9084,5205.3994140625
9085,5087.57861328125
9086,5905.39404296875
9087,5588.595703125
9088,5810.724609375
9089,5205.3994140625
9090,6568.8359375
9091,5813.4443359375
9092,6291.6357421875
9093,6254.39111328125
9094,6286.23681640625
9095,5205.3994140625
9096,5588.595703125
9097,5205.3994140625
9098,7757.2998046875
9099,5394.9150390625
9100,6132.12060546875
9101,5588.595703125
9102,5205.3994140625
9103,5394.9150390625
9104,6291.6357421875
9105,5394.9150390625
9106,5394.9150390625
9107,6568.8359375
9108,5205.3994140625
9109,5679.36279296875
9110,5394.9150390625
9111,7121.04736328125
9112,5740.80419921875
9113,5087.57861328125
9114,6738.033203125
9115,6071.064453125
9116,5683.1181640625
9117,6025.251953125
9118,5962.93310546875
9119,8362.171875
9120,5740.80419921875
9121,6568.8359375
9122,6361.80126953125
9123,5983.171875
9124,5403.62890625
9125,6568.8359375
9126,5679.36279296875
9127,6361.80126953125
9128,12195.345703125
9129,6132.12060546875
9130,5530.90966796875
9131,5817.693359375
9132,6568.8359375
9133,6254.39111328125
9134,6020.47900390625
9135,6568.8359375
9136,6568.8359375
9137,5205.3994140625
9138,6254.39111328125
9139,5357.60791015625
9140,5087.57861328125
9141,5394.9150390625
9142,6071.064453125
9143,5205.3994140625
9144,6102.1826171875
9145,10598.8154296875
9146,6568.8359375
9147,6361.80126953125
9148,5817.693359375
9149,5588.595703125
9150,6361.80126953125
9151,6025.251953125
9152,7031.03515625
9153,6568.8359375
9154,6568.8359375
9155,6568.8359375
9156,7744.43994140625
9157,8138.68896484375
9158,5813.4443359375
9159,7011.439453125
9160,6661.96630859375
9161,7312.3837890625
9162,6254.39111328125
9163,5205.3994140625
9164,5740.80419921875
9165,5316.259765625
9166,5683.1181640625
9167,5205.3994140625
9168,5588.595703125
9169,6568.8359375
9170,6568.8359375
9171,6020.47900390625
9172,5679.36279296875
9173,5983.171875
9174,5205.3994140625
9175,6568.8359375
9176,5205.3994140625
9177,6568.8359375
9178,5983.171875
9179,4925.83056640625
9180,6102.1826171875
9181,5205.3994140625
9182,5588.595703125
9183,5679.36279296875
9184,5905.39404296875
9185,6020.47900390625
9186,6020.47900390625
9187,6568.8359375
9188,6515.98046875
9189,6071.064453125
9190,5205.3994140625
9191,7312.3837890625
9192,5205.3994140625
9193,7312.3837890625
9194,5588.595703125
9195,6213.04296875
9196,6361.80126953125
9197,5813.4443359375
9198,5316.259765625
9199,6568.8359375
9200,6064.9091796875
9201,6071.064453125
9202,5394.9150390625
9203,6195.97705078125
9204,5299.19384765625
9205,6303.38720703125
9206,6012.650390625
9207,7253.9697265625
9208,5146.9853515625
9209,5336.5009765625
9210,6195.97705078125
9211,6835.90673828125
9212,6154.62890625
9213,6510.421875
9214,5146.9853515625
9215,5530.181640625
9216,5146.9853515625
9217,5755.0302734375
9218,5029.16455078125
9219,5654.728515625
9220,5336.5009765625
9221,5029.16455078125
9222,5755.0302734375
9223,6510.421875
9224,5530.181640625
9225,6195.97705078125
9226,6303.38720703125
9227,5146.9853515625
9228,6510.421875
9229,5336.5009765625
9230,6303.38720703125
9231,5530.181640625
9232,6510.421875
9233,5682.39013671875
9234,5654.728515625
9235,5336.5009765625
9236,6303.38720703125
9237,4350.86865234375
9238,6510.421875
9239,6073.70654296875
9240,5669.6181640625
9241,5654.728515625
9242,6510.421875
9243,6012.650390625
9244,6510.421875
9245,5620.94873046875
9246,5336.5009765625
9247,5336.5009765625
9248,6037.29296875
9249,6073.70654296875
9250,6603.55224609375
9251,6510.421875
9252,8450.6064453125
9253,5682.39013671875
9254,5336.5009765625
9255,6510.421875
9256,5257.845703125
9257,6510.421875
9258,6043.7685546875
9259,6233.2216796875
9260,6233.2216796875
9261,8450.6064453125
9262,5146.9853515625
9263,6043.7685546875
9264,6303.38720703125
9265,6510.421875
9266,6603.55224609375
9267,5672.87353515625
9268,5530.181640625
9269,6233.2216796875
9270,5962.06494140625
9271,5299.19384765625
9272,5146.9853515625
9273,5924.7578125
9274,5336.5009765625
9275,5146.9853515625
9276,6195.97705078125
9277,6012.650390625
9278,5530.181640625
9279,6510.421875
9280,6855.50732421875
9281,6043.7685546875
9282,5620.94873046875
9283,6195.97705078125
9284,6303.38720703125
9285,6012.650390625
9286,5299.19384765625
9287,5924.7578125
9288,6012.650390625
9289,5146.9853515625
9290,6195.97705078125
9291,6303.38720703125
9292,6012.650390625
9293,6510.421875
9294,5146.9853515625
9295,5146.9853515625
9296,7363.1337890625
9297,5962.06494140625
9298,6043.7685546875
9299,6510.421875
9300,5257.845703125
9301,5530.181640625
9302,5146.9853515625
9303,5336.5009765625
9304,6510.421875
9305,6376.82568359375
9306,6073.70654296875
9307,8080.27490234375
9308,6012.650390625
9309,5682.39013671875
9310,5530.181640625
9311,5146.9853515625
9312,6388.1611328125
9313,6073.70654296875
9314,6195.97705078125
9315,5962.06494140625
9316,5146.9853515625
9317,5962.06494140625
9318,7358.0224609375
9319,5146.9853515625
9320,5472.49560546875
9321,5146.9853515625
9322,5361.9814453125
9323,5146.9853515625
9324,6012.650390625
9325,5924.7578125
9326,5146.9853515625
9327,6195.97705078125
9328,5146.9853515625
9329,5530.181640625
9330,6073.70654296875
9331,6043.7685546875
9332,5962.06494140625
9333,6510.421875
9334,6230.92529296875
9335,6073.70654296875
9336,6195.97705078125
9337,6043.7685546875
9338,6195.97705078125
9339,5146.9853515625
9340,7062.63330078125
9341,6195.97705078125
9342,5472.49560546875
9343,6195.97705078125
9344,7475.07177734375
9345,7253.9697265625
9346,6510.421875
9347,6012.650390625
9348,5146.9853515625
9349,7576.22021484375
9350,6073.70654296875
9351,6012.650390625
9352,5682.39013671875
9353,7766.30712890625
9354,6213.0751953125
9355,7170.43798828125
9356,5794.5458984375
9357,5146.9853515625
9358,5029.16455078125
9359,5846.97998046875
9360,6303.38720703125
9361,5029.16455078125
9362,5530.181640625
9363,5257.845703125
9364,6204.69091796875
9365,5846.97998046875
9366,5682.39013671875
9367,6012.650390625
9368,5691.10400390625
9369,5682.39013671875
9370,6510.421875
9371,6891.92431640625
9372,5654.728515625
9373,5682.39013671875
9374,6510.421875
9375,5846.97998046875
9376,6510.421875
9377,7698.8857421875
9378,5146.9853515625
9379,5654.728515625
9380,6510.421875
9381,5682.39013671875
9382,7472.1591796875
9383,5146.9853515625
9384,6195.97705078125
9385,5530.181640625
9386,6326.0234375
9387,5029.16455078125
9388,6043.7685546875
9389,6078.99365234375
9390,5299.19384765625
9391,5682.39013671875
9392,6073.70654296875
9393,6073.70654296875
9394,7018.33544921875
9395,5794.5458984375
9396,6420.10986328125
9397,7018.33544921875
9398,5257.845703125
9399,5299.19384765625
9400,5530.181640625
9401,12136.9326171875
9402,6378.33740234375
9403,5146.9853515625
9404,7018.33544921875
9405,5146.9853515625
9406,5530.181640625
9407,5846.97998046875
9408,5481.736328125
9409,5682.39013671875
9410,5146.9853515625
9411,5029.16455078125
9412,5146.9853515625
9413,8172.95458984375
9414,7730.35107421875
9415,8473.900390625
9416,6616.53466796875
9417,0.0
9418,0.0
9419,0.0
9420,0.0
9421,0.0
9422,0.0
9423,0.0
9424,0.0
9425,0.0
9426,0.0
9427,0.0
9428,0.0
9429,0.0
9430,0.0
9431,0.0
9432,0.0
9433,0.0
9434,0.0
9435,0.0
9436,0.0
9437,0.0
9438,0.0
9439,0.0
9440,0.0
9441,0.0
9442,0.0
9443,0.0
9444,0.0
9445,0.0
9446,0.0
9447,0.0
9448,0.0
9449,0.0
9450,0.0
9451,0.0
9452,0.0
9453,0.0
9454,0.0
9455,0.0
9456,0.0
9457,0.0
9458,0.0
9459,0.0
9460,0.0
9461,0.0
9462,0.0
9463,0.0
9464,0.0
9465,0.0
9466,0.0
9467,0.0
9468,0.0
9469,0.0
9470,0.0
9471,0.0
9472,0.0
9473,0.0
9474,0.0
9475,0.0
9476,0.0
9477,0.0
9478,0.0
9479,0.0
9480,0.0
9481,0.0
9482,0.0
9483,0.0
9484,0.0
9485,0.0
9486,0.0
9487,0.0
9488,0.0
9489,0.0
9490,0.0
9491,0.0
9492,0.0
9493,0.0
9494,0.0
9495,0.0
9496,0.0
9497,0.0
9498,0.0
9499,0.0
9500,0.0
9501,0.0
9502,0.0
9503,0.0
9504,0.0
9505,0.0
9506,0.0
9507,0.0
9508,5223.27392578125
9509,0.0
9510,0.0
9511,0.0
9512,0.0
9513,0.0
9514,0.0
9515,0.0
9516,0.0
9517,0.0
9518,0.0
9519,0.0
9520,0.0
9521,0.0
9522,0.0
9523,0.0
9524,0.0
9525,0.0
9526,0.0
9527,0.0
9528,0.0
9529,0.0
9530,0.0
9531,0.0
9532,0.0
9533,0.0
9534,0.0
9535,0.0
9536,0.0
9537,0.0
9538,0.0
9539,0.0
9540,0.0
9541,0.0
9542,0.0
9543,0.0
9544,0.0
9545,0.0
9546,0.0
9547,0.0
9548,0.0
9549,0.0
9550,0.0
9551,0.0
9552,0.0
9553,0.0
9554,0.0
9555,0.0
9556,0.0
9557,0.0
9558,0.0
9559,0.0
9560,0.0
9561,0.0
9562,0.0
9563,0.0
9564,0.0
9565,0.0
9566,0.0
9567,0.0
9568,0.0
9569,0.0
9570,0.0
9571,0.0
9572,0.0
9573,0.0
9574,0.0
9575,0.0
9576,4327.69287109375
9577,0.0
9578,0.0
9579,0.0
9580,0.0
9581,0.0
9582,0.0
9583,0.0
9584,0.0
9585,0.0
9586,0.0
9587,0.0
9588,0.0
9589,0.0
9590,0.0
9591,0.0
9592,0.0
9593,0.0
9594,0.0
9595,0.0
9596,0.0
9597,0.0
9598,0.0
9599,0.0
9600,0.0
9601,0.0
9602,0.0
9603,0.0
9604,0.0
9605,0.0
9606,0.0
9607,0.0
9608,0.0
9609,0.0
9610,0.0
9611,0.0
9612,0.0
9613,0.0
9614,0.0
9615,0.0
9616,0.0
9617,13070.4462890625
9618,17874.11328125
9619,0.0
9620,0.0
9621,0.0
9622,0.0
9623,0.0
9624,0.0
9625,0.0
9626,7770.75439453125
9627,0.0
9628,0.0
9629,0.0
9630,0.0
9631,0.0
9632,0.0
9633,0.0
9634,0.0
9635,0.0
9636,0.0
9637,0.0
9638,0.0
9639,0.0
9640,0.0
9641,0.0
9642,0.0
9643,0.0
9644,0.0
9645,5368.43603515625
9646,0.0
9647,0.0
9648,0.0
9649,0.0
9650,0.0
9651,0.0
9652,0.0
9653,0.0
9654,0.0
9655,4465.6845703125
9656,0.0
9657,0.0
9658,0.0
9659,0.0
9660,0.0
9661,0.0
9662,0.0
9663,0.0
9664,0.0
9665,0.0
9666,0.0
9667,0.0
9668,0.0
9669,0.0
9670,0.0
9671,0.0
9672,0.0
9673,10409.9453125
9674,0.0
9675,0.0
9676,0.0
9677,0.0
9678,0.0
9679,0.0
9680,0.0
9681,0.0
9682,0.0
9683,0.0
9684,0.0
9685,0.0
9686,0.0
9687,0.0
9688,0.0
9689,0.0
9690,7546.2236328125
9691,0.0
9692,0.0
9693,0.0
9694,0.0
9695,0.0
9696,0.0
9697,0.0
9698,0.0
9699,0.0
9700,0.0
9701,0.0
9702,0.0
9703,0.0
9704,0.0
9705,0.0
9706,0.0
9707,0.0
9708,0.0
9709,0.0
9710,0.0
9711,0.0
9712,0.0
9713,0.0
9714,0.0
9715,0.0
9716,0.0
9717,0.0
9718,0.0
9719,0.0
9720,0.0
9721,0.0
9722,0.0
9723,0.0
9724,0.0
9725,0.0
9726,0.0
9727,0.0
9728,0.0
9729,0.0
9730,0.0
9731,0.0
9732,0.0
9733,0.0
9734,0.0
9735,0.0
9736,0.0
9737,0.0
9738,0.0
9739,0.0
9740,0.0
9741,0.0
9742,0.0
9743,0.0
9744,0.0
9745,0.0
9746,0.0
9747,0.0
9748,0.0
9749,0.0
9750,0.0
9751,0.0
9752,4817.755859375
9753,0.0
9754,0.0
9755,0.0
9756,0.0
9757,0.0
9758,0.0
9759,0.0
9760,0.0
9761,0.0
9762,0.0
9763,0.0
9764,0.0
9765,0.0
9766,5201.10107421875
9767,0.0
9768,0.0
9769,0.0
9770,0.0
9771,0.0
9772,0.0
9773,0.0
9774,0.0
9775,0.0
9776,0.0
9777,0.0
9778,0.0
9779,0.0
9780,0.0
9781,0.0
9782,0.0
9783,0.0
9784,0.0
9785,0.0
9786,0.0
9787,0.0
9788,0.0
9789,0.0
9790,0.0
9791,0.0
9792,0.0
9793,0.0
9794,0.0
9795,0.0
9796,0.0
9797,0.0
9798,0.0
9799,0.0
9800,0.0
9801,0.0
9802,0.0
9803,0.0
9804,0.0
9805,0.0
9806,0.0
9807,0.0
9808,0.0
9809,7609.611328125
9810,0.0
9811,0.0
9812,0.0
9813,0.0
9814,0.0
9815,0.0
9816,0.0
9817,0.0
9818,0.0
9819,5201.10107421875
9820,0.0
9821,0.0
9822,0.0
9823,5412.73095703125
9824,0.0
9825,0.0
9826,0.0
9827,0.0
9828,0.0
9829,0.0
9830,0.0
9831,0.0
9832,0.0
9833,0.0
9834,0.0
9835,0.0
9836,0.0
9837,0.0
9838,0.0
9839,0.0
9840,0.0
9841,0.0
9842,0.0
9843,0.0
9844,0.0
9845,0.0
9846,0.0
9847,0.0
9848,0.0
9849,0.0
9850,15016.431640625
9851,0.0
9852,0.0
9853,0.0
9854,0.0
9855,0.0
9856,0.0
9857,0.0
9858,0.0
9859,0.0
9860,0.0
9861,0.0
9862,0.0
9863,0.0
9864,4688.0634765625
9865,0.0
9866,0.0
9867,0.0
9868,0.0
9869,0.0
9870,0.0
9871,0.0
9872,0.0
9873,0.0
9874,0.0
9875,0.0
9876,0.0
9877,0.0
9878,0.0
9879,0.0
9880,0.0
9881,0.0
9882,0.0
9883,0.0
9884,0.0
9885,0.0
9886,0.0
9887,0.0
9888,0.0
9889,0.0
9890,0.0
9891,0.0
9892,0.0
9893,0.0
9894,0.0
9895,0.0
9896,0.0
9897,0.0
9898,0.0
9899,0.0
9900,0.0
9901,0.0
9902,0.0
9903,0.0
9904,0.0
9905,0.0
9906,0.0
9907,0.0
9908,0.0
9909,0.0
9910,0.0
9911,0.0
9912,0.0
9913,0.0
9914,0.0
9915,0.0
9916,0.0
9917,0.0
9918,0.0
9919,0.0
9920,0.0
9921,0.0
9922,0.0
9923,0.0
9924,0.0
9925,0.0
9926,0.0
9927,0.0
9928,0.0
9929,0.0
9930,0.0
9931,0.0
9932,0.0
9933,0.0
9934,0.0
9935,0.0
9936,0.0
9937,0.0
9938,0.0
9939,9376.326171875
9940,0.0
9941,0.0
9942,0.0
9943,0.0
9944,0.0
9945,0.0
9946,0.0
9947,0.0
9948,0.0
9949,0.0
9950,0.0
9951,0.0
9952,0.0
9953,0.0
9954,0.0
9955,0.0
9956,0.0
9957,0.0
9958,0.0
9959,0.0
9960,0.0
9961,0.0
9962,0.0
9963,0.0
9964,0.0
9965,0.0
9966,0.0
9967,0.0
9968,0.0
9969,0.0
9970,0.0
9971,0.0
9972,0.0
9973,0.0
9974,0.0
9975,0.0
9976,0.0
9977,0.0
9978,0.0
9979,0.0
9980,0.0
9981,0.0
9982,0.0
9983,5201.10107421875
9984,12060.5166015625
9985,0.0
9986,0.0
9987,0.0
9988,0.0
9989,0.0
9990,0.0
9991,0.0
9992,0.0
9993,0.0
9994,0.0
9995,0.0
9996,0.0
9997,0.0
9998,0.0
9999,0.0
10000,0.0
10001,0.0
10002,0.0
10003,0.0
10004,0.0
10005,0.0
10006,0.0
10007,0.0
10008,0.0
10009,0.0
10010,0.0
10011,0.0
10012,7609.611328125
10013,0.0
10014,0.0
10015,0.0
10016,0.0
10017,0.0
10018,0.0
10019,0.0
10020,0.0
10021,0.0
10022,0.0
10023,0.0
10024,0.0
10025,0.0
10026,0.0
10027,0.0
10028,0.0
10029,0.0
10030,0.0
10031,0.0
10032,0.0
10033,0.0
10034,0.0
10035,0.0
10036,0.0
10037,0.0
10038,0.0
10039,0.0
10040,0.0
10041,0.0
10042,0.0
10043,0.0
10044,0.0
10045,0.0
10046,0.0
10047,0.0
10048,0.0
10049,0.0
10050,0.0
10051,0.0
10052,0.0
10053,0.0
10054,0.0
10055,0.0
10056,0.0
10057,0.0
10058,0.0
10059,0.0
10060,0.0
10061,0.0
10062,0.0
10063,0.0
10064,0.0
10065,0.0
10066,0.0
10067,0.0
10068,0.0
10069,0.0
10070,0.0
10071,0.0
10072,0.0
10073,0.0
10074,0.0
10075,0.0
10076,0.0
10077,0.0
10078,0.0
10079,0.0
10080,0.0
10081,0.0
10082,5254.6064453125
10083,0.0
10084,0.0
10085,0.0
10086,5254.6064453125
10087,0.0
10088,0.0
10089,0.0
10090,0.0
10091,0.0
10092,0.0
10093,0.0
10094,0.0
10095,0.0
10096,0.0
10097,0.0
10098,0.0
10099,0.0
10100,0.0
10101,0.0
10102,0.0
10103,0.0
10104,0.0
10105,0.0
10106,0.0
10107,0.0
10108,0.0
10109,0.0
10110,0.0
10111,0.0
10112,0.0
10113,0.0
10114,0.0
10115,0.0
10116,0.0
10117,0.0
10118,0.0
10119,0.0
10120,0.0
10121,0.0
10122,0.0
10123,0.0
10124,0.0
10125,0.0
10126,0.0
10127,0.0
10128,0.0
10129,0.0
10130,0.0
10131,0.0
10132,0.0
10133,0.0
10134,0.0
10135,0.0
10136,0.0
10137,4711.353515625
10138,0.0
10139,0.0
10140,0.0
10141,0.0
10142,0.0
10143,0.0
10144,0.0
10145,0.0
10146,0.0
10147,0.0
10148,0.0
10149,0.0
10150,0.0
10151,0.0
10152,9317.9130859375
10153,0.0
10154,0.0
10155,0.0
10156,0.0
10157,0.0
10158,0.0
10159,0.0
10160,0.0
10161,0.0
10162,0.0
10163,0.0
10164,0.0
10165,0.0
10166,0.0
10167,0.0
10168,0.0
10169,0.0
10170,0.0
10171,0.0
10172,0.0
10173,0.0
10174,0.0
10175,0.0
10176,0.0
10177,0.0
10178,0.0
10179,0.0
10180,0.0
10181,0.0
10182,0.0
10183,0.0
10184,0.0
10185,0.0
10186,0.0
10187,0.0
10188,0.0
10189,0.0
10190,0.0
10191,0.0
10192,0.0
10193,0.0
10194,0.0
10195,0.0
10196,0.0
10197,0.0
10198,0.0
10199,0.0
10200,0.0
10201,0.0
10202,0.0
10203,0.0
10204,0.0
10205,0.0
10206,0.0
10207,0.0
10208,0.0
10209,0.0
10210,0.0
10211,0.0
10212,0.0
10213,0.0
10214,0.0
10215,0.0
10216,5142.68701171875
10217,0.0
10218,0.0
10219,0.0
10220,0.0
10221,0.0
10222,0.0
10223,0.0
10224,0.0
10225,0.0
10226,0.0
10227,0.0
10228,0.0
10229,0.0
10230,0.0
10231,0.0
10232,0.0
10233,0.0
10234,0.0
10235,0.0
10236,0.0
10237,0.0
10238,0.0
10239,0.0
10240,0.0
10241,0.0
10242,0.0
10243,0.0
10244,0.0
10245,0.0
10246,0.0
10247,0.0
10248,0.0
10249,0.0
10250,0.0
10251,0.0
10252,0.0
10253,0.0
10254,0.0
10255,0.0
10256,0.0
10257,12002.103515625
10258,5045.921875
10259,0.0
10260,0.0
10261,0.0
10262,0.0
10263,0.0
10264,0.0
10265,0.0
10266,0.0
10267,0.0
10268,0.0
10269,0.0
10270,0.0
10271,0.0
10272,0.0
10273,5745.54296875
10274,4581.64599609375
10275,6255.4111328125
10276,5173.333984375
10277,6429.3828125
10278,5173.333984375
10279,5962.7294921875
10280,5962.7294921875
10281,4877.8310546875
10282,4395.5615234375
10283,6260.10009765625
10284,6429.3828125
10285,6114.93798828125
10286,5025.0400390625
10287,5391.45654296875
10288,4395.5615234375
10289,6846.369140625
10290,6114.93798828125
10291,7007.2890625
10292,6231.34130859375
10293,6574.544921875
10294,5187.78466796875
10295,6574.544921875
10296,4547.77001953125
10297,7172.9306640625
10298,6260.10009765625
10299,5742.08642578125
10300,5859.3623046875
10301,5150.7177734375
10302,5150.7177734375
10303,5855.90576171875
10304,6825.306640625
10305,5177.24853515625
10306,5802.8125
10307,5923.4345703125
10308,6984.5869140625
10309,5261.2265625
10310,6116.9384765625
10311,5802.8125
10312,6114.93798828125
10313,6076.548828125
10314,5760.146484375
10315,6039.45703125
10316,5823.47998046875
10317,6469.8408203125
10318,5173.333984375
10319,5543.6650390625
10320,6356.9677734375
10321,5177.24853515625
10322,7617.8466796875
10323,6913.77197265625
10324,5391.45654296875
10325,6429.3828125
10326,4581.64599609375
10327,4395.5615234375
10328,6871.986328125
10329,5970.5146484375
10330,6400.5732421875
10331,6116.9384765625
10332,5855.90576171875
10333,5173.333984375
10334,6051.5478515625
10335,4796.50537109375
10336,5114.01611328125
10337,5422.0693359375
10338,6429.3828125
10339,4908.6689453125
10340,4796.50537109375
10341,6219.25
10342,5280.82177734375
10343,5538.65673828125
10344,4830.38134765625
10345,6116.9384765625
10346,6526.509765625
10347,5439.6259765625
10348,5593.94140625
10349,5968.64208984375
10350,5545.43896484375
10351,5601.35107421875
10352,5422.0693359375
10353,6574.544921875
10354,6429.3828125
10355,5760.146484375
10356,6260.10009765625
10357,5509.9619140625
10358,6400.5732421875
10359,5746.51318359375
10360,5422.0693359375
10361,6574.544921875
10362,6429.3828125
10363,5273.775390625
10364,5760.146484375
10365,5509.9619140625
10366,5425.98388671875
10367,5242.4326171875
10368,5594.3046875
10369,4796.50537109375
10370,5128.61328125
10371,5994.2783203125
10372,5785.0908203125
10373,5425.98388671875
10374,5671.271484375
10375,4644.296875
10376,4644.296875
10377,5449.142578125
10378,5439.6259765625
10379,5509.9619140625
10380,6051.5478515625
10381,5971.7763671875
10382,5545.43896484375
10383,5746.51318359375
10384,6574.544921875
10385,5425.98388671875
10386,5760.146484375
10387,5509.9619140625
10388,4830.38134765625
10389,6116.9384765625
10390,5425.98388671875
10391,6429.3828125
10392,6260.10009765625
10393,6051.5478515625
10394,6116.9384765625
10395,6429.3828125
10396,6260.10009765625
10397,4644.296875
10398,4796.50537109375
10399,6885.61669921875
10400,5422.0693359375
10401,5242.4326171875
10402,4644.296875
10403,5422.0693359375
10404,5739.41259765625
10405,4796.50537109375
10406,5906.3857421875
10407,5422.0693359375
10408,7172.9306640625
10409,6051.5478515625
10410,4796.50537109375
10411,5659.7021484375
10412,5422.0693359375
10413,6574.544921875
10414,5019.529296875
10415,5971.7763671875
10416,4825.5859375
10417,6051.5478515625
10418,4644.296875
10419,4644.296875
10420,5746.51318359375
10421,5774.333984375
10422,5780.38916015625
10423,8369.5654296875
10424,5906.3857421875
10425,6260.10009765625
10426,5509.9619140625
10427,5743.49462890625
10428,6574.544921875
10429,4796.50537109375
10430,6073.58984375
10431,5422.0693359375
10432,5601.35107421875
10433,4825.5859375
10434,5971.7763671875
10435,5746.51318359375
10436,5425.98388671875
10437,5235.62939453125
10438,5538.65673828125
10439,5906.3857421875
10440,5962.7294921875
10441,5509.9619140625
10442,5509.9619140625
10443,6116.9384765625
10444,5746.51318359375
10445,5774.333984375
10446,5422.0693359375
10447,6260.10009765625
10448,6786.17236328125
10449,6574.544921875
10450,6260.10009765625
10451,5509.9619140625
10452,6051.5478515625
10453,4796.50537109375
10454,5019.529296875
10455,6869.9033203125
10456,6869.9033203125
10457,5425.98388671875
10458,5019.529296875
10459,4825.5859375
10460,7172.9306640625
10461,5906.3857421875
10462,6380.48828125
10463,5956.25390625
10464,6116.9384765625
10465,5425.98388671875
10466,9987.7998046875
10467,7069.80712890625
10468,6691.64306640625
10469,4709.7197265625
10470,5543.6650390625
10471,7147.72998046875
10472,3971.850341796875
10473,11034.9609375
10474,15838.62890625
10475,5449.142578125
10476,4796.50537109375
10477,5906.3857421875
10478,5422.0693359375
10479,9740.8896484375
10480,4737.236328125
10481,6336.23779296875
10482,4882.697265625
10483,4709.7197265625
10484,6260.10009765625
10485,6336.23779296875
10486,5594.3046875
10487,5780.38916015625
10488,6574.544921875
10489,4551.15185546875
10490,4825.5859375
10491,5328.92431640625
10492,5187.6767578125
10493,4825.5859375
10494,6051.5478515625
10495,5328.92431640625
10496,5328.92431640625
10497,5452.2939453125
10498,4703.3603515625
10499,5328.92431640625
10500,5593.94140625
10501,5905.30859375
10502,7112.0849609375
10503,6336.23779296875
10504,6107.8916015625
10505,4737.236328125
10506,5328.92431640625
10507,5508.2060546875
10508,4703.3603515625
10509,4551.15185546875
10510,5425.98388671875
10511,5355.99755859375
10512,7079.78564453125
10513,6051.5478515625
10514,4703.3603515625
10515,4826.28662109375
10516,6051.5478515625
10517,5425.98388671875
10518,5578.12646484375
10519,8276.419921875
10520,5746.51318359375
10521,6376.69580078125
10522,5425.98388671875
10523,5328.92431640625
10524,4551.15185546875
10525,5688.98681640625
10526,5355.99755859375
10527,7088.40673828125
10528,6260.375
10529,10135.3193359375
10530,8584.3798828125
10531,5618.6591796875
10532,5980.03759765625
10533,5466.45068359375
10534,6446.69091796875
10535,6478.99609375
10536,5652.53515625
10537,5428.4580078125
10538,6842.61474609375
10539,5659.19921875
10540,6446.69091796875
10541,5840.7880859375
10542,4944.1416015625
10543,5394.58203125
10544,4910.265625
10545,5618.6591796875
10546,7271.59716796875
10547,7190.23876953125
10548,6446.69091796875
10549,5840.7880859375
10550,5535.82958984375
10551,6446.69091796875
10552,9778.380859375
10553,5376.80126953125
10554,5394.58203125
10555,6446.69091796875
10556,5980.03759765625
10557,6446.69091796875
10558,5394.58203125
10559,5466.45068359375
10560,5618.6591796875
10561,5840.7880859375
10562,7416.51171875
10563,6446.69091796875
10564,6020.14599609375
10565,6138.921875
10566,11385.97265625
10567,6578.3564453125
10568,6024.6611328125
10569,6210.62744140625
10570,6094.0400390625
10571,7004.9013671875
10572,5580.6396484375
10573,6094.0400390625
10574,6172.22998046875
10575,6532.17529296875
10576,5261.36865234375
10577,6434.490234375
10578,5134.3037109375
10579,4635.8046875
10580,5261.36865234375
10581,5191.98974609375
10582,4483.59619140625
10583,5344.1982421875
10584,4635.8046875
10585,4967.91259765625
10586,5191.98974609375
10587,6133.4326171875
10588,6510.07861328125
10589,6195.6337890625
10590,7253.62646484375
10591,5682.046875
10592,6510.07861328125
10593,6510.07861328125
10594,5529.83837890625
10595,4821.44482421875
10596,6767.7412109375
10597,5672.5302734375
10598,6510.07861328125
10599,6043.42529296875
10600,7253.62646484375
10601,6542.3837890625
10602,7504.52490234375
10603,5457.9697265625
10604,5715.9228515625
10605,6510.07861328125
10606,6510.07861328125
10607,5951.48193359375
10608,5840.84228515625
10609,4973.6533203125
10610,5687.10986328125
10611,5457.9697265625
10612,6083.53369140625
10613,5305.76123046875
10614,6542.3837890625
10615,5196.67724609375
10616,7253.62646484375
10617,6510.07861328125
10618,7575.876953125
10619,5457.9697265625
10620,4973.6533203125
10621,6043.42529296875
10622,5840.84228515625
10623,6510.07861328125
10624,8450.2607421875
10625,5682.046875
10626,6083.53369140625
10627,6012.5380859375
10628,5529.83837890625
10629,5599.21728515625
10630,6510.07861328125
10631,6510.07861328125
10632,6336.10693359375
10633,6510.07861328125
10634,9821.5849609375
10635,5457.9697265625
10636,6510.07861328125
10637,6166.654296875
10638,6542.3837890625
10639,5305.76123046875
10640,5682.046875
10641,6052.47216796875
10642,5904.17578125
10643,4821.44482421875
10644,5529.83837890625
10645,6510.07861328125
10646,5085.81689453125
10647,5904.17578125
10648,4821.44482421875
10649,6043.42529296875
10650,5457.9697265625
10651,7253.62646484375
10652,4821.44482421875
10653,5529.83837890625
10654,5682.046875
10655,7253.62646484375
10656,6012.5380859375
10657,7253.62646484375
10658,5196.67724609375
10659,4821.44482421875
10660,6195.6337890625
10661,6043.42529296875
10662,4973.6533203125
10663,6510.07861328125
10664,5599.21728515625
10665,7334.98486328125
10666,5520.32177734375
10667,6195.6337890625
10668,5809.07763671875
10669,6336.10693359375
10670,6195.6337890625
10671,5624.36083984375
10672,5682.046875
10673,5491.845703125
10674,6195.6337890625
10675,6234.19873046875
10676,6903.43505859375
10677,7398.697265625
10678,6903.43505859375
10679,6445.82861328125
10680,6903.43505859375
10681,7646.98291015625
10682,6903.43505859375
10683,5699.11767578125
10684,5992.57373046875
10685,6075.4033203125
10686,5479.17333984375
10687,6080.46630859375
10688,5479.17333984375
10689,5923.19482421875
10690,7646.98291015625
10691,5367.009765625
10692,6564.78271484375
10693,6075.4033203125
10694,6588.990234375
10695,6903.43505859375
10696,6206.44970703125
10697,6940.181640625
10698,6206.44970703125
10699,4670.0244140625
10700,5154.3408203125
10701,6949.99755859375
10702,5002.13232421875
10703,6238.7548828125
10704,5295.58837890625
10705,5322.29833984375
10706,15078.5654296875
10707,4782.18798828125
10708,5378.41796875
10709,8146.63232421875
10710,4670.0244140625
10711,5002.13232421875
10712,5378.41796875
10713,6528.4462890625
10714,5291.82373046875
10715,6181.6962890625
10716,4807.50732421875
10717,6069.59619140625
10718,4807.50732421875
10719,5738.02978515625
10720,6069.59619140625
10721,5895.62451171875
10722,8436.32421875
10723,5585.27978515625
10724,6528.4462890625
10725,5291.82373046875
10726,7239.68896484375
10727,8436.32421875
10728,6665.33837890625
10729,6038.53466796875
10730,5626.76123046875
10731,5668.109375
10732,5890.23828125
10733,5585.27978515625
10734,5826.90478515625
10735,5998.6005859375
10736,5291.82373046875
10737,6707.7685546875
10738,5444.0322265625
10739,4959.7158203125
10740,5182.73974609375
10741,6069.59619140625
10742,5444.0322265625
10743,5937.54443359375
10744,4959.7158203125
10745,6181.6962890625
10746,6157.48876953125
10747,6181.6962890625
10748,6496.14111328125
10749,4807.50732421875
10750,5668.109375
10751,5265.5869140625
10752,5826.90478515625
10753,4959.7158203125
10754,6496.14111328125
10755,4807.50732421875
10756,6496.14111328125
10757,6496.14111328125
10758,5291.82373046875
10759,5890.23828125
10760,5585.27978515625
10761,5444.0322265625
10762,5291.82373046875
10763,6181.6962890625
10764,6069.59619140625
10765,5585.27978515625
10766,6496.14111328125
10767,5515.90087890625
10768,5458.21484375
10769,5998.6005859375
10770,5444.0322265625
10771,6454.6875
10772,5937.54443359375
10773,6496.14111328125
10774,4807.50732421875
10775,6528.4462890625
10776,6181.6962890625
10777,5515.90087890625
10778,5175.95751953125
10779,6769.31201171875
10780,6029.48779296875
10781,6157.48876953125
10782,4807.50732421875
10783,6496.14111328125
10784,6157.48876953125
10785,6496.14111328125
10786,5946.28662109375
10787,5610.42333984375
10788,6496.14111328125
10789,5477.908203125
10790,4807.50732421875
10791,6029.48779296875
10792,5701.9853515625
10793,4959.7158203125
10794,4807.50732421875
10795,7012.0927734375
10796,5291.82373046875
10797,5444.0322265625
10798,5991.818359375
10799,5515.90087890625
10800,5738.02978515625
10801,5071.87939453125
10802,6496.14111328125
10803,5611.98974609375
10804,6158.11572265625
10805,6181.6962890625
10806,6152.716796875
10807,5291.82373046875
10808,5515.90087890625
10809,5071.87939453125
10810,7684.60498046875
10811,5444.0322265625
10812,5998.6005859375
10813,5515.90087890625
10814,5291.82373046875
10815,4959.7158203125
10816,6158.11572265625
10817,4959.7158203125
10818,5444.0322265625
10819,6496.14111328125
10820,5291.82373046875
10821,5477.908203125
10822,4959.7158203125
10823,7048.3525390625
10824,5668.109375
10825,5444.0322265625
10826,6665.33837890625
10827,5673.17236328125
10828,5610.42333984375
10829,5701.9853515625
10830,5890.23828125
10831,8228.65234375
10832,5668.109375
10833,6496.14111328125
10834,6038.53466796875
10835,5585.27978515625
10836,5202.17431640625
10837,6496.14111328125
10838,4993.591796875
10839,5826.90478515625
10840,11785.890625
10841,5998.6005859375
10842,5458.21484375
10843,5684.17333984375
10844,6496.14111328125
10845,6181.6962890625
10846,6069.59619140625
10847,6496.14111328125
10848,6496.14111328125
10849,4807.50732421875
10850,6181.6962890625
10851,5444.0322265625
10852,4959.7158203125
10853,5444.0322265625
10854,5937.54443359375
10855,4807.50732421875
10856,6029.48779296875
10857,10526.1201171875
10858,6496.14111328125
10859,6038.53466796875
10860,5684.17333984375
10861,5515.90087890625
10862,5826.90478515625
10863,5490.35546875
10864,6991.4033203125
10865,6496.14111328125
10866,6496.14111328125
10867,6496.14111328125
10868,7334.98486328125
10869,8065.99365234375
10870,5411.30810546875
10871,6938.74462890625
10872,6528.4462890625
10873,7239.68896484375
10874,6181.6962890625
10875,5291.82373046875
10876,5668.109375
10877,5182.73974609375
10878,5610.42333984375
10879,5071.87939453125
10880,5515.90087890625
10881,6496.14111328125
10882,6496.14111328125
10883,5585.27978515625
10884,5477.908203125
10885,6069.59619140625
10886,5291.82373046875
10887,6496.14111328125
10888,4807.50732421875
10889,6496.14111328125
10890,6069.59619140625
10891,4512.74609375
10892,6029.48779296875
10893,5291.82373046875
10894,5515.90087890625
10895,5761.54296875
10896,5991.818359375
10897,5585.27978515625
10898,5585.27978515625
10899,6496.14111328125
10900,6382.46044921875
10901,5673.17236328125
10902,5071.87939453125
10903,7239.68896484375
10904,5291.82373046875
10905,7239.68896484375
10906,5515.90087890625
10907,6140.34814453125
10908,6038.53466796875
10909,5127.67333984375
10910,5182.73974609375
10911,6496.14111328125
10912,6151.33349609375
10913,5937.54443359375
10914,5444.0322265625
10915,6123.2822265625
10916,4901.3017578125
10917,5980.12060546875
10918,5614.75830078125
10919,7181.27490234375
10920,4749.09326171875
10921,5385.6181640625
10922,6123.2822265625
10923,6763.2119140625
10924,6081.93408203125
10925,6437.72705078125
10926,5233.40966796875
10927,5457.48681640625
10928,5233.40966796875
10929,5069.25927734375
10930,4901.3017578125
10931,5526.86572265625
10932,5385.6181640625
10933,4901.3017578125
10934,5837.21044921875
10935,6437.72705078125
10936,5457.48681640625
10937,6123.2822265625
10938,6263.75537109375
10939,4749.09326171875
10940,6437.72705078125
10941,5385.6181640625
10942,6263.75537109375
10943,5457.48681640625
10944,6437.72705078125
10945,5609.6953125
10946,5526.86572265625
10947,5385.6181640625
10948,5768.49072265625
10949,3937.78515625
10950,6437.72705078125
10951,5940.1865234375
10952,5308.736328125
10953,5526.86572265625
10954,6437.72705078125
10955,5879.13037109375
10956,6437.72705078125
10957,5419.494140625
10958,5385.6181640625
10959,4901.3017578125
10960,5964.59814453125
10961,5940.1865234375
10962,6470.0322265625
10963,6437.72705078125
10964,8377.9111328125
10965,5609.6953125
10966,4901.3017578125
10967,6437.72705078125
10968,5124.32568359375
10969,6437.72705078125
10970,5971.07373046875
10971,6099.70166015625
10972,6099.70166015625
10973,8377.9111328125
10974,4749.09326171875
10975,5971.07373046875
10976,5980.12060546875
10977,6437.72705078125
10978,6470.0322265625
10979,5600.1787109375
10980,5457.48681640625
10981,6099.70166015625
10982,5526.86572265625
10983,4901.3017578125
10984,5013.46533203125
10985,6011.18212890625
10986,4901.3017578125
10987,5233.40966796875
10988,6123.2822265625
10989,5879.13037109375
10990,5457.48681640625
10991,6437.72705078125
10992,6721.9873046875
10993,5971.07373046875
10994,4935.177734375
10995,6123.2822265625
10996,6263.75537109375
10997,5879.13037109375
10998,5385.6181640625
10999,5526.86572265625
11000,6099.07470703125
11001,4749.09326171875
11002,6123.2822265625
11003,5980.12060546875
11004,6099.07470703125
11005,6437.72705078125
11006,4749.09326171875
11007,5013.46533203125
11008,6953.6787109375
11009,5526.86572265625
11010,5971.07373046875
11011,6437.72705078125
11012,5124.32568359375
11013,5457.48681640625
11014,4749.09326171875
11015,5385.6181640625
11016,6437.72705078125
11017,6463.25
11018,5940.1865234375
11019,8007.57958984375
11020,5879.13037109375
11021,5609.6953125
11022,5457.48681640625
11023,4749.09326171875
11024,6315.46630859375
11025,5940.1865234375
11026,6123.2822265625
11027,5526.86572265625
11028,5013.46533203125
11029,5526.86572265625
11030,7224.50244140625
11031,5233.40966796875
11032,5399.80078125
11033,5013.46533203125
11034,4664.2490234375
11035,4749.09326171875
11036,5614.75830078125
11037,5526.86572265625
11038,4749.09326171875
11039,6123.2822265625
11040,5013.46533203125
11041,5457.48681640625
11042,5940.1865234375
11043,5971.07373046875
11044,5526.86572265625
11045,6437.72705078125
11046,5496.80078125
11047,5940.1865234375
11048,6123.2822265625
11049,5971.07373046875
11050,6123.2822265625
11051,5013.46533203125
11052,6989.9384765625
11053,6123.2822265625
11054,5399.80078125
11055,6123.2822265625
11056,7341.5517578125
11057,7181.27490234375
11058,6437.72705078125
11059,5879.13037109375
11060,5233.40966796875
11061,7503.525390625
11062,5940.1865234375
11063,6099.07470703125
11064,5609.6953125
11065,7693.6123046875
11066,5553.57568359375
11067,7097.7431640625
11068,4901.3017578125
11069,5233.40966796875
11070,4901.3017578125
11071,5933.404296875
11072,5768.49072265625
11073,4901.3017578125
11074,5457.48681640625
11075,5124.32568359375
11076,5881.42431640625
11077,5933.404296875
11078,5609.6953125
11079,5614.75830078125
11080,5367.83740234375
11081,5609.6953125
11082,6437.72705078125
11083,6819.2294921875
11084,6011.18212890625
11085,5609.6953125
11086,6437.72705078125
11087,5933.404296875
11088,6437.72705078125
11089,7626.19091796875
11090,4749.09326171875
11091,5526.86572265625
11092,6437.72705078125
11093,5609.6953125
11094,7399.46435546875
11095,5013.46533203125
11096,6123.2822265625
11097,5457.48681640625
11098,6253.32861328125
11099,4901.3017578125
11100,5971.07373046875
11101,4935.177734375
11102,4901.3017578125
11103,5609.6953125
11104,5940.1865234375
11105,5940.1865234375
11106,6945.640625
11107,4901.3017578125
11108,6011.18212890625
11109,6945.640625
11110,5124.32568359375
11111,5385.6181640625
11112,5457.48681640625
11113,11727.4775390625
11114,6305.642578125
11115,5013.46533203125
11116,6945.640625
11117,5013.46533203125
11118,5457.48681640625
11119,5933.404296875
11120,5409.04150390625
11121,5609.6953125
11122,4749.09326171875
11123,5385.6181640625
11124,4749.09326171875
11125,8100.259765625
11126,7657.65625
11127,8401.2060546875
11128,6543.83984375
11129,7440.33349609375
11130,7347.43017578125
11131,8379.96484375
11132,7364.017578125
11133,8096.32958984375
11134,7056.68115234375
11135,7762.41015625
11136,7762.41015625
11137,6782.94482421875
11138,6681.67138671875
11139,7907.572265625
11140,8096.32958984375
11141,7762.41015625
11142,6826.83349609375
11143,7215.85986328125
11144,6681.67138671875
11145,8552.736328125
11146,7762.41015625
11147,8488.251953125
11148,8503.890625
11149,8241.4912109375
11150,7460.3330078125
11151,8241.4912109375
11152,6411.64208984375
11153,8980.8359375
11154,7907.572265625
11155,7566.48974609375
11156,7554.15283203125
11157,7374.921875
11158,7374.921875
11159,7655.58642578125
11160,8471.83984375
11161,6864.140625
11162,7509.1796875
11163,7725.22802734375
11164,8730.267578125
11165,7440.33349609375
11166,8241.4912109375
11167,7509.1796875
11168,7762.41015625
11169,7900.9521484375
11170,7884.69970703125
11171,7686.92919921875
11172,7470.9521484375
11173,8133.2822265625
11174,7326.71044921875
11175,7191.13720703125
11176,8599.0166015625
11177,6864.140625
11178,9211.9248046875
11179,8659.4521484375
11180,7191.13720703125
11181,8096.32958984375
11182,7347.43017578125
11183,6681.67138671875
11184,8679.8916015625
11185,7671.42236328125
11186,8525.126953125
11187,8241.4912109375
11188,7655.58642578125
11189,7056.68115234375
11190,7757.9150390625
11191,6930.40673828125
11192,7879.80029296875
11193,7575.44580078125
11194,8096.32958984375
11195,6955.12939453125
11196,6930.40673828125
11197,7920.15771484375
11198,6930.40673828125
11199,7542.91650390625
11200,7596.16552734375
11201,8241.4912109375
11202,9520.7080078125
11203,7239.306640625
11204,7757.9150390625
11205,7616.1142578125
11206,8080.1005859375
11207,7248.8232421875
11208,7689.06884765625
11209,8241.4912109375
11210,8096.32958984375
11211,7884.69970703125
11212,7907.572265625
11213,7689.06884765625
11214,8525.126953125
11215,7393.9853515625
11216,7305.41650390625
11217,8241.4912109375
11218,8096.32958984375
11219,7075.56884765625
11220,7884.69970703125
11221,7689.06884765625
11222,6805.53955078125
11223,7044.22607421875
11224,7393.9853515625
11225,6930.40673828125
11226,6930.40673828125
11227,7689.06884765625
11228,7584.771484375
11229,7112.8759765625
11230,7470.9521484375
11231,6930.40673828125
11232,6930.40673828125
11233,7248.8232421875
11234,7239.306640625
11235,7689.06884765625
11236,7450.57861328125
11237,8096.32958984375
11238,7769.64306640625
11239,7393.9853515625
11240,8241.4912109375
11241,7075.56884765625
11242,7884.69970703125
11243,7689.06884765625
11244,7596.16552734375
11245,8241.4912109375
11246,6805.53955078125
11247,8096.32958984375
11248,7907.572265625
11249,7757.9150390625
11250,8241.4912109375
11251,8096.32958984375
11252,7907.572265625
11253,6930.40673828125
11254,6660.37744140625
11255,8631.296875
11256,7612.7529296875
11257,7044.22607421875
11258,6930.40673828125
11259,7575.44580078125
11260,8274.0751953125
11261,6967.7138671875
11262,7612.7529296875
11263,7612.7529296875
11264,9005.55859375
11265,7757.9150390625
11266,6967.7138671875
11267,7459.3828125
11268,7612.7529296875
11269,8241.4912109375
11270,7144.58740234375
11271,8096.32958984375
11272,6920.82763671875
11273,7757.9150390625
11274,6930.40673828125
11275,6930.40673828125
11276,7393.9853515625
11277,7713.79150390625
11278,8022.4375
11279,10603.5244140625
11280,7612.7529296875
11281,7907.572265625
11282,7689.06884765625
11283,8024.96240234375
11284,8241.4912109375
11285,6967.7138671875
11286,7993.4990234375
11287,7612.7529296875
11288,7248.8232421875
11289,6627.37939453125
11290,8096.32958984375
11291,7393.9853515625
11292,7112.8759765625
11293,7550.3466796875
11294,7542.91650390625
11295,7305.41650390625
11296,7419.51611328125
11297,7689.06884765625
11298,7689.06884765625
11299,8241.4912109375
11300,7393.9853515625
11301,7713.79150390625
11302,7575.44580078125
11303,7907.572265625
11304,9780.37109375
11305,8241.4912109375
11306,7907.572265625
11307,7689.06884765625
11308,7757.9150390625
11309,6967.7138671875
11310,7583.23583984375
11311,8334.9140625
11312,8971.2568359375
11313,7112.8759765625
11314,7583.23583984375
11315,6920.82763671875
11316,8980.8359375
11317,7612.7529296875
11318,8302.703125
11319,7619.6953125
11320,8241.4912109375
11321,6805.53955078125
11322,11994.869140625
11323,10064.005859375
11324,8875.970703125
11325,6631.74169921875
11326,7191.13720703125
11327,9069.9443359375
11328,6737.63427734375
11329,12337.0859375
11330,12432.41796875
11331,7248.8232421875
11332,6967.7138671875
11333,7575.44580078125
11334,7612.7529296875
11335,11974.8505859375
11336,7503.0205078125
11337,8003.1845703125
11338,7023.0244140625
11339,7053.48193359375
11340,7907.572265625
11341,8003.1845703125
11342,7393.9853515625
11343,8022.4375
11344,8241.4912109375
11345,6837.26171875
11346,6627.37939453125
11347,7482.30078125
11348,6837.26171875
11349,6920.82763671875
11350,7757.9150390625
11351,7519.60791015625
11352,7212.271484375
11353,8115.14697265625
11354,6874.56884765625
11355,7482.30078125
11356,7757.9150390625
11357,8029.86181640625
11358,9296.412109375
11359,8003.1845703125
11360,7907.572265625
11361,7503.0205078125
11362,7595.923828125
11363,7155.67822265625
11364,6874.56884765625
11365,6837.26171875
11366,7112.8759765625
11367,7155.67822265625
11368,8544.796875
11369,7757.9150390625
11370,6567.232421875
11371,6950.83984375
11372,7757.9150390625
11373,6805.53955078125
11374,7402.52978515625
11375,10510.37890625
11376,7393.9853515625
11377,8040.13720703125
11378,7112.8759765625
11379,7212.271484375
11380,6837.26171875
11381,7608.89599609375
11382,6812.7841796875
11383,8755.353515625
11384,7907.84716796875
11385,14774.4765625
11386,10512.1787109375
11387,7266.13134765625
11388,7779.71826171875
11389,7266.13134765625
11390,8113.6376953125
11391,8406.7939453125
11392,7894.58349609375
11393,7709.92578125
11394,8927.7958984375
11395,8632.5087890625
11396,8113.6376953125
11397,7488.26025390625
11398,7709.92578125
11399,7081.47412109375
11400,7081.47412109375
11401,7266.13134765625
11402,8213.36328125
11403,8998.1435546875
11404,8113.6376953125
11405,7488.26025390625
11406,7689.2060546875
11407,8113.6376953125
11408,11785.4501953125
11409,7266.13134765625
11410,7044.1669921875
11411,8113.6376953125
11412,7779.71826171875
11413,8113.6376953125
11414,7081.47412109375
11415,7266.13134765625
11416,7266.13134765625
11417,7488.26025390625
11418,9600.8388671875
11419,8113.6376953125
11420,7726.51318359375
11421,8425.0322265625
11422,13393.0419921875
11423,8284.7236328125
11424,7824.341796875
11425,8653.5361328125
11426,8247.4169921875
11427,8671.8486328125
11428,7627.10009765625
11429,8247.4169921875
11430,7839.1767578125
11431,8238.54296875
11432,7144.7158203125
11433,8618.8173828125
11434,6933.984375
11435,6807.01318359375
11436,7452.05224609375
11437,6991.67041015625
11438,6769.7060546875
11439,6991.67041015625
11440,6807.01318359375
11441,6769.7060546875
11442,7285.11865234375
11443,8624.685546875
11444,8177.025390625
11445,7843.10595703125
11446,9354.9794921875
11447,7329.51904296875
11448,8177.025390625
11449,8177.025390625
11450,7622.96728515625
11451,7107.5546875
11452,8952.068359375
11453,7320.00244140625
11454,8177.025390625
11455,7843.10595703125
11456,9061.53125
11457,8470.181640625
11458,9426.7392578125
11459,6837.525390625
11460,7957.97119140625
11461,8177.025390625
11462,8177.025390625
11463,8159.6650390625
11464,7965.3955078125
11465,7144.86181640625
11466,7866.216796875
11467,7144.86181640625
11468,7752.59375
11469,7132.27734375
11470,8470.181640625
11471,7338.6435546875
11472,9061.53125
11473,8177.025390625
11474,9470.2529296875
11475,7144.86181640625
11476,7107.5546875
11477,7843.10595703125
11478,7965.3955078125
11479,8177.025390625
11480,10684.2197265625
11481,7329.51904296875
11482,7482.564453125
11483,8385.439453125
11484,7329.51904296875
11485,7789.90087890625
11486,8177.025390625
11487,8177.025390625
11488,8460.66015625
11489,8177.025390625
11490,12055.5458984375
11491,7144.86181640625
11492,8177.025390625
11493,8404.91015625
11494,8780.638671875
11495,7401.0029296875
11496,7329.51904296875
11497,8177.025390625
11498,7551.64794921875
11499,7107.5546875
11500,7329.51904296875
11501,8177.025390625
11502,6764.66064453125
11503,7551.64794921875
11504,7107.5546875
11505,7843.10595703125
11506,7144.86181640625
11507,9061.53125
11508,7107.5546875
11509,7354.24169921875
11510,7329.51904296875
11511,9061.53125
11512,8385.439453125
11513,9354.9794921875
11514,7338.6435546875
11515,7107.5546875
11516,7843.10595703125
11517,7843.10595703125
11518,7144.86181640625
11519,8177.025390625
11520,7752.59375
11521,7933.857421875
11522,7320.00244140625
11523,7843.10595703125
11524,8778.3681640625
11525,8460.66015625
11526,7843.10595703125
11527,7271.8330078125
11528,7329.51904296875
11529,7773.3134765625
11530,7843.10595703125
11531,8358.751953125
11532,8570.3818359375
11533,10392.896484375
11534,8570.3818359375
11535,8570.3818359375
11536,8570.3818359375
11537,9454.888671875
11538,8570.3818359375
11539,7500.9111328125
11540,7875.9208984375
11541,7722.87548828125
11542,7158.01708984375
11543,8259.5732421875
11544,7794.359375
11545,8016.32373046875
11546,9111.994140625
11547,7538.21826171875
11548,8259.5732421875
11549,7722.87548828125
11550,8236.4619140625
11551,8570.3818359375
11552,7873.396484375
11553,8242.7578125
11554,7873.396484375
11555,6841.23291015625
11556,6533.896484375
11557,8757.90234375
11558,6803.92578125
11559,7235.1689453125
11560,7178.935546875
11561,7486.27197265625
11562,16013.9130859375
11563,6461.03173828125
11564,7025.89013671875
11565,9449.20703125
11566,6533.896484375
11567,6803.92578125
11568,7025.89013671875
11569,7524.8603515625
11570,7093.6171875
11571,7829.16845703125
11572,7093.6171875
11573,7775.96337890625
11574,7093.6171875
11575,7537.71044921875
11576,7775.96337890625
11577,8059.59814453125
11578,10588.3212890625
11579,7775.96337890625
11580,8684.740234375
11581,7093.6171875
11582,9072.3173828125
11583,10588.3212890625
11584,8246.8173828125
11585,8163.087890625
11586,7464.7080078125
11587,7315.58154296875
11588,7537.71044921875
11589,7738.65625
11590,7951.4580078125
11591,8599.998046875
11592,7118.33984375
11593,9701.9677734375
11594,7130.92431640625
11595,7093.6171875
11596,7242.74365234375
11597,7775.96337890625
11598,7130.92431640625
11599,7509.38525390625
11600,7130.92431640625
11601,7829.16845703125
11602,8145.7275390625
11603,7829.16845703125
11604,8163.087890625
11605,7093.6171875
11606,7315.58154296875
11607,7315.60107421875
11608,7951.4580078125
11609,7130.92431640625
11610,8163.087890625
11611,7093.6171875
11612,8163.087890625
11613,8163.087890625
11614,7118.33984375
11615,7537.71044921875
11616,7468.626953125
11617,7130.92431640625
11618,7387.0654296875
11619,7829.16845703125
11620,7775.96337890625
11621,7775.96337890625
11622,8163.087890625
11623,6972.6875
11624,7282.6181640625
11625,8289.5400390625
11626,7130.92431640625
11627,8793.9716796875
11628,7509.38525390625
11629,8163.087890625
11630,7093.6171875
11631,8374.2822265625
11632,7829.16845703125
11633,7315.58154296875
11634,7016.01708984375
11635,8319.6142578125
11636,7853.89111328125
11637,7852.279296875
11638,7093.6171875
11639,8163.087890625
11640,7852.279296875
11641,8163.087890625
11642,8285.5703125
11643,7257.8955078125
11644,8163.087890625
11645,7759.3759765625
11646,7093.6171875
11647,7829.16845703125
11648,7944.03369140625
11649,7093.6171875
11650,7093.6171875
11651,9189.6298828125
11652,7093.6171875
11653,6823.587890625
11654,8062.81298828125
11655,6972.6875
11656,7194.81640625
11657,6750.72314453125
11658,8163.087890625
11659,7775.96337890625
11660,8314.4091796875
11661,7829.16845703125
11662,8309.0107421875
11663,7118.33984375
11664,7340.30419921875
11665,7118.33984375
11666,9196.7216796875
11667,7130.92431640625
11668,8289.5400390625
11669,7609.02978515625
11670,7093.6171875
11671,7130.92431640625
11672,8314.4091796875
11673,7130.92431640625
11674,7130.92431640625
11675,8163.087890625
11676,7093.6171875
11677,7759.3759765625
11678,7130.92431640625
11679,8860.767578125
11680,7315.58154296875
11681,6823.587890625
11682,8668.55859375
11683,7852.279296875
11684,7257.8955078125
11685,7944.03369140625
11686,7537.71044921875
11687,10384.9462890625
11688,7315.58154296875
11689,8163.087890625
11690,8163.087890625
11691,7738.65625
11692,7130.92431640625
11693,8163.087890625
11694,7759.3759765625
11695,7951.4580078125
11696,11626.1455078125
11697,8289.5400390625
11698,7257.8955078125
11699,8285.5703125
11700,8163.087890625
11701,7829.16845703125
11702,7775.96337890625
11703,8163.087890625
11704,8163.087890625
11705,7093.6171875
11706,7829.16845703125
11707,7093.6171875
11708,6823.587890625
11709,7130.92431640625
11710,7509.38525390625
11711,7093.6171875
11712,7853.89111328125
11713,12076.4208984375
11714,8163.087890625
11715,8163.087890625
11716,8285.5703125
11717,7315.58154296875
11718,7951.4580078125
11719,7732.40380859375
11720,9985.6025390625
11721,8163.087890625
11722,8163.087890625
11723,8163.087890625
11724,8570.2001953125
11725,10217.9912109375
11726,8059.59814453125
11727,8746.650390625
11728,8374.2822265625
11729,8704.7001953125
11730,7829.16845703125
11731,6750.72314453125
11732,7315.58154296875
11733,7242.74365234375
11734,7257.8955078125
11735,7118.33984375
11736,7315.58154296875
11737,8163.087890625
11738,8163.087890625
11739,7775.96337890625
11740,7759.3759765625
11741,7738.65625
11742,7118.33984375
11743,8163.087890625
11744,7093.6171875
11745,8163.087890625
11746,7738.65625
11747,6676.7197265625
11748,7829.16845703125
11749,7093.6171875
11750,7315.58154296875
11751,8043.0107421875
11752,8062.81298828125
11753,7775.96337890625
11754,7775.96337890625
11755,8163.087890625
11756,8001.40576171875
11757,7852.279296875
11758,6750.72314453125
11759,9072.3173828125
11760,7118.33984375
11761,9341.04296875
11762,7315.58154296875
11763,7978.294921875
11764,8163.087890625
11765,7775.96337890625
11766,7242.74365234375
11767,8163.087890625
11768,8087.68310546875
11769,8145.7275390625
11770,7130.92431640625
11771,7770.75439453125
11772,7035.203125
11773,8104.673828125
11774,7793.865234375
11775,8989.181640625
11776,7035.203125
11777,7072.51025390625
11778,7770.75439453125
11779,8575.6279296875
11780,7919.880859375
11781,8104.673828125
11782,7035.203125
11783,7257.16748046875
11784,7035.203125
11785,7717.54931640625
11786,6765.173828125
11787,7410.212890625
11788,7072.51025390625
11789,6765.173828125
11790,8001.18408203125
11791,8104.673828125
11792,7550.61572265625
11793,7770.75439453125
11794,8388.310546875
11795,7035.203125
11796,8104.673828125
11797,7072.51025390625
11798,8388.310546875
11799,7257.16748046875
11800,8104.673828125
11801,7257.16748046875
11802,7410.212890625
11803,7072.51025390625
11804,7893.0439453125
11805,6219.251953125
11806,8104.673828125
11807,8231.126953125
11808,7358.75048828125
11809,7410.212890625
11810,8104.673828125
11811,7818.587890625
11812,8104.673828125
11813,7700.9619140625
11814,7072.51025390625
11815,7072.51025390625
11816,7546.0771484375
11817,8541.5849609375
11818,8315.869140625
11819,8104.673828125
11820,10529.908203125
11821,7257.16748046875
11822,7072.51025390625
11823,8104.673828125
11824,7606.06982421875
11825,8104.673828125
11826,7795.47705078125
11827,8255.99609375
11828,8255.99609375
11829,10529.908203125
11830,7035.203125
11831,7770.75439453125
11832,8104.673828125
11833,8104.673828125
11834,8315.869140625
11835,7247.65087890625
11836,6914.2734375
11837,8255.99609375
11838,7717.54931640625
11839,7035.203125
11840,7328.6513671875
11841,7680.2421875
11842,7072.51025390625
11843,7059.92578125
11844,7770.75439453125
11845,7818.587890625
11846,7257.16748046875
11847,8104.673828125
11848,8878.2822265625
11849,7770.75439453125
11850,7700.9619140625
11851,7770.75439453125
11852,8388.310546875
11853,7818.587890625
11854,7035.203125
11855,7680.2421875
11856,7793.865234375
11857,7035.203125
11858,7770.75439453125
11859,8104.673828125
11860,7793.865234375
11861,8104.673828125
11862,7035.203125
11863,7059.92578125
11864,9131.216796875
11865,7717.54931640625
11866,8064.20263671875
11867,8104.673828125
11868,7184.32958984375
11869,7257.16748046875
11870,7035.203125
11871,7072.51025390625
11872,8104.673828125
11873,8089.1416015625
11874,8231.126953125
11875,10159.578125
11876,8087.3134765625
11877,7257.16748046875
11878,6914.2734375
11879,7035.203125
11880,7896.9453125
11881,8541.5849609375
11882,7770.75439453125
11883,7717.54931640625
11884,7059.92578125
11885,7717.54931640625
11886,9563.7880859375
11887,7059.92578125
11888,7224.2041015625
11889,6692.30908203125
11890,6129.75927734375
11891,7035.203125
11892,7793.865234375
11893,7680.2421875
11894,7035.203125
11895,7770.75439453125
11896,7328.6513671875
11897,7257.16748046875
11898,8231.126953125
11899,7770.75439453125
11900,7717.54931640625
11901,8104.673828125
11902,7648.798828125
11903,8231.126953125
11904,7770.75439453125
11905,7795.47705078125
11906,7770.75439453125
11907,6692.30908203125
11908,8802.3544921875
11909,7770.75439453125
11910,7224.2041015625
11911,7770.75439453125
11912,9497.8466796875
11913,8989.181640625
11914,8104.673828125
11915,8087.3134765625
11916,7059.92578125
11917,9315.94140625
11918,8541.5849609375
11919,7450.97119140625
11920,7257.16748046875
11921,9845.6123046875
11922,8175.59423828125
11923,8648.0458984375
11924,7530.55517578125
11925,7035.203125
11926,6765.173828125
11927,8004.39892578125
11928,7893.0439453125
11929,6765.173828125
11930,7257.16748046875
11931,7184.32958984375
11932,7770.75439453125
11933,8004.39892578125
11934,7257.16748046875
11935,7793.865234375
11936,7257.16748046875
11937,7257.16748046875
11938,8104.673828125
11939,8631.6455078125
11940,7410.212890625
11941,7257.16748046875
11942,8104.673828125
11943,8004.39892578125
11944,8104.673828125
11945,9138.30859375
11946,7035.203125
11947,7410.212890625
11948,8104.673828125
11949,7257.16748046875
11950,8911.58203125
11951,7328.6513671875
11952,7770.75439453125
11953,7257.16748046875
11954,7803.62939453125
11955,6765.173828125
11956,7427.8603515625
11957,8159.0068359375
11958,7035.203125
11959,7257.16748046875
11960,8231.126953125
11961,8231.126953125
11962,8612.5888671875
11963,7530.55517578125
11964,8175.59423828125
11965,8612.5888671875
11966,7606.06982421875
11967,7035.203125
11968,7257.16748046875
11969,11567.732421875
11970,8118.056640625
11971,7059.92578125
11972,8612.5888671875
11973,7328.6513671875
11974,7257.16748046875
11975,8004.39892578125
11976,6990.5205078125
11977,7257.16748046875
11978,7035.203125
11979,6765.173828125
11980,7035.203125
11981,9908.1650390625
11982,9324.6044921875
11983,10502.5576171875
11984,8191.31201171875
11985,7440.33349609375
11986,7347.43017578125
11987,8379.96484375
11988,7364.017578125
11989,8096.32958984375
11990,7056.68115234375
11991,7762.41015625
11992,7762.41015625
11993,6782.94482421875
11994,6681.67138671875
11995,7907.572265625
11996,8096.32958984375
11997,7762.41015625
11998,6826.83349609375
11999,7215.85986328125
12000,6681.67138671875
12001,8552.736328125
12002,7762.41015625
12003,8488.251953125
12004,8503.890625
12005,8241.4912109375
12006,7460.3330078125
12007,8241.4912109375
12008,6411.64208984375
12009,8980.8359375
12010,7907.572265625
12011,7566.48974609375
12012,7554.15283203125
12013,7374.921875
12014,7374.921875
12015,7655.58642578125
12016,8471.83984375
12017,6864.140625
12018,7509.1796875
12019,7725.22802734375
12020,8730.267578125
12021,7440.33349609375
12022,8241.4912109375
12023,7509.1796875
12024,7762.41015625
12025,7900.9521484375
12026,7884.69970703125
12027,7686.92919921875
12028,7470.9521484375
12029,8133.2822265625
12030,7326.71044921875
12031,7191.13720703125
12032,8599.0166015625
12033,6864.140625
12034,9211.9248046875
12035,8659.4521484375
12036,7191.13720703125
12037,8096.32958984375
12038,7347.43017578125
12039,6681.67138671875
12040,8679.8916015625
12041,7671.42236328125
12042,8525.126953125
12043,8241.4912109375
12044,7655.58642578125
12045,7056.68115234375
12046,7757.9150390625
12047,6930.40673828125
12048,7879.80029296875
12049,7575.44580078125
12050,8096.32958984375
12051,6955.12939453125
12052,6930.40673828125
12053,7920.15771484375
12054,6930.40673828125
12055,7542.91650390625
12056,7596.16552734375
12057,8241.4912109375
12058,9520.7080078125
12059,7239.306640625
12060,7757.9150390625
12061,7616.1142578125
12062,8080.1005859375
12063,7248.8232421875
12064,7689.06884765625
12065,8241.4912109375
12066,8096.32958984375
12067,7884.69970703125
12068,7907.572265625
12069,7689.06884765625
12070,8525.126953125
12071,7393.9853515625
12072,7305.41650390625
12073,8241.4912109375
12074,8096.32958984375
12075,7075.56884765625
12076,7884.69970703125
12077,7689.06884765625
12078,6805.53955078125
12079,7044.22607421875
12080,7393.9853515625
12081,6930.40673828125
12082,6930.40673828125
12083,7689.06884765625
12084,7584.771484375
12085,7112.8759765625
12086,7470.9521484375
12087,6930.40673828125
12088,6930.40673828125
12089,7248.8232421875
12090,7239.306640625
12091,7689.06884765625
12092,7450.57861328125
12093,8096.32958984375
12094,7769.64306640625
12095,7393.9853515625
12096,8241.4912109375
12097,7075.56884765625
12098,7884.69970703125
12099,7689.06884765625
12100,7596.16552734375
12101,8241.4912109375
12102,6805.53955078125
12103,8096.32958984375
12104,7907.572265625
12105,7757.9150390625
12106,8241.4912109375
12107,8096.32958984375
12108,7907.572265625
12109,6930.40673828125
12110,6660.37744140625
12111,8631.296875
12112,7612.7529296875
12113,7044.22607421875
12114,6930.40673828125
12115,7575.44580078125
12116,8274.0751953125
12117,6967.7138671875
12118,7612.7529296875
12119,7612.7529296875
12120,9005.55859375
12121,7757.9150390625
12122,6967.7138671875
12123,7459.3828125
12124,7612.7529296875
12125,8241.4912109375
12126,7144.58740234375
12127,8096.32958984375
12128,6920.82763671875
12129,7757.9150390625
12130,6930.40673828125
12131,6930.40673828125
12132,7393.9853515625
12133,7713.79150390625
12134,8022.4375
12135,10603.5244140625
12136,7612.7529296875
12137,7907.572265625
12138,7689.06884765625
12139,8024.96240234375
12140,8241.4912109375
12141,6967.7138671875
12142,7993.4990234375
12143,7612.7529296875
12144,7248.8232421875
12145,6627.37939453125
12146,8096.32958984375
12147,7393.9853515625
12148,7112.8759765625
12149,7550.3466796875
12150,7542.91650390625
12151,7305.41650390625
12152,7419.51611328125
12153,7689.06884765625
12154,7689.06884765625
12155,8241.4912109375
12156,7393.9853515625
12157,7713.79150390625
12158,7575.44580078125
12159,7907.572265625
12160,9780.37109375
12161,8241.4912109375
12162,7907.572265625
12163,7689.06884765625
12164,7757.9150390625
12165,6967.7138671875
12166,7583.23583984375
12167,8334.9140625
12168,8971.2568359375
12169,7112.8759765625
12170,7583.23583984375
12171,6920.82763671875
12172,8980.8359375
12173,7612.7529296875
12174,8302.703125
12175,7619.6953125
12176,8241.4912109375
12177,6805.53955078125
12178,11994.869140625
12179,10064.005859375
12180,8875.970703125
12181,6631.74169921875
12182,7191.13720703125
12183,9069.9443359375
12184,6737.63427734375
12185,12337.0859375
12186,12432.41796875
12187,7248.8232421875
12188,6967.7138671875
12189,7575.44580078125
12190,7612.7529296875
12191,11974.8505859375
12192,7503.0205078125
12193,8003.1845703125
12194,7023.0244140625
12195,7053.48193359375
12196,7907.572265625
12197,8003.1845703125
12198,7393.9853515625
12199,8022.4375
12200,8241.4912109375
12201,6837.26171875
12202,6627.37939453125
12203,7482.30078125
12204,6837.26171875
12205,6920.82763671875
12206,7757.9150390625
12207,7519.60791015625
12208,7212.271484375
12209,8115.14697265625
12210,6874.56884765625
12211,7482.30078125
12212,7757.9150390625
12213,8029.86181640625
12214,9296.412109375
12215,8003.1845703125
12216,7907.572265625
12217,7503.0205078125
12218,7595.923828125
12219,7155.67822265625
12220,6874.56884765625
12221,6837.26171875
12222,7112.8759765625
12223,7155.67822265625
12224,8544.796875
12225,7757.9150390625
12226,6567.232421875
12227,6950.83984375
12228,7757.9150390625
12229,6805.53955078125
12230,7402.52978515625
12231,10510.37890625
12232,7393.9853515625
12233,8040.13720703125
12234,7112.8759765625
12235,7212.271484375
12236,6837.26171875
12237,7608.89599609375
12238,6812.7841796875
12239,8755.353515625
12240,7907.84716796875
12241,14774.4765625
12242,10512.1787109375
12243,7266.13134765625
12244,7779.71826171875
12245,7266.13134765625
12246,8113.6376953125
12247,8406.7939453125
12248,7894.58349609375
12249,7709.92578125
12250,8927.7958984375
12251,8632.5087890625
12252,8113.6376953125
12253,7488.26025390625
12254,7709.92578125
12255,7081.47412109375
12256,7081.47412109375
12257,7266.13134765625
12258,8213.36328125
12259,8998.1435546875
12260,8113.6376953125
12261,7488.26025390625
12262,7689.2060546875
12263,8113.6376953125
12264,11785.4501953125
12265,7266.13134765625
12266,7044.1669921875
12267,8113.6376953125
12268,7779.71826171875
12269,8113.6376953125
12270,7081.47412109375
12271,7266.13134765625
12272,7266.13134765625
12273,7488.26025390625
12274,9600.8388671875
12275,8113.6376953125
12276,7726.51318359375
12277,8425.0322265625
12278,13393.0419921875
12279,8284.7236328125
12280,7824.341796875
12281,8653.5361328125
12282,8247.4169921875
12283,8671.8486328125
12284,7627.10009765625
12285,8247.4169921875
12286,7839.1767578125
12287,8238.54296875
12288,7144.7158203125
12289,8618.8173828125
12290,6933.984375
12291,6807.01318359375
12292,7452.05224609375
12293,6991.67041015625
12294,6769.7060546875
12295,6991.67041015625
12296,6807.01318359375
12297,6769.7060546875
12298,7285.11865234375
12299,8624.685546875
12300,8177.025390625
12301,7843.10595703125
12302,9354.9794921875
12303,7329.51904296875
12304,8177.025390625
12305,8177.025390625
12306,7622.96728515625
12307,7107.5546875
12308,8952.068359375
12309,7320.00244140625
12310,8177.025390625
12311,7843.10595703125
12312,9061.53125
12313,8470.181640625
12314,9426.7392578125
12315,6837.525390625
12316,7957.97119140625
12317,8177.025390625
12318,8177.025390625
12319,8159.6650390625
12320,7965.3955078125
12321,7144.86181640625
12322,7866.216796875
12323,7144.86181640625
12324,7752.59375
12325,7132.27734375
12326,8470.181640625
12327,7338.6435546875
12328,9061.53125
12329,8177.025390625
12330,9470.2529296875
12331,7144.86181640625
12332,7107.5546875
12333,7843.10595703125
12334,7965.3955078125
12335,8177.025390625
12336,10684.2197265625
12337,7329.51904296875
12338,7482.564453125
12339,8385.439453125
12340,7329.51904296875
12341,7789.90087890625
12342,8177.025390625
12343,8177.025390625
12344,8460.66015625
12345,8177.025390625
12346,12055.5458984375
12347,7144.86181640625
12348,8177.025390625
12349,8404.91015625
12350,8780.638671875
12351,7401.0029296875
12352,7329.51904296875
12353,8177.025390625
12354,7551.64794921875
12355,7107.5546875
12356,7329.51904296875
12357,8177.025390625
12358,6764.66064453125
12359,7551.64794921875
12360,7107.5546875
12361,7843.10595703125
12362,7144.86181640625
12363,9061.53125
12364,7107.5546875
12365,7354.24169921875
12366,7329.51904296875
12367,9061.53125
12368,8385.439453125
12369,9354.9794921875
12370,7338.6435546875
12371,7107.5546875
12372,7843.10595703125
12373,7843.10595703125
12374,7144.86181640625
12375,8177.025390625
12376,7752.59375
12377,7933.857421875
12378,7320.00244140625
12379,7843.10595703125
12380,8778.3681640625
12381,8460.66015625
12382,7843.10595703125
12383,7271.8330078125
12384,7329.51904296875
12385,7773.3134765625
12386,7843.10595703125
12387,8358.751953125
12388,8570.3818359375
12389,10392.896484375
12390,8570.3818359375
12391,8570.3818359375
12392,8570.3818359375
12393,9454.888671875
12394,8570.3818359375
12395,7500.9111328125
12396,7875.9208984375
12397,7722.87548828125
12398,7158.01708984375
12399,8259.5732421875
12400,7794.359375
12401,8016.32373046875
12402,9111.994140625
12403,7538.21826171875
12404,8259.5732421875
12405,7722.87548828125
12406,8236.4619140625
12407,8570.3818359375
12408,7873.396484375
12409,8242.7578125
12410,7873.396484375
12411,6841.23291015625
12412,6533.896484375
12413,8757.90234375
12414,6803.92578125
12415,7235.1689453125
12416,7178.935546875
12417,7486.27197265625
12418,16013.9130859375
12419,6461.03173828125
12420,7025.89013671875
12421,9449.20703125
12422,6533.896484375
12423,6803.92578125
12424,7025.89013671875
12425,7524.8603515625
12426,7093.6171875
12427,7829.16845703125
12428,7093.6171875
12429,7775.96337890625
12430,7093.6171875
12431,7537.71044921875
12432,7775.96337890625
12433,8059.59814453125
12434,10588.3212890625
12435,7775.96337890625
12436,8684.740234375
12437,7093.6171875
12438,9072.3173828125
12439,10588.3212890625
12440,8246.8173828125
12441,8163.087890625
12442,7464.7080078125
12443,7315.58154296875
12444,7537.71044921875
12445,7738.65625
12446,7951.4580078125
12447,8599.998046875
12448,7118.33984375
12449,9701.9677734375
12450,7130.92431640625
12451,7093.6171875
12452,7242.74365234375
12453,7775.96337890625
12454,7130.92431640625
12455,7509.38525390625
12456,7130.92431640625
12457,7829.16845703125
12458,8145.7275390625
12459,7829.16845703125
12460,8163.087890625
12461,7093.6171875
12462,7315.58154296875
12463,7315.60107421875
12464,7951.4580078125
12465,7130.92431640625
12466,8163.087890625
12467,7093.6171875
12468,8163.087890625
12469,8163.087890625
12470,7118.33984375
12471,7537.71044921875
12472,7468.626953125
12473,7130.92431640625
12474,7387.0654296875
12475,7829.16845703125
12476,7775.96337890625
12477,7775.96337890625
12478,8163.087890625
12479,6972.6875
12480,7282.6181640625
12481,8289.5400390625
12482,7130.92431640625
12483,8793.9716796875
12484,7509.38525390625
12485,8163.087890625
12486,7093.6171875
12487,8374.2822265625
12488,7829.16845703125
12489,7315.58154296875
12490,7016.01708984375
12491,8319.6142578125
12492,7853.89111328125
12493,7852.279296875
12494,7093.6171875
12495,8163.087890625
12496,7852.279296875
12497,8163.087890625
12498,8285.5703125
12499,7257.8955078125
12500,8163.087890625
12501,7759.3759765625
12502,7093.6171875
12503,7829.16845703125
12504,7944.03369140625
12505,7093.6171875
12506,7093.6171875
12507,9189.6298828125
12508,7093.6171875
12509,6823.587890625
12510,8062.81298828125
12511,6972.6875
12512,7194.81640625
12513,6750.72314453125
12514,8163.087890625
12515,7775.96337890625
12516,8314.4091796875
12517,7829.16845703125
12518,8309.0107421875
12519,7118.33984375
12520,7340.30419921875
12521,7118.33984375
12522,9196.7216796875
12523,7130.92431640625
12524,8289.5400390625
12525,7609.02978515625
12526,7093.6171875
12527,7130.92431640625
12528,8314.4091796875
12529,7130.92431640625
12530,7130.92431640625
12531,8163.087890625
12532,7093.6171875
12533,7759.3759765625
12534,7130.92431640625
12535,8860.767578125
12536,7315.58154296875
12537,6823.587890625
12538,8668.55859375
12539,7852.279296875
12540,7257.8955078125
12541,7944.03369140625
12542,7537.71044921875
12543,10384.9462890625
12544,7315.58154296875
12545,8163.087890625
12546,8163.087890625
12547,7738.65625
12548,7130.92431640625
12549,8163.087890625
12550,7759.3759765625
12551,7951.4580078125
12552,11626.1455078125
12553,8289.5400390625
12554,7257.8955078125
12555,8285.5703125
12556,8163.087890625
12557,7829.16845703125
12558,7775.96337890625
12559,8163.087890625
12560,8163.087890625
12561,7093.6171875
12562,7829.16845703125
12563,7093.6171875
12564,6823.587890625
12565,7130.92431640625
12566,7509.38525390625
12567,7093.6171875
12568,7853.89111328125
12569,12076.4208984375
12570,8163.087890625
12571,8163.087890625
12572,8285.5703125
12573,7315.58154296875
12574,7951.4580078125
12575,7732.40380859375
12576,9985.6025390625
12577,8163.087890625
12578,8163.087890625
12579,8163.087890625
12580,8570.2001953125
12581,10217.9912109375
12582,8059.59814453125
12583,8746.650390625
12584,8374.2822265625
12585,8704.7001953125
12586,7829.16845703125
12587,6750.72314453125
12588,7315.58154296875
12589,7242.74365234375
12590,7257.8955078125
12591,7118.33984375
12592,7315.58154296875
12593,8163.087890625
12594,8163.087890625
12595,7775.96337890625
12596,7759.3759765625
12597,7738.65625
12598,7118.33984375
12599,8163.087890625
12600,7093.6171875
12601,8163.087890625
12602,7738.65625
12603,6676.7197265625
12604,7829.16845703125
12605,7093.6171875
12606,7315.58154296875
12607,8043.0107421875
12608,8062.81298828125
12609,7775.96337890625
12610,7775.96337890625
12611,8163.087890625
12612,8001.40576171875
12613,7852.279296875
12614,6750.72314453125
12615,9072.3173828125
12616,7118.33984375
12617,9341.04296875
12618,7315.58154296875
12619,7978.294921875
12620,8163.087890625
12621,7775.96337890625
12622,7242.74365234375
12623,8163.087890625
12624,8087.68310546875
12625,8145.7275390625
12626,7130.92431640625
12627,7770.75439453125
12628,7035.203125
12629,8104.673828125
12630,7793.865234375
12631,8989.181640625
12632,7035.203125
12633,7072.51025390625
12634,7770.75439453125
12635,8575.6279296875
12636,7919.880859375
12637,8104.673828125
12638,7035.203125
12639,7257.16748046875
12640,7035.203125
12641,7717.54931640625
12642,6765.173828125
12643,7410.212890625
12644,7072.51025390625
12645,6765.173828125
12646,8001.18408203125
12647,8104.673828125
12648,7550.61572265625
12649,7770.75439453125
12650,8388.310546875
12651,7035.203125
12652,8104.673828125
12653,7072.51025390625
12654,8388.310546875
12655,7257.16748046875
12656,8104.673828125
12657,7257.16748046875
12658,7410.212890625
12659,7072.51025390625
12660,7893.0439453125
12661,6219.251953125
12662,8104.673828125
12663,8231.126953125
12664,7358.75048828125
12665,7410.212890625
12666,8104.673828125
12667,7818.587890625
12668,8104.673828125
12669,7700.9619140625
12670,7072.51025390625
12671,7072.51025390625
12672,7546.0771484375
12673,8541.5849609375
12674,8315.869140625
12675,8104.673828125
12676,10529.908203125
12677,7257.16748046875
12678,7072.51025390625
12679,8104.673828125
12680,7606.06982421875
12681,8104.673828125
12682,7795.47705078125
12683,8255.99609375
12684,8255.99609375
12685,10529.908203125
12686,7035.203125
12687,7770.75439453125
12688,8104.673828125
12689,8104.673828125
12690,8315.869140625
12691,7247.65087890625
12692,6914.2734375
12693,8255.99609375
12694,7717.54931640625
12695,7035.203125
12696,7328.6513671875
12697,7680.2421875
12698,7072.51025390625
12699,7059.92578125
12700,7770.75439453125
12701,7818.587890625
12702,7257.16748046875
12703,8104.673828125
12704,8878.2822265625
12705,7770.75439453125
12706,7700.9619140625
12707,7770.75439453125
12708,8388.310546875
12709,7818.587890625
12710,7035.203125
12711,7680.2421875
12712,7793.865234375
12713,7035.203125
12714,7770.75439453125
12715,8104.673828125
12716,7793.865234375
12717,8104.673828125
12718,7035.203125
12719,7059.92578125
12720,9131.216796875
12721,7717.54931640625
12722,8064.20263671875
12723,8104.673828125
12724,7184.32958984375
12725,7257.16748046875
12726,7035.203125
12727,7072.51025390625
12728,8104.673828125
12729,8089.1416015625
12730,8231.126953125
12731,10159.578125
12732,8087.3134765625
12733,7257.16748046875
12734,6914.2734375
12735,7035.203125
12736,7896.9453125
12737,8541.5849609375
12738,7770.75439453125
12739,7717.54931640625
12740,7059.92578125
12741,7717.54931640625
12742,9563.7880859375
12743,7059.92578125
12744,7224.2041015625
12745,6692.30908203125
12746,6129.75927734375
12747,7035.203125
12748,7793.865234375
12749,7680.2421875
12750,7035.203125
12751,7770.75439453125
12752,7328.6513671875
12753,7257.16748046875
12754,8231.126953125
12755,7770.75439453125
12756,7717.54931640625
12757,8104.673828125
12758,7648.798828125
12759,8231.126953125
12760,7770.75439453125
12761,7795.47705078125
12762,7770.75439453125
12763,6692.30908203125
12764,8802.3544921875
12765,7770.75439453125
12766,7224.2041015625
12767,7770.75439453125
12768,9497.8466796875
12769,8989.181640625
12770,8104.673828125
12771,8087.3134765625
12772,7059.92578125
12773,9315.94140625
12774,8541.5849609375
12775,7450.97119140625
12776,7257.16748046875
12777,9845.6123046875
12778,8175.59423828125
12779,8648.0458984375
12780,7530.55517578125
12781,7035.203125
12782,6765.173828125
12783,8004.39892578125
12784,7893.0439453125
12785,6765.173828125
12786,7257.16748046875
12787,7184.32958984375
12788,7770.75439453125
12789,8004.39892578125
12790,7257.16748046875
12791,7793.865234375
12792,7257.16748046875
12793,7257.16748046875
12794,8104.673828125
12795,8631.6455078125
12796,7410.212890625
12797,7257.16748046875
12798,8104.673828125
12799,8004.39892578125
12800,8104.673828125
12801,9138.30859375
12802,7035.203125
12803,7410.212890625
12804,8104.673828125
12805,7257.16748046875
12806,8911.58203125
12807,7328.6513671875
12808,7770.75439453125
12809,7257.16748046875
12810,7803.62939453125
12811,6765.173828125
12812,7427.8603515625
12813,8159.0068359375
12814,7035.203125
12815,7257.16748046875
12816,8231.126953125
12817,8231.126953125
12818,8612.5888671875
12819,7530.55517578125
12820,8175.59423828125
12821,8612.5888671875
12822,7606.06982421875
12823,7035.203125
12824,7257.16748046875
12825,11567.732421875
12826,8118.056640625
12827,7059.92578125
12828,8612.5888671875
12829,7328.6513671875
12830,7257.16748046875
12831,8004.39892578125
12832,6990.5205078125
12833,7257.16748046875
12834,7035.203125
12835,6765.173828125
12836,7035.203125
12837,9908.1650390625
12838,9324.6044921875
12839,10502.5576171875
12840,8191.31201171875
12841,8035.4091796875
12842,7942.505859375
12843,9135.74609375
12844,8119.79833984375
12845,8852.111328125
12846,7812.4619140625
12847,8357.4853515625
12848,8357.4853515625
12849,7493.88671875
12850,7276.7470703125
12851,8502.6474609375
12852,8852.111328125
12853,7922.2197265625
12854,7421.9091796875
12855,7810.935546875
12856,7276.7470703125
12857,9308.517578125
12858,8357.4853515625
12859,9199.1943359375
12860,8988.1064453125
12861,8997.2734375
12862,7509.2822265625
12863,8997.2734375
12864,7006.7177734375
12865,9575.912109375
12866,8502.6474609375
12867,8161.5654296875
12868,8149.228515625
12869,7859.13720703125
12870,7859.13720703125
12871,8250.662109375
12872,8956.0546875
12873,7459.21630859375
12874,8264.9599609375
12875,8320.3037109375
12876,9214.4833984375
12877,8035.4091796875
12878,8997.2734375
12879,8264.9599609375
12880,8357.4853515625
12881,8496.02734375
12882,8640.4814453125
12883,7846.73876953125
12884,8066.02783203125
12885,8617.4970703125
12886,8082.4912109375
12887,7786.212890625
12888,9194.0927734375
12889,7459.21630859375
12890,9696.140625
12891,8708.40234375
12892,7786.212890625
12893,8852.111328125
12894,7507.23974609375
12895,7276.7470703125
12896,9274.9677734375
12897,8155.6376953125
12898,9280.908203125
12899,8997.2734375
12900,8250.662109375
12901,7812.4619140625
12902,8513.6962890625
12903,7525.482421875
12904,8474.8759765625
12905,8331.2265625
12906,8852.111328125
12907,7550.205078125
12908,7525.482421875
12909,8404.373046875
12910,7525.482421875
12911,8253.859375
12912,8191.2412109375
12913,8997.2734375
12914,10115.783203125
12915,7399.1162109375
12916,8513.6962890625
12917,7775.923828125
12918,8129.05029296875
12919,7408.6328125
12920,8284.14453125
12921,8997.2734375
12922,8852.111328125
12923,8640.4814453125
12924,8502.6474609375
12925,8284.14453125
12926,9280.908203125
12927,7989.06103515625
12928,8061.19775390625
12929,8997.2734375
12930,8852.111328125
12931,7670.64453125
12932,8640.4814453125
12933,8284.14453125
12934,7400.615234375
12935,7639.3017578125
12936,7989.06103515625
12937,7525.482421875
12938,7525.482421875
12939,8284.14453125
12940,8179.84716796875
12941,7707.95166015625
12942,8066.02783203125
12943,7525.482421875
12944,7525.482421875
12945,7843.89892578125
12946,7399.1162109375
12947,8284.14453125
12948,8206.359375
12949,8852.111328125
12950,8253.859375
12951,7989.06103515625
12952,8997.2734375
12953,7670.64453125
12954,8640.4814453125
12955,8284.14453125
12956,8191.2412109375
12957,8997.2734375
12958,7400.615234375
12959,8852.111328125
12960,8502.6474609375
12961,8513.6962890625
12962,8997.2734375
12963,8852.111328125
12964,8502.6474609375
12965,7525.482421875
12966,7255.453125
12967,9115.5126953125
12968,8368.5341796875
12969,7639.3017578125
12970,7525.482421875
12971,8331.2265625
12972,8758.2900390625
12973,7562.78955078125
12974,8368.5341796875
12975,8368.5341796875
12976,9600.634765625
12977,8513.6962890625
12978,7562.78955078125
12979,7619.1923828125
12980,8368.5341796875
12981,8997.2734375
12982,7628.802734375
12983,8852.111328125
12984,7515.9033203125
12985,8513.6962890625
12986,7525.482421875
12987,7525.482421875
12988,7989.06103515625
12989,8308.8671875
12990,8617.513671875
12991,11087.740234375
12992,8368.5341796875
12993,8067.3818359375
12994,8284.14453125
12995,8184.77197265625
12996,8997.2734375
12997,7562.78955078125
12998,8477.7138671875
12999,8368.5341796875
13000,7843.89892578125
13001,7222.455078125
13002,8852.111328125
13003,7989.06103515625
13004,7707.95166015625
13005,8261.2890625
13006,8253.859375
13007,8061.19775390625
13008,7579.32568359375
13009,8284.14453125
13010,8284.14453125
13011,8997.2734375
13012,7989.06103515625
13013,8308.8671875
13014,8331.2265625
13015,8502.6474609375
13016,10375.4462890625
13017,8997.2734375
13018,8502.6474609375
13019,8284.14453125
13020,8513.6962890625
13021,7562.78955078125
13022,8067.451171875
13023,8929.990234375
13024,9566.3330078125
13025,7707.95166015625
13026,8067.451171875
13027,7515.9033203125
13028,9575.912109375
13029,8368.5341796875
13030,9013.6455078125
13031,8103.91064453125
13032,8997.2734375
13033,7400.615234375
13034,12479.0849609375
13035,10659.0810546875
13036,9360.1865234375
13037,6907.41748046875
13038,7786.212890625
13039,9118.89453125
13040,7332.7099609375
13041,13048.0283203125
13042,13027.494140625
13043,7843.89892578125
13044,7562.78955078125
13045,8331.2265625
13046,8368.5341796875
13047,12459.0654296875
13048,8098.09619140625
13049,8758.966796875
13050,7618.1005859375
13051,7764.423828125
13052,8502.6474609375
13053,8758.966796875
13054,7989.06103515625
13055,8182.248046875
13056,8997.2734375
13057,7432.33740234375
13058,7222.455078125
13059,8238.08203125
13060,7432.33740234375
13061,7080.63720703125
13062,8513.6962890625
13063,8275.388671875
13064,7968.052734375
13065,8164.09716796875
13066,7469.64453125
13067,8238.08203125
13068,8513.6962890625
13069,8785.6435546875
13070,9780.62890625
13071,8758.966796875
13072,8067.3818359375
13073,8098.09619140625
13074,8190.99951171875
13075,7315.48779296875
13076,7469.64453125
13077,7432.33740234375
13078,7707.95166015625
13079,7315.48779296875
13080,9139.873046875
13081,8513.6962890625
13082,7162.30810546875
13083,7706.62158203125
13084,8513.6962890625
13085,7400.615234375
13086,7562.33935546875
13087,10994.595703125
13088,7989.06103515625
13089,8524.3515625
13090,7707.95166015625
13091,7968.052734375
13092,6997.0712890625
13093,7657.84521484375
13094,7407.85986328125
13095,9511.1357421875
13096,8067.65673828125
13097,15485.4189453125
13098,10996.3935546875
13099,7861.20703125
13100,8374.79296875
13101,7425.94091796875
13102,8869.4189453125
13103,8891.0087890625
13104,8489.6591796875
13105,8305.0009765625
13106,9412.01171875
13107,9116.724609375
13108,8869.4189453125
13109,7648.06982421875
13110,8305.0009765625
13111,7676.5498046875
13112,7676.5498046875
13113,7425.94091796875
13114,8808.4404296875
13115,9593.2197265625
13116,8869.4189453125
13117,8083.3359375
13118,8444.986328125
13119,8869.4189453125
13120,12496.392578125
13121,7425.94091796875
13122,7639.24267578125
13123,8869.4189453125
13124,8374.79296875
13125,8869.4189453125
13126,7676.5498046875
13127,7861.20703125
13128,7861.20703125
13129,8083.3359375
13130,10085.0546875
13131,8869.4189453125
13132,8482.2939453125
13133,8584.841796875
13134,13877.2578125
13135,9040.5048828125
13136,8419.41796875
13137,8929.2119140625
13138,9003.197265625
13139,9427.6298828125
13140,8222.17578125
13141,9003.197265625
13142,8594.9580078125
13143,8994.32421875
13144,7900.49755859375
13145,9103.033203125
13146,7529.06005859375
13147,7402.0888671875
13148,8207.8330078125
13149,7151.47998046875
13150,7364.78173828125
13151,7586.74609375
13152,7402.0888671875
13153,7364.78173828125
13154,7880.19482421875
13155,8900.361328125
13156,8932.806640625
13157,8438.1806640625
13158,9950.0556640625
13159,7924.5947265625
13160,8932.806640625
13161,8932.806640625
13162,8218.04296875
13163,7702.63037109375
13164,9663.0107421875
13165,7479.81201171875
13166,8932.806640625
13167,8438.1806640625
13168,9656.607421875
13169,8954.396484375
13170,9910.955078125
13171,6997.3349609375
13172,8553.046875
13173,8932.806640625
13174,8932.806640625
13175,8754.740234375
13176,8721.1767578125
13177,7739.9375
13178,8461.2919921875
13179,7739.9375
13180,8508.3740234375
13181,7727.35302734375
13182,8954.396484375
13183,7822.85888671875
13184,9656.607421875
13185,8932.806640625
13186,9954.46875
13187,7304.67138671875
13188,7702.63037109375
13189,8438.1806640625
13190,8721.1767578125
13191,8932.806640625
13192,11168.435546875
13193,7924.5947265625
13194,8238.345703125
13195,8869.654296875
13196,7924.5947265625
13197,8545.681640625
13198,8932.806640625
13199,8932.806640625
13200,9216.44140625
13201,8932.806640625
13202,12539.7607421875
13203,7739.9375
13204,8932.806640625
13205,8889.1259765625
13206,9264.8544921875
13207,7996.07861328125
13208,7924.5947265625
13209,8932.806640625
13210,8146.7236328125
13211,7702.63037109375
13212,7924.5947265625
13213,8932.806640625
13214,7359.736328125
13215,7711.45751953125
13216,7702.63037109375
13217,8438.1806640625
13218,7739.9375
13219,9656.607421875
13220,7702.63037109375
13221,7949.3173828125
13222,7924.5947265625
13223,9656.607421875
13224,8869.654296875
13225,9950.0556640625
13226,7822.85888671875
13227,7702.63037109375
13228,8438.1806640625
13229,8438.1806640625
13230,7739.9375
13231,8932.806640625
13232,8508.3740234375
13233,8093.66845703125
13234,7915.078125
13235,8438.1806640625
13236,9297.96484375
13237,9216.44140625
13238,8438.1806640625
13239,7866.90869140625
13240,7489.32861328125
13241,7933.123046875
13242,8438.1806640625
13243,9114.5341796875
13244,9326.1640625
13245,10987.9716796875
13246,9326.1640625
13247,9326.1640625
13248,9326.1640625
13249,10049.96484375
13250,9326.1640625
13251,8095.98681640625
13252,8631.7021484375
13253,8317.951171875
13254,7753.0927734375
13255,8854.6494140625
13256,8389.435546875
13257,8611.3994140625
13258,9707.0703125
13259,8133.2939453125
13260,8854.6494140625
13261,8317.951171875
13262,8396.2724609375
13263,9326.1640625
13264,8629.177734375
13265,8953.7001953125
13266,8629.177734375
13267,7436.30859375
13268,7128.97216796875
13269,9352.978515625
13270,6963.7353515625
13271,7719.38330078125
13272,7934.716796875
13273,8242.052734375
13274,16608.98828125
13275,7056.107421875
13276,7620.9658203125
13277,9933.421875
13278,7128.97216796875
13279,7399.00146484375
13280,7620.9658203125
13281,8009.07568359375
13282,7688.69287109375
13283,8424.244140625
13284,7688.69287109375
13285,8531.7451171875
13286,7688.69287109375
13287,7697.52001953125
13288,8531.7451171875
13289,8815.3798828125
13290,11072.537109375
13291,8531.7451171875
13292,9168.9560546875
13293,7253.4267578125
13294,9667.3935546875
13295,11072.537109375
13296,8957.759765625
13297,8918.8701171875
13298,7948.92333984375
13299,7910.6572265625
13300,7697.52001953125
13301,8494.4375
13302,8707.240234375
13303,8648.9482421875
13304,7713.41552734375
13305,10297.04296875
13306,7726.0
13307,7253.4267578125
13308,7726.958984375
13309,8531.7451171875
13310,7726.0
13311,8104.46142578125
13312,7726.0
13313,8424.244140625
13314,8740.8037109375
13315,7988.97802734375
13316,8918.8701171875
13317,7688.69287109375
13318,7910.6572265625
13319,8213.8662109375
13320,8707.240234375
13321,7726.0
13322,8918.8701171875
13323,7688.69287109375
13324,8918.8701171875
13325,8918.8701171875
13326,7278.1494140625
13327,7697.52001953125
13328,8224.408203125
13329,7726.0
13330,7982.14111328125
13331,8424.244140625
13332,8531.7451171875
13333,8531.7451171875
13334,8918.8701171875
13335,7132.4970703125
13336,7442.427734375
13337,8773.755859375
13338,7726.0
13339,9278.1875
13340,8104.46142578125
13341,8918.8701171875
13342,7688.69287109375
13343,8858.498046875
13344,8424.244140625
13345,7910.6572265625
13346,7726.958984375
13347,9030.556640625
13348,8448.966796875
13349,8447.35546875
13350,7688.69287109375
13351,8918.8701171875
13352,8447.35546875
13353,8918.8701171875
13354,8769.787109375
13355,7417.705078125
13356,8918.8701171875
13357,8354.4521484375
13358,7688.69287109375
13359,8424.244140625
13360,8539.1103515625
13361,7688.69287109375
13362,7688.69287109375
13363,9784.7060546875
13364,7688.69287109375
13365,7418.66357421875
13366,8338.490234375
13367,7132.4970703125
13368,7789.89208984375
13369,7345.798828125
13370,8918.8701171875
13371,8531.7451171875
13372,8798.6259765625
13373,8424.244140625
13374,8793.2275390625
13375,7713.41552734375
13376,7935.3798828125
13377,7713.41552734375
13378,9680.9375
13379,7726.0
13380,8773.755859375
13381,8204.10546875
13382,7688.69287109375
13383,7726.0
13384,8798.6259765625
13385,7726.0
13386,7290.73388671875
13387,8918.8701171875
13388,7688.69287109375
13389,8354.4521484375
13390,7726.0
13391,9344.9833984375
13392,7910.6572265625
13393,7418.66357421875
13394,9379.5009765625
13395,8447.35546875
13396,7852.97119140625
13397,8539.1103515625
13398,7697.52001953125
13399,10869.1630859375
13400,7910.6572265625
13401,8918.8701171875
13402,8918.8701171875
13403,8494.4375
13404,7726.0
13405,8918.8701171875
13406,8354.4521484375
13407,8707.240234375
13408,12221.2216796875
13409,8338.490234375
13410,7852.97119140625
13411,8769.787109375
13412,8918.8701171875
13413,8424.244140625
13414,8531.7451171875
13415,8918.8701171875
13416,8918.8701171875
13417,7688.69287109375
13418,7988.97802734375
13419,7688.69287109375
13420,7418.66357421875
13421,7726.0
13422,8104.46142578125
13423,7688.69287109375
13424,8013.70068359375
13425,12560.6376953125
13426,8918.8701171875
13427,8918.8701171875
13428,8769.787109375
13429,7475.39111328125
13430,8707.240234375
13431,7892.2138671875
13432,10580.677734375
13433,8918.8701171875
13434,8918.8701171875
13435,8918.8701171875
13436,9165.2763671875
13437,10702.20703125
13438,8815.3798828125
13439,9341.7265625
13440,8858.498046875
13441,9299.7763671875
13442,8424.244140625
13443,7345.798828125
13444,7475.39111328125
13445,7726.958984375
13446,7852.97119140625
13447,7713.41552734375
13448,7910.6572265625
13449,8918.8701171875
13450,8918.8701171875
13451,8531.7451171875
13452,8354.4521484375
13453,8494.4375
13454,7278.1494140625
13455,8918.8701171875
13456,7688.69287109375
13457,8918.8701171875
13458,8494.4375
13459,7432.50048828125
13460,8424.244140625
13461,7253.4267578125
13462,7910.6572265625
13463,8202.8193359375
13464,8773.755859375
13465,8531.7451171875
13466,8531.7451171875
13467,8918.8701171875
13468,8485.6220703125
13469,8447.35546875
13470,7345.798828125
13471,9667.3935546875
13472,7278.1494140625
13473,9936.119140625
13474,7910.6572265625
13475,8027.244140625
13476,8918.8701171875
13477,8531.7451171875
13478,7726.958984375
13479,8918.8701171875
13480,8798.6259765625
13481,8740.8037109375
13482,7726.0
13483,7930.56396484375
13484,7195.0126953125
13485,8860.45703125
13486,8388.9423828125
13487,9584.2578125
13488,7630.27880859375
13489,7667.5859375
13490,8365.8310546875
13491,9286.5703125
13492,8404.09765625
13493,8860.45703125
13494,7630.27880859375
13495,7416.97705078125
13496,7630.27880859375
13497,8473.33203125
13498,7360.24951171875
13499,8165.99462890625
13500,7232.31982421875
13501,7360.24951171875
13502,8756.966796875
13503,8860.45703125
13504,7710.42529296875
13505,8365.8310546875
13506,9144.091796875
13507,7630.27880859375
13508,8860.45703125
13509,7667.5859375
13510,9144.091796875
13511,7852.2431640625
13512,8860.45703125
13513,7416.97705078125
13514,8165.99462890625
13515,7667.5859375
13516,8648.8271484375
13517,6814.32763671875
13518,8860.45703125
13519,8715.3427734375
13520,8257.0166015625
13521,8165.99462890625
13522,8860.45703125
13523,8413.6650390625
13524,8860.45703125
13525,8296.0390625
13526,7232.31982421875
13527,7667.5859375
13528,8030.29248046875
13529,9025.80078125
13530,8800.0849609375
13531,8860.45703125
13532,11014.1240234375
13533,7852.2431640625
13534,7667.5859375
13535,8860.45703125
13536,8090.28515625
13537,8860.45703125
13538,8390.5537109375
13539,8740.212890625
13540,8740.212890625
13541,11014.1240234375
13542,7630.27880859375
13543,8365.8310546875
13544,8860.45703125
13545,8860.45703125
13546,8800.0849609375
13547,7407.46044921875
13548,7509.34912109375
13549,8740.212890625
13550,8473.33203125
13551,7630.27880859375
13552,7923.72705078125
13553,8436.0244140625
13554,7667.5859375
13555,7655.00146484375
13556,8365.8310546875
13557,8413.6650390625
13558,7852.2431640625
13559,8860.45703125
13560,9362.498046875
13561,8365.8310546875
13562,8296.0390625
13563,8365.8310546875
13564,9144.091796875
13565,8413.6650390625
13566,7630.27880859375
13567,8436.0244140625
13568,8388.9423828125
13569,7630.27880859375
13570,8365.8310546875
13571,8860.45703125
13572,8388.9423828125
13573,8860.45703125
13574,7630.27880859375
13575,7655.00146484375
13576,9726.29296875
13577,8473.33203125
13578,8659.279296875
13579,8860.45703125
13580,7668.544921875
13581,7416.97705078125
13582,7630.27880859375
13583,7667.5859375
13584,8860.45703125
13585,8800.0849609375
13586,8715.3427734375
13587,10643.7939453125
13588,8682.390625
13589,7852.2431640625
13590,7509.34912109375
13591,7630.27880859375
13592,8607.888671875
13593,9025.80078125
13594,8365.8310546875
13595,8473.33203125
13596,7655.00146484375
13597,8473.33203125
13598,10048.0029296875
13599,7655.00146484375
13600,7819.27978515625
13601,7287.384765625
13602,7028.0234375
13603,7630.27880859375
13604,8388.9423828125
13605,8436.0244140625
13606,7630.27880859375
13607,8365.8310546875
13608,7923.72705078125
13609,7852.2431640625
13610,8715.3427734375
13611,7930.56396484375
13612,8473.33203125
13613,8860.45703125
13614,8878.9228515625
13615,8715.3427734375
13616,8365.8310546875
13617,8390.5537109375
13618,8365.8310546875
13619,7287.384765625
13620,9286.5703125
13621,7930.56396484375
13622,7384.013671875
13623,8365.8310546875
13624,9982.0634765625
13625,9584.2578125
13626,8860.45703125
13627,8682.390625
13628,7219.7353515625
13629,9800.1572265625
13630,9025.80078125
13631,8046.04736328125
13632,7852.2431640625
13633,10329.828125
13634,8931.376953125
13635,8696.99609375
13636,8125.630859375
13637,7630.27880859375
13638,7360.24951171875
13639,8715.3427734375
13640,8648.8271484375
13641,7360.24951171875
13642,7852.2431640625
13643,7668.544921875
13644,7930.56396484375
13645,8715.3427734375
13646,7852.2431640625
13647,8388.9423828125
13648,7852.2431640625
13649,7852.2431640625
13650,8860.45703125
13651,8680.595703125
13652,8165.99462890625
13653,7852.2431640625
13654,8860.45703125
13655,8715.3427734375
13656,8860.45703125
13657,9622.5244140625
13658,7195.0126953125
13659,8165.99462890625
13660,8860.45703125
13661,7852.2431640625
13662,9622.5244140625
13663,7488.4609375
13664,8365.8310546875
13665,7852.2431640625
13666,8287.84765625
13667,6924.9833984375
13668,8022.93603515625
13669,8754.083984375
13670,7630.27880859375
13671,7852.2431640625
13672,8715.3427734375
13673,8715.3427734375
13674,9368.3701171875
13675,8125.630859375
13676,8931.376953125
13677,9368.3701171875
13678,8090.28515625
13679,7630.27880859375
13680,7416.97705078125
13681,12162.80859375
13682,8602.2744140625
13683,7655.00146484375
13684,9368.3701171875
13685,7923.72705078125
13686,7852.2431640625
13687,8715.3427734375
13688,7701.46240234375
13689,7852.2431640625
13690,7630.27880859375
13691,7360.24951171875
13692,7630.27880859375
13693,10503.2412109375
13694,10080.3857421875
13695,11097.6337890625
13696,8351.1240234375
13697,7917.7802734375
13698,7824.876953125
13699,9018.1171875
13700,8002.16943359375
13701,8734.482421875
13702,7694.8330078125
13703,8239.8564453125
13704,8239.8564453125
13705,7608.62646484375
13706,7159.1181640625
13707,8385.0185546875
13708,8734.482421875
13709,7804.5908203125
13710,7304.2802734375
13711,7693.306640625
13712,7159.1181640625
13713,9190.8876953125
13714,8239.8564453125
13715,9313.93359375
13716,9102.845703125
13717,8879.64453125
13718,7624.02197265625
13719,8879.64453125
13720,6889.0888671875
13721,9458.2822265625
13722,8385.0185546875
13723,8043.9365234375
13724,8031.599609375
13725,7973.876953125
13726,7973.876953125
13727,8133.033203125
13728,9070.794921875
13729,7341.58740234375
13730,8147.33154296875
13731,8202.6748046875
13732,9329.22265625
13733,7917.7802734375
13734,8879.64453125
13735,8147.33154296875
13736,8239.8564453125
13737,8378.3984375
13738,8522.8525390625
13739,7729.10986328125
13740,7948.39892578125
13741,8732.2373046875
13742,7964.8623046875
13743,7668.583984375
13744,9076.462890625
13745,7341.58740234375
13746,9810.8798828125
13747,8823.1416015625
13748,7668.583984375
13749,8734.482421875
13750,7389.61083984375
13751,7159.1181640625
13752,9157.337890625
13753,8270.3779296875
13754,9163.279296875
13755,8879.64453125
13756,8133.033203125
13757,7694.8330078125
13758,8396.0673828125
13759,7407.853515625
13760,8357.2470703125
13761,8213.59765625
13762,8734.482421875
13763,7432.576171875
13764,7407.853515625
13765,8519.1123046875
13766,7407.853515625
13767,8368.59765625
13768,8073.6123046875
13769,8879.64453125
13770,9998.154296875
13771,7281.4873046875
13772,8396.0673828125
13773,7658.294921875
13774,8243.791015625
13775,7291.00390625
13776,8166.515625
13777,8879.64453125
13778,8734.482421875
13779,8522.8525390625
13780,8385.0185546875
13781,8166.515625
13782,9163.279296875
13783,7871.43212890625
13784,7943.568359375
13785,8879.64453125
13786,8734.482421875
13787,7553.015625
13788,8522.8525390625
13789,8166.515625
13790,7282.986328125
13791,7521.6728515625
13792,7871.43212890625
13793,7407.853515625
13794,7407.853515625
13795,8166.515625
13796,8062.21826171875
13797,7590.32275390625
13798,7948.39892578125
13799,7407.853515625
13800,7407.853515625
13801,7726.27001953125
13802,7281.4873046875
13803,8166.515625
13804,8088.73046875
13805,8734.482421875
13806,8368.59765625
13807,7871.43212890625
13808,8879.64453125
13809,7553.015625
13810,8522.8525390625
13811,8166.515625
13812,8073.6123046875
13813,8879.64453125
13814,7282.986328125
13815,8734.482421875
13816,8385.0185546875
13817,8396.0673828125
13818,8879.64453125
13819,8734.482421875
13820,8385.0185546875
13821,7407.853515625
13822,7137.82421875
13823,9230.251953125
13824,8250.9052734375
13825,7521.6728515625
13826,7407.853515625
13827,8213.59765625
13828,8873.029296875
13829,7445.16064453125
13830,8250.9052734375
13831,8250.9052734375
13832,9483.0048828125
13833,8396.0673828125
13834,7445.16064453125
13835,7501.5634765625
13836,8250.9052734375
13837,8879.64453125
13838,7743.54248046875
13839,8734.482421875
13840,7398.2744140625
13841,8396.0673828125
13842,7407.853515625
13843,7407.853515625
13844,7871.43212890625
13845,8191.23828125
13846,8499.8837890625
13847,11202.4794921875
13848,8250.9052734375
13849,7949.7529296875
13850,8166.515625
13851,8067.14306640625
13852,8879.64453125
13853,7445.16064453125
13854,8592.4541015625
13855,8250.9052734375
13856,7726.27001953125
13857,7104.826171875
13858,8734.482421875
13859,7871.43212890625
13860,7590.32275390625
13861,8376.0283203125
13862,8368.59765625
13863,7943.568359375
13864,7461.69677734375
13865,8166.515625
13866,8166.515625
13867,8879.64453125
13868,7871.43212890625
13869,8191.23828125
13870,8213.59765625
13871,8385.0185546875
13872,10257.8173828125
13873,8879.64453125
13874,8385.0185546875
13875,8166.515625
13876,8396.0673828125
13877,7445.16064453125
13878,8182.19140625
13879,8812.3603515625
13880,9448.703125
13881,7590.32275390625
13882,8182.19140625
13883,7398.2744140625
13884,9458.2822265625
13885,8250.9052734375
13886,9128.384765625
13887,8218.6513671875
13888,8879.64453125
13889,7282.986328125
13890,12593.82421875
13891,10541.4521484375
13892,9474.92578125
13893,7022.1572265625
13894,7668.583984375
13895,9233.6337890625
13896,7215.0810546875
13897,13162.767578125
13898,12909.8642578125
13899,7726.27001953125
13900,7445.16064453125
13901,8213.59765625
13902,8250.9052734375
13903,12573.8056640625
13904,7980.46728515625
13905,8641.337890625
13906,7500.470703125
13907,7879.1640625
13908,8385.0185546875
13909,8641.337890625
13910,7871.43212890625
13911,8064.6181640625
13912,8879.64453125
13913,7314.70849609375
13914,7104.826171875
13915,8120.45263671875
13916,7314.70849609375
13917,6963.00830078125
13918,8396.0673828125
13919,8157.76025390625
13920,7850.42333984375
13921,8278.8359375
13922,7352.015625
13923,8120.45263671875
13924,8396.0673828125
13925,8668.0146484375
13926,9895.3671875
13927,8641.337890625
13928,7949.7529296875
13929,7980.46728515625
13930,8073.37060546875
13931,7197.85888671875
13932,7352.015625
13933,7314.70849609375
13934,7590.32275390625
13935,7197.85888671875
13936,9022.2421875
13937,8396.0673828125
13938,7044.67919921875
13939,7588.99267578125
13940,8396.0673828125
13941,7282.986328125
13942,7444.71044921875
13943,11109.333984375
13944,7871.43212890625
13945,8639.091796875
13946,7590.32275390625
13947,7850.42333984375
13948,6879.4423828125
13949,7772.5849609375
13950,7290.23095703125
13951,9393.5068359375
13952,7950.02783203125
13953,15600.158203125
13954,11111.1328125
13955,7743.578125
13956,8257.1640625
13957,7308.31201171875
13958,8751.7900390625
13959,9005.748046875
13960,8372.029296875
13961,8187.37255859375
13962,9526.7509765625
13963,9231.4638671875
13964,8751.7900390625
13965,7530.44091796875
13966,8187.37255859375
13967,7558.9208984375
13968,7558.9208984375
13969,7308.31201171875
13970,8690.810546875
13971,9475.58984375
13972,8751.7900390625
13973,7965.70703125
13974,8327.357421875
13975,8751.7900390625
13976,12611.1318359375
13977,7308.31201171875
13978,7521.61376953125
13979,8751.7900390625
13980,8257.1640625
13981,8751.7900390625
13982,7558.9208984375
13983,7743.578125
13984,7743.578125
13985,7965.70703125
13986,10199.7939453125
13987,8751.7900390625
13988,8364.6650390625
13989,8467.212890625
13990,13991.9970703125
13991,8922.8759765625
13992,8301.7890625
13993,9043.951171875
13994,8885.568359375
13995,9310.0009765625
13996,8104.546875
13997,8885.568359375
13998,8477.3291015625
13999,8876.6953125
14000,7782.8681640625
14001,9217.7724609375
14002,7411.43115234375
14003,7284.4599609375
14004,8090.20458984375
14005,7033.85107421875
14006,7247.15283203125
14007,7469.1171875
14008,7284.4599609375
14009,7247.15283203125
14010,7762.5654296875
14011,9015.1005859375
14012,8815.177734375
14013,8320.5517578125
14014,9832.42578125
14015,7806.9658203125
14016,8815.177734375
14017,8815.177734375
14018,8100.4140625
14019,7585.00146484375
14020,9777.75
14021,7362.18310546875
14022,8815.177734375
14023,8320.5517578125
14024,9538.9775390625
14025,9069.1357421875
14026,10025.6943359375
14027,6879.7060546875
14028,8435.4169921875
14029,8815.177734375
14030,8815.177734375
14031,8637.1123046875
14032,8603.5478515625
14033,7622.30859375
14034,8343.6640625
14035,7622.30859375
14036,8390.7451171875
14037,7609.72412109375
14038,9069.1357421875
14039,7937.5986328125
14040,9538.9775390625
14041,8815.177734375
14042,10069.2080078125
14043,7187.04248046875
14044,7585.00146484375
14045,8320.5517578125
14046,8603.5478515625
14047,8815.177734375
14048,11283.1748046875
14049,7806.9658203125
14050,8120.716796875
14051,8984.3935546875
14052,7806.9658203125
14053,8428.052734375
14054,8815.177734375
14055,8815.177734375
14056,9098.8125
14057,8815.177734375
14058,12654.5009765625
14059,7622.30859375
14060,8815.177734375
14061,9003.865234375
14062,9379.59375
14063,7878.44970703125
14064,7806.9658203125
14065,8815.177734375
14066,8029.0947265625
14067,7585.00146484375
14068,7806.9658203125
14069,8815.177734375
14070,7242.107421875
14071,7593.82861328125
14072,7585.00146484375
14073,8320.5517578125
14074,7622.30859375
14075,9538.9775390625
14076,7585.00146484375
14077,7831.6884765625
14078,7806.9658203125
14079,9538.9775390625
14080,8984.3935546875
14081,9832.42578125
14082,7937.5986328125
14083,7585.00146484375
14084,8320.5517578125
14085,8320.5517578125
14086,7622.30859375
14087,8815.177734375
14088,8390.7451171875
14089,7976.03857421875
14090,7797.44921875
14091,8320.5517578125
14092,9412.705078125
14093,9098.8125
14094,8320.5517578125
14095,7749.27978515625
14096,7371.69970703125
14097,7815.494140625
14098,8320.5517578125
14099,8996.9052734375
14100,9208.53515625
14101,10870.3427734375
14102,9208.53515625
14103,9208.53515625
14104,9208.53515625
14105,9932.3349609375
14106,9208.53515625
14107,7978.35791015625
14108,8514.0732421875
14109,8200.322265625
14110,7635.4638671875
14111,8737.0205078125
14112,8271.8056640625
14113,8493.7705078125
14114,9589.4404296875
14115,8015.6650390625
14116,8737.0205078125
14117,8200.322265625
14118,8278.642578125
14119,9208.53515625
14120,8511.548828125
14121,9068.4404296875
14122,8511.548828125
14123,7318.6796875
14124,7011.34326171875
14125,9235.3486328125
14126,6846.1064453125
14127,7834.12255859375
14128,7817.087890625
14129,8124.42431640625
14130,16491.359375
14131,6938.478515625
14132,7503.3369140625
14133,10048.162109375
14134,7011.34326171875
14135,7281.37255859375
14136,7503.3369140625
14137,8123.81494140625
14138,7571.06396484375
14139,8306.615234375
14140,7571.06396484375
14141,8414.1162109375
14142,7571.06396484375
14143,7579.89111328125
14144,8414.1162109375
14145,8697.7509765625
14146,11187.2763671875
14147,8414.1162109375
14148,9283.6953125
14149,7135.7978515625
14150,9549.763671875
14151,11187.2763671875
14152,9072.5
14153,8801.2412109375
14154,8063.6630859375
14155,7793.0283203125
14156,7579.89111328125
14157,8376.80859375
14158,8589.611328125
14159,8763.6875
14160,7595.78662109375
14161,10179.4140625
14162,7608.37109375
14163,7135.7978515625
14164,7841.69873046875
14165,8414.1162109375
14166,7608.37109375
14167,7986.83251953125
14168,7608.37109375
14169,8306.615234375
14170,8623.1748046875
14171,7871.34912109375
14172,8801.2412109375
14173,7571.06396484375
14174,7793.0283203125
14175,8328.60546875
14176,8589.611328125
14177,7608.37109375
14178,8801.2412109375
14179,7571.06396484375
14180,8801.2412109375
14181,8801.2412109375
14182,7160.5205078125
14183,7579.89111328125
14184,8106.779296875
14185,7608.37109375
14186,7864.51220703125
14187,8306.615234375
14188,8414.1162109375
14189,8414.1162109375
14190,8801.2412109375
14191,7014.8681640625
14192,7324.798828125
14193,8888.4951171875
14194,7608.37109375
14195,9392.9267578125
14196,7986.83251953125
14197,8801.2412109375
14198,7571.06396484375
14199,8973.2373046875
14200,8306.615234375
14201,7793.0283203125
14202,7841.69873046875
14203,9145.2958984375
14204,8331.337890625
14205,8329.7265625
14206,7571.06396484375
14207,8801.2412109375
14208,8329.7265625
14209,8801.2412109375
14210,8884.5263671875
14211,7300.076171875
14212,8801.2412109375
14213,8236.822265625
14214,7571.06396484375
14215,8306.615234375
14216,8421.48046875
14217,7571.06396484375
14218,7571.06396484375
14219,9667.076171875
14220,7571.06396484375
14221,7301.03466796875
14222,8453.2294921875
14223,7014.8681640625
14224,7672.26318359375
14225,7228.169921875
14226,8801.2412109375
14227,8414.1162109375
14228,8913.365234375
14229,8306.615234375
14230,8907.966796875
14231,7595.78662109375
14232,7817.7509765625
14233,7595.78662109375
14234,9795.6767578125
14235,7608.37109375
14236,8888.4951171875
14237,8086.4765625
14238,7571.06396484375
14239,7608.37109375
14240,8913.365234375
14241,7608.37109375
14242,7173.10498046875
14243,8801.2412109375
14244,7571.06396484375
14245,8236.822265625
14246,7608.37109375
14247,9459.72265625
14248,7793.0283203125
14249,7301.03466796875
14250,9494.240234375
14251,8329.7265625
14252,7735.34228515625
14253,8421.48046875
14254,7579.89111328125
14255,10983.9013671875
14256,7793.0283203125
14257,8801.2412109375
14258,8801.2412109375
14259,8376.80859375
14260,7608.37109375
14261,8801.2412109375
14262,8236.822265625
14263,8589.611328125
14264,12103.591796875
14265,8453.2294921875
14266,7735.34228515625
14267,8884.5263671875
14268,8801.2412109375
14269,8306.615234375
14270,8414.1162109375
14271,8801.2412109375
14272,8801.2412109375
14273,7571.06396484375
14274,7871.34912109375
14275,7571.06396484375
14276,7301.03466796875
14277,7608.37109375
14278,7986.83251953125
14279,7571.06396484375
14280,7896.07177734375
14281,12675.3759765625
14282,8801.2412109375
14283,8801.2412109375
14284,8884.5263671875
14285,7357.76220703125
14286,8589.611328125
14287,7774.58447265625
14288,10463.048828125
14289,8801.2412109375
14290,8801.2412109375
14291,8801.2412109375
14292,9047.646484375
14293,10816.9462890625
14294,8697.7509765625
14295,9224.0966796875
14296,8973.2373046875
14297,9182.146484375
14298,8306.615234375
14299,7228.169921875
14300,7357.76220703125
14301,7841.69873046875
14302,7735.34228515625
14303,7595.78662109375
14304,7793.0283203125
14305,8801.2412109375
14306,8801.2412109375
14307,8414.1162109375
14308,8236.822265625
14309,8376.80859375
14310,7160.5205078125
14311,8801.2412109375
14312,7571.06396484375
14313,8801.2412109375
14314,8376.80859375
14315,7314.87158203125
14316,8306.615234375
14317,7135.7978515625
14318,7793.0283203125
14319,8085.19140625
14320,8888.4951171875
14321,8414.1162109375
14322,8414.1162109375
14323,8801.2412109375
14324,8600.361328125
14325,8329.7265625
14326,7228.169921875
14327,9549.763671875
14328,7160.5205078125
14329,9818.4892578125
14330,7793.0283203125
14331,8141.98388671875
14332,8801.2412109375
14333,8414.1162109375
14334,7841.69873046875
14335,8801.2412109375
14336,8913.365234375
14337,8623.1748046875
14338,7608.37109375
14339,7812.93505859375
14340,7077.3837890625
14341,8742.828125
14342,8271.3134765625
14343,9466.6279296875
14344,7512.64990234375
14345,7549.95703125
14346,8248.2021484375
14347,9401.3095703125
14348,8518.837890625
14349,8742.828125
14350,7512.64990234375
14351,7299.34814453125
14352,7512.64990234375
14353,8355.703125
14354,7242.62060546875
14355,8048.365234375
14356,7114.69091796875
14357,7242.62060546875
14358,8639.337890625
14359,8742.828125
14360,7592.79638671875
14361,8248.2021484375
14362,9026.462890625
14363,7512.64990234375
14364,8742.828125
14365,7549.95703125
14366,9026.462890625
14367,7734.6142578125
14368,8742.828125
14369,7299.34814453125
14370,8048.365234375
14371,7549.95703125
14372,8531.1982421875
14373,6696.69873046875
14374,8742.828125
14375,8830.08203125
14376,8371.755859375
14377,8048.365234375
14378,8742.828125
14379,8296.0361328125
14380,8742.828125
14381,8178.40869140625
14382,7114.69091796875
14383,7549.95703125
14384,8145.0322265625
14385,9140.5400390625
14386,8914.82421875
14387,8742.828125
14388,11128.86328125
14389,7734.6142578125
14390,7549.95703125
14391,8742.828125
14392,8205.025390625
14393,8742.828125
14394,8272.9248046875
14395,8854.9521484375
14396,8854.9521484375
14397,11128.86328125
14398,7512.64990234375
14399,8248.2021484375
14400,8742.828125
14401,8742.828125
14402,8914.82421875
14403,7289.83154296875
14404,7391.72021484375
14405,8854.9521484375
14406,8355.703125
14407,7512.64990234375
14408,7806.09814453125
14409,8318.3955078125
14410,7549.95703125
14411,7537.37255859375
14412,8248.2021484375
14413,8296.0361328125
14414,7734.6142578125
14415,8742.828125
14416,9477.2373046875
14417,8248.2021484375
14418,8178.40869140625
14419,8248.2021484375
14420,9026.462890625
14421,8296.0361328125
14422,7512.64990234375
14423,8318.3955078125
14424,8271.3134765625
14425,7512.64990234375
14426,8248.2021484375
14427,8742.828125
14428,8271.3134765625
14429,8742.828125
14430,7512.64990234375
14431,7537.37255859375
14432,9608.6630859375
14433,8355.703125
14434,8541.650390625
14435,8742.828125
14436,7783.28466796875
14437,7299.34814453125
14438,7512.64990234375
14439,7549.95703125
14440,8742.828125
14441,8914.82421875
14442,8830.08203125
14443,10758.533203125
14444,8564.76171875
14445,7734.6142578125
14446,7391.72021484375
14447,7512.64990234375
14448,8722.62890625
14449,9140.5400390625
14450,8248.2021484375
14451,8355.703125
14452,7537.37255859375
14453,8355.703125
14454,10162.7431640625
14455,7537.37255859375
14456,7701.65087890625
14457,7169.755859375
14458,7142.7626953125
14459,7512.64990234375
14460,8271.3134765625
14461,8318.3955078125
14462,7512.64990234375
14463,8248.2021484375
14464,7806.09814453125
14465,7734.6142578125
14466,8830.08203125
14467,7812.93505859375
14468,8355.703125
14469,8742.828125
14470,8993.662109375
14471,8830.08203125
14472,8248.2021484375
14473,8272.9248046875
14474,8248.2021484375
14475,7169.755859375
14476,9401.3095703125
14477,7812.93505859375
14478,7266.384765625
14479,8248.2021484375
14480,10096.8017578125
14481,9466.6279296875
14482,8742.828125
14483,8564.76171875
14484,7102.1064453125
14485,9914.896484375
14486,9140.5400390625
14487,7928.41845703125
14488,7734.6142578125
14489,10444.5673828125
14490,8813.748046875
14491,8811.7353515625
14492,8008.001953125
14493,7512.64990234375
14494,7242.62060546875
14495,8830.08203125
14496,8531.1982421875
14497,7242.62060546875
14498,7734.6142578125
14499,7783.28466796875
14500,7812.93505859375
14501,8830.08203125
14502,7734.6142578125
14503,8271.3134765625
14504,7734.6142578125
14505,7734.6142578125
14506,8742.828125
14507,8795.3349609375
14508,8048.365234375
14509,7734.6142578125
14510,8742.828125
14511,8830.08203125
14512,8742.828125
14513,9737.263671875
14514,7077.3837890625
14515,8048.365234375
14516,8742.828125
14517,7734.6142578125
14518,9737.263671875
14519,7370.83203125
14520,8248.2021484375
14521,7734.6142578125
14522,8402.5869140625
14523,6807.3544921875
14524,7905.30712890625
14525,8636.455078125
14526,7512.64990234375
14527,7734.6142578125
14528,8830.08203125
14529,8830.08203125
14530,9250.7412109375
14531,8008.001953125
14532,8813.748046875
14533,9250.7412109375
14534,8205.025390625
14535,7512.64990234375
14536,7299.34814453125
14537,12045.1787109375
14538,8717.013671875
14539,7537.37255859375
14540,9250.7412109375
14541,7806.09814453125
14542,7734.6142578125
14543,8830.08203125
14544,7816.2021484375
14545,7734.6142578125
14546,7512.64990234375
14547,7242.62060546875
14548,7512.64990234375
14549,10385.611328125
14550,9962.755859375
14551,10980.00390625
14552,8233.4931640625
14553,9950.6708984375
14554,10051.2783203125
14555,10635.505859375
14556,10111.087890625
14557,10635.505859375
14558,9803.7509765625
14559,10411.021484375
14560,10611.0810546875
14561,9389.802734375
14562,9415.068359375
14563,10756.2431640625
14564,10635.505859375
14565,10611.0810546875
14566,9683.33984375
14567,10064.53125
14568,9415.068359375
14569,11299.806640625
14570,10411.021484375
14571,10655.0830078125
14572,11569.7890625
14573,10780.66796875
14574,9853.904296875
14575,10780.66796875
14576,9468.2080078125
14577,10936.4501953125
14578,10556.18359375
14579,10215.1015625
14580,10064.490234375
14581,9302.650390625
14582,10644.8701171875
14583,10304.1982421875
14584,11790.3837890625
14585,9920.70703125
14586,10256.25
14587,10658.6845703125
14588,11569.7412109375
14589,9950.6708984375
14590,10780.66796875
14591,10256.25
14592,10611.0810546875
14593,10749.623046875
14594,10635.505859375
14595,10335.541015625
14596,10119.5634765625
14597,11434.91796875
14598,10073.7802734375
14599,10039.80859375
14600,10611.2744140625
14601,9920.70703125
14602,11306.5380859375
14603,11498.92578125
14604,9839.7490234375
14605,10635.505859375
14606,10051.2783203125
14607,9738.2373046875
14608,10635.505859375
14609,9838.2529296875
14610,10780.66796875
14611,10780.66796875
14612,10304.1982421875
14613,9803.7509765625
14614,10504.984375
14615,9786.912109375
14616,10300.0126953125
14617,10322.5146484375
14618,10635.505859375
14619,9688.525390625
14620,9786.912109375
14621,10086.9873046875
14622,9986.9716796875
14623,10304.1787109375
14624,10300.0126953125
14625,10780.66796875
14626,11816.6005859375
14627,9887.91796875
14628,10504.984375
14629,10264.7255859375
14630,10473.6708984375
14631,9897.4345703125
14632,10322.5146484375
14633,10780.66796875
14634,10635.505859375
14635,10635.505859375
14636,10756.2431640625
14637,10199.4052734375
14638,10780.66796875
14639,10042.5966796875
14640,10052.4853515625
14641,10780.66796875
14642,10635.505859375
14643,10132.1337890625
14644,10635.505859375
14645,10199.4052734375
14646,9862.1044921875
14647,9977.681640625
14648,10042.5966796875
14649,9986.9716796875
14650,9863.8623046875
14651,10199.4052734375
14652,10233.3828125
14653,9969.3818359375
14654,10119.5634765625
14655,9786.912109375
14656,9986.9716796875
14657,9897.4345703125
14658,9887.91796875
14659,10199.4052734375
14660,10197.6474609375
14661,10635.505859375
14662,9897.4306640625
14663,10042.5966796875
14664,10780.66796875
14665,10132.1337890625
14666,10635.505859375
14667,10322.5146484375
14668,10300.0126953125
14669,10780.66796875
14670,9862.1044921875
14671,10635.505859375
14672,10756.2431640625
14673,10504.984375
14674,10780.66796875
14675,10635.505859375
14676,10756.2431640625
14677,9863.8623046875
14678,9716.9423828125
14679,11411.55078125
14680,10359.822265625
14681,9777.6220703125
14682,9863.8623046875
14683,10322.5146484375
14684,10667.64453125
14685,9824.2197265625
14686,10359.822265625
14687,10359.822265625
14688,10961.1728515625
14689,10504.984375
14690,10024.279296875
14691,10308.0537109375
14692,10359.822265625
14693,10780.66796875
14694,9551.384765625
14695,10635.505859375
14696,9854.283203125
14697,10504.984375
14698,9663.802734375
14699,9663.802734375
14700,10042.5966796875
14701,10224.1279296875
14702,10318.330078125
14703,13493.958984375
14704,10359.822265625
14705,10556.18359375
14706,10322.5146484375
14707,10245.115234375
14708,10780.66796875
14709,9824.2197265625
14710,10781.109375
14711,10359.822265625
14712,9897.4345703125
14713,9360.775390625
14714,10635.505859375
14715,10042.5966796875
14716,9969.3818359375
14717,10616.2451171875
14718,10812.8642578125
14719,10052.4853515625
14720,10268.1865234375
14721,10199.4052734375
14722,10199.4052734375
14723,10780.66796875
14724,10042.5966796875
14725,10224.1279296875
14726,10322.5146484375
14727,10756.2431640625
14728,12276.3232421875
14729,10780.66796875
14730,10756.2431640625
14731,10322.5146484375
14732,10504.984375
14733,10024.279296875
14734,9751.4443359375
14735,10290.5283203125
14736,10926.87109375
14737,10169.44140625
14738,9551.384765625
14739,9654.2236328125
14740,10936.4501953125
14741,10359.822265625
14742,10644.3095703125
14743,10921.3310546875
14744,10780.66796875
14745,9662.044921875
14746,14603.5078125
14747,12276.3232421875
14748,11276.796875
14749,9021.630859375
14750,10039.80859375
14751,11411.55078125
14752,9653.111328125
14753,12444.0654296875
14754,13943.3271484375
14755,9897.4345703125
14756,9824.2197265625
14757,10322.5146484375
14758,10359.822265625
14759,14297.3798828125
14760,10206.8671875
14761,10542.361328125
14762,8772.30859375
14763,9021.630859375
14764,10756.2431640625
14765,10542.361328125
14766,10042.5966796875
14767,10318.330078125
14768,10780.66796875
14769,9693.767578125
14770,9360.775390625
14771,10229.369140625
14772,9693.767578125
14773,9854.283203125
14774,10504.984375
14775,10266.677734375
14776,9959.33984375
14777,10274.1171875
14778,9731.07421875
14779,10229.369140625
14780,10504.984375
14781,10780.66796875
14782,11638.01953125
14783,10542.361328125
14784,10756.2431640625
14785,10206.8671875
14786,10229.369140625
14787,9804.2890625
14788,9731.07421875
14789,9770.716796875
14790,10169.44140625
14791,9804.2890625
14792,10500.41015625
14793,10504.984375
14794,9423.73828125
14795,9701.6455078125
14796,10504.984375
14797,9862.1044921875
14798,10051.140625
14799,13400.814453125
14800,10042.5966796875
14801,11541.83203125
14802,9969.3818359375
14803,9959.33984375
14804,9570.658203125
14805,10396.505859375
14806,9461.39453125
14807,11294.5302734375
14808,10556.458984375
14809,14321.771484375
14810,13122.0107421875
14811,9914.7421875
14812,10628.388671875
14813,9914.7421875
14814,10652.8134765625
14815,11016.6259765625
14816,10190.4755859375
14817,10213.712890625
14818,12007.7509765625
14819,11059.69921875
14820,10652.8134765625
14821,10136.87109375
14822,10213.712890625
14823,10138.0390625
14824,9937.9794921875
14825,9914.7421875
14826,9839.5380859375
14827,10953.7578125
14828,10652.8134765625
14829,10136.87109375
14830,10436.2744140625
14831,10652.8134765625
14832,14394.0888671875
14833,9914.7421875
14834,10100.7314453125
14835,10652.8134765625
14836,10628.388671875
14837,10652.8134765625
14838,10138.0390625
14839,9914.7421875
14840,9914.7421875
14841,10136.87109375
14842,12142.5048828125
14843,10652.8134765625
14844,10473.58203125
14845,11281.537109375
14846,16001.6806640625
14847,11031.79296875
14848,10472.953125
14849,10812.5068359375
14850,10994.4853515625
14851,11211.0244140625
14852,10360.49609375
14853,10994.4853515625
14854,10378.3525390625
14855,10985.6123046875
14856,9891.7841796875
14857,10960.423828125
14858,9582.595703125
14859,9663.5185546875
14860,10199.12109375
14861,9640.28125
14862,9703.1611328125
14863,9640.28125
14864,9863.578125
14865,9703.1611328125
14866,9933.7294921875
14867,11051.875
14868,10716.201171875
14869,10691.7763671875
14870,11310.59375
14871,9978.1298828125
14872,10716.201171875
14873,10716.201171875
14874,10271.578125
14875,10041.009765625
14876,11352.89453125
14877,9968.61328125
14878,10716.201171875
14879,10491.716796875
14880,11017.1455078125
14881,10571.3271484375
14882,11968.4052734375
14883,9694.0302734375
14884,10253.86328125
14885,10716.201171875
14886,10716.201171875
14887,10670.0009765625
14888,10716.201171875
14889,10001.3671875
14890,10376.552734375
14891,10201.4267578125
14892,10499.662109375
14893,10065.732421875
14894,10571.3271484375
14895,9728.5322265625
14896,11017.1455078125
14897,10716.201171875
14898,12011.9189453125
14899,10001.3671875
14900,10164.119140625
14901,10691.7763671875
14902,10716.201171875
14903,10716.201171875
14904,13006.7490234375
14905,9978.1298828125
14906,10229.6328125
14907,10035.724609375
14908,9978.1298828125
14909,10536.9697265625
14910,10716.201171875
14911,10716.201171875
14912,10716.201171875
14913,10716.201171875
14914,14378.0751953125
14915,10201.4267578125
14916,10716.201171875
14917,10810.693359375
14918,11186.421875
14919,10334.4580078125
14920,9978.1298828125
14921,10716.201171875
14922,10200.2587890625
14923,9964.0595703125
14924,9978.1298828125
14925,10716.201171875
14926,9498.0556640625
14927,10200.2587890625
14928,9964.0595703125
14929,10691.7763671875
14930,10201.4267578125
14931,11017.1455078125
14932,9840.9501953125
14933,10002.8525390625
14934,9978.1298828125
14935,11017.1455078125
14936,11216.73828125
14937,11310.59375
14938,9728.5322265625
14939,10164.119140625
14940,10691.7763671875
14941,10491.716796875
14942,10201.4267578125
14943,10716.201171875
14944,10499.662109375
14945,9560.03125
14946,9968.61328125
14947,10691.7763671875
14948,11157.1826171875
14949,10716.201171875
14950,10691.7763671875
14951,9920.4443359375
14952,9978.1298828125
14953,10277.1005859375
14954,10691.7763671875
14955,11109.55859375
14956,11109.55859375
14957,12605.2138671875
14958,11109.55859375
14959,11109.55859375
14960,11109.55859375
14961,11410.5029296875
14962,11109.55859375
14963,10434.3671875
14964,10622.990234375
14965,10371.4873046875
14966,9891.4130859375
14967,10769.91015625
14968,10527.755859375
14969,10664.935546875
14970,11067.6083984375
14971,10394.724609375
14972,10769.91015625
14973,10371.4873046875
14974,11085.1337890625
14975,11109.55859375
14976,10412.572265625
14977,10565.287109375
14978,10412.572265625
14979,9897.7978515625
14980,9590.4609375
14981,10713.5166015625
14982,9537.3212890625
14983,9336.314453125
14984,9926.00390625
14985,10233.3408203125
14986,16970.099609375
14987,9194.4267578125
14988,9674.5009765625
14989,11771.7353515625
14990,9390.4013671875
14991,9737.380859375
14992,9674.5009765625
14993,10134.693359375
14994,9950.123046875
14995,10677.83984375
14996,9827.013671875
14997,10523.033203125
14998,10027.0732421875
14999,10186.322265625
15000,10523.033203125
15001,10523.033203125
15002,12910.8505859375
15003,10523.033203125
15004,11090.5234375
15005,10027.0732421875
15006,11027.931640625
15007,12970.0693359375
15008,11748.513671875
15009,10702.2646484375
15010,10252.3193359375
15011,9964.193359375
15012,10186.322265625
15013,10485.7255859375
15014,10702.2646484375
15015,11027.1884765625
15016,9851.736328125
15017,12197.919921875
15018,10187.490234375
15019,9950.123046875
15020,9832.693359375
15021,10523.033203125
15022,10187.490234375
15023,10019.7216796875
15024,9987.4306640625
15025,10677.83984375
15026,10656.064453125
15027,10677.83984375
15028,10702.2646484375
15029,10027.0732421875
15030,9964.193359375
15031,9164.8291015625
15032,10702.2646484375
15033,10187.490234375
15034,10702.2646484375
15035,9827.013671875
15036,10702.2646484375
15037,10702.2646484375
15038,9851.736328125
15039,10186.322265625
15040,10215.6962890625
15041,10187.490234375
15042,10320.521484375
15043,10677.83984375
15044,10523.033203125
15045,10523.033203125
15046,10702.2646484375
15047,9621.298828125
15048,10131.2900390625
15049,10612.154296875
15050,10187.490234375
15051,11421.2216796875
15052,10019.7216796875
15053,10702.2646484375
15054,9827.013671875
15055,10984.115234375
15056,10677.83984375
15057,9964.193359375
15058,9605.966796875
15059,10661.220703125
15060,10702.5625
15061,10362.6162109375
15062,9827.013671875
15063,10702.2646484375
15064,10362.6162109375
15065,10702.2646484375
15066,10912.8212890625
15067,10106.5673828125
15068,10702.2646484375
15069,10263.1640625
15070,10150.1826171875
15071,10677.83984375
15072,10239.9267578125
15073,9950.123046875
15074,10150.1826171875
15075,10122.8076171875
15076,10150.1826171875
15077,9680.09375
15078,10221.78515625
15079,9621.298828125
15080,9843.427734375
15081,9684.1787109375
15082,10702.2646484375
15083,10523.033203125
15084,10720.193359375
15085,10677.83984375
15086,10714.794921875
15087,9851.736328125
15088,9988.916015625
15089,9851.736328125
15090,11291.3349609375
15091,9987.4306640625
15092,10448.51171875
15093,10257.6416015625
15094,10027.0732421875
15095,10187.490234375
15096,10720.193359375
15097,10187.490234375
15098,9987.4306640625
15099,10702.2646484375
15100,10027.0732421875
15101,10463.2236328125
15102,10187.490234375
15103,11770.279296875
15104,9964.193359375
15105,9880.1533203125
15106,11548.4541015625
15107,10362.6162109375
15108,10106.5673828125
15109,10239.9267578125
15110,10186.322265625
15111,12790.7294921875
15112,9964.193359375
15113,10702.2646484375
15114,10702.2646484375
15115,10485.7255859375
15116,10187.490234375
15117,10702.2646484375
15118,10263.1640625
15119,10702.2646484375
15120,12559.3232421875
15121,10448.51171875
15122,10106.5673828125
15123,10240.4931640625
15124,10702.2646484375
15125,10677.83984375
15126,10523.033203125
15127,10702.2646484375
15128,10702.2646484375
15129,9827.013671875
15130,10677.83984375
15131,10150.1826171875
15132,9680.09375
15133,10187.490234375
15134,10019.7216796875
15135,9827.013671875
15136,10702.5625
15137,14418.0283203125
15138,10702.2646484375
15139,10702.2646484375
15140,10240.4931640625
15141,9964.193359375
15142,10702.2646484375
15143,10239.9267578125
15144,12197.919921875
15145,10702.2646484375
15146,10702.2646484375
15147,10702.2646484375
15148,10196.3740234375
15149,12540.5205078125
15150,10523.033203125
15151,10702.2646484375
15152,10984.115234375
15153,10660.314453125
15154,10677.83984375
15155,9684.1787109375
15156,9964.193359375
15157,9632.6337890625
15158,9906.5078125
15159,9851.736328125
15160,9964.193359375
15161,10702.2646484375
15162,10702.2646484375
15163,10523.033203125
15164,10463.2236328125
15165,10485.7255859375
15166,10051.7958984375
15167,10702.2646484375
15168,9950.123046875
15169,10702.2646484375
15170,10485.7255859375
15171,9635.419921875
15172,10677.83984375
15173,9950.123046875
15174,9964.193359375
15175,10263.1640625
15176,9751.953125
15177,10523.033203125
15178,10523.033203125
15179,10702.2646484375
15180,10168.236328125
15181,10362.6162109375
15182,9484.119140625
15183,11027.931640625
15184,10051.7958984375
15185,11296.6572265625
15186,9964.193359375
15187,10965.9658203125
15188,10702.2646484375
15189,10523.033203125
15190,9632.6337890625
15191,10702.2646484375
15192,10493.466796875
15193,10656.064453125
15194,10187.490234375
15195,10619.4267578125
15196,9891.7099609375
15197,10643.8515625
15198,10304.203125
15199,10944.7958984375
15200,10091.76953125
15201,10129.0771484375
15202,10619.4267578125
15203,11485.1396484375
15204,10907.552734375
15205,10643.8515625
15206,9768.6005859375
15207,9905.7802734375
15208,9968.66015625
15209,10464.6201171875
15210,9821.740234375
15211,10157.283203125
15212,9929.017578125
15213,9621.6806640625
15214,10464.6201171875
15215,10643.8515625
15216,10199.228515625
15217,10619.4267578125
15218,10643.8515625
15219,9968.66015625
15220,10643.8515625
15221,9929.017578125
15222,10643.8515625
15223,9905.7802734375
15224,10643.8515625
15225,9905.7802734375
15226,10157.283203125
15227,9929.017578125
15228,10643.8515625
15229,8934.671875
15230,10643.8515625
15231,10390.0986328125
15232,9207.9794921875
15233,10157.283203125
15234,10643.8515625
15235,10328.92578125
15236,10643.8515625
15237,10404.810546875
15238,9929.017578125
15239,10129.0771484375
15240,10847.71484375
15241,10496.5068359375
15242,10925.7021484375
15243,10643.8515625
15244,12852.4375
15245,9905.7802734375
15246,9929.017578125
15247,10643.8515625
15248,9574.220703125
15249,10643.8515625
15250,10644.1494140625
15251,10661.7802734375
15252,10661.7802734375
15253,12911.65625
15254,10091.76953125
15255,10619.4267578125
15256,10643.8515625
15257,10643.8515625
15258,10255.8095703125
15259,9896.263671875
15260,9562.8857421875
15261,10661.7802734375
15262,10464.6201171875
15263,10091.76953125
15264,10062.048828125
15265,10427.3125
15266,9929.017578125
15267,9793.3232421875
15268,10619.4267578125
15269,10328.92578125
15270,9905.7802734375
15271,10643.8515625
15272,11284.0654296875
15273,10419.3671875
15274,10404.810546875
15275,10619.4267578125
15276,10643.8515625
15277,10328.92578125
15278,9891.7099609375
15279,10427.3125
15280,10304.203125
15281,9768.6005859375
15282,10619.4267578125
15283,10643.8515625
15284,10427.3125
15285,10643.8515625
15286,9891.7099609375
15287,9993.3828125
15288,10064.39453125
15289,10464.6201171875
15290,10712.8154296875
15291,10643.8515625
15292,9574.220703125
15293,9905.7802734375
15294,10091.76953125
15295,10129.0771484375
15296,10643.8515625
15297,10029.0830078125
15298,9720.20703125
15299,12482.107421875
15300,10597.6513671875
15301,9905.7802734375
15302,9562.8857421875
15303,9968.66015625
15304,11198.5830078125
15305,10496.5068359375
15306,10619.4267578125
15307,10464.6201171875
15308,9993.3828125
15309,10464.6201171875
15310,11518.7099609375
15311,9793.3232421875
15312,10072.876953125
15313,9425.7060546875
15314,7671.70361328125
15315,9768.6005859375
15316,10304.203125
15317,10427.3125
15318,9891.7099609375
15319,10619.4267578125
15320,10062.048828125
15321,9905.7802734375
15322,10390.0986328125
15323,10619.4267578125
15324,10464.6201171875
15325,10643.8515625
15326,9204.708984375
15327,9881.4130859375
15328,10619.4267578125
15329,10644.1494140625
15330,10619.4267578125
15331,9425.7060546875
15332,11711.8662109375
15333,10619.4267578125
15334,10072.876953125
15335,10619.4267578125
15336,11903.6298828125
15337,10944.7958984375
15338,10643.8515625
15339,10597.6513671875
15340,9793.3232421875
15341,12225.453125
15342,10496.5068359375
15343,9961.30859375
15344,9905.7802734375
15345,12168.1416015625
15346,10922.6650390625
15347,10989.65234375
15348,10387.0625
15349,9768.6005859375
15350,9621.6806640625
15351,10327.0146484375
15352,10643.8515625
15353,9821.740234375
15354,9905.7802734375
15355,9774.2802734375
15356,10619.4267578125
15357,10635.640625
15358,9905.7802734375
15359,10427.3125
15360,9905.7802734375
15361,9905.7802734375
15362,10643.8515625
15363,11173.3115234375
15364,10157.283203125
15365,9905.7802734375
15366,10643.8515625
15367,10163.3720703125
15368,10643.8515625
15369,11232.921875
15370,9968.66015625
15371,10157.283203125
15372,10643.8515625
15373,9905.7802734375
15374,11006.1953125
15375,10062.048828125
15376,10619.4267578125
15377,9905.7802734375
15378,10145.23828125
15379,9821.740234375
15380,10076.47265625
15381,10862.85546875
15382,9891.7099609375
15383,9905.7802734375
15384,11062.4267578125
15385,11062.4267578125
15386,11151.7646484375
15387,10387.0625
15388,10922.6650390625
15389,11151.7646484375
15390,9574.220703125
15391,9891.7099609375
15392,9905.7802734375
15393,12500.91015625
15394,11027.5703125
15395,9993.3828125
15396,11151.7646484375
15397,10062.048828125
15398,9905.7802734375
15399,9693.5400390625
15400,10292.158203125
15401,9905.7802734375
15402,9968.66015625
15403,9621.6806640625
15404,9891.7099609375
15405,11863.7802734375
15406,11863.7802734375
15407,12458.1728515625
15408,10839.9248046875
15409,0.0
15410,0.0
15411,0.0
15412,0.0
15413,0.0
15414,0.0
15415,0.0
15416,0.0
15417,0.0
15418,0.0
15419,0.0
15420,0.0
15421,0.0
15422,0.0
15423,0.0
15424,0.0
15425,0.0
15426,0.0
15427,0.0
15428,0.0
15429,0.0
15430,0.0
15431,0.0
15432,0.0
15433,0.0
15434,0.0
15435,0.0
15436,0.0
15437,0.0
15438,0.0
15439,0.0
15440,0.0
15441,0.0
15442,0.0
15443,0.0
15444,0.0
15445,0.0
15446,0.0
15447,0.0
15448,0.0
15449,0.0
15450,0.0
15451,0.0
15452,0.0
15453,0.0
15454,0.0
15455,0.0
15456,0.0
15457,0.0
15458,0.0
15459,0.0
15460,0.0
15461,0.0
15462,0.0
15463,0.0
15464,0.0
15465,0.0
15466,0.0
15467,0.0
15468,0.0
15469,0.0
15470,0.0
15471,0.0
15472,0.0
15473,0.0
15474,0.0
15475,0.0
15476,0.0
15477,0.0
15478,0.0
15479,0.0
15480,0.0
15481,0.0
15482,0.0
15483,0.0
15484,0.0
15485,0.0
15486,0.0
15487,0.0
15488,0.0
15489,0.0
15490,0.0
15491,0.0
15492,0.0
15493,0.0
15494,0.0
15495,0.0
15496,0.0
15497,0.0
15498,0.0
15499,0.0
15500,5664.076171875
15501,0.0
15502,0.0
15503,0.0
15504,0.0
15505,0.0
15506,0.0
15507,0.0
15508,0.0
15509,0.0
15510,0.0
15511,0.0
15512,0.0
15513,0.0
15514,0.0
15515,0.0
15516,0.0
15517,0.0
15518,0.0
15519,0.0
15520,0.0
15521,0.0
15522,0.0
15523,0.0
15524,0.0
15525,0.0
15526,0.0
15527,0.0
15528,0.0
15529,0.0
15530,0.0
15531,0.0
15532,0.0
15533,0.0
15534,0.0
15535,0.0
15536,0.0
15537,0.0
15538,0.0
15539,0.0
15540,0.0
15541,0.0
15542,0.0
15543,0.0
15544,0.0
15545,0.0
15546,0.0
15547,0.0
15548,0.0
15549,0.0
15550,0.0
15551,0.0
15552,0.0
15553,0.0
15554,0.0
15555,0.0
15556,0.0
15557,0.0
15558,0.0
15559,0.0
15560,0.0
15561,0.0
15562,0.0
15563,0.0
15564,0.0
15565,0.0
15566,0.0
15567,0.0
15568,4883.64404296875
15569,0.0
15570,0.0
15571,0.0
15572,0.0
15573,0.0
15574,0.0
15575,0.0
15576,0.0
15577,0.0
15578,0.0
15579,0.0
15580,0.0
15581,0.0
15582,0.0
15583,0.0
15584,0.0
15585,0.0
15586,0.0
15587,0.0
15588,0.0
15589,0.0
15590,0.0
15591,0.0
15592,0.0
15593,0.0
15594,0.0
15595,0.0
15596,0.0
15597,0.0
15598,0.0
15599,0.0
15600,0.0
15601,0.0
15602,0.0
15603,0.0
15604,0.0
15605,0.0
15606,0.0
15607,0.0
15608,0.0
15609,13035.044921875
15610,17785.30078125
15611,0.0
15612,0.0
15613,0.0
15614,0.0
15615,0.0
15616,0.0
15617,0.0
15618,7812.40478515625
15619,0.0
15620,0.0
15621,0.0
15622,0.0
15623,0.0
15624,0.0
15625,0.0
15626,0.0
15627,0.0
15628,0.0
15629,0.0
15630,0.0
15631,0.0
15632,0.0
15633,0.0
15634,0.0
15635,0.0
15636,0.0
15637,5809.23828125
15638,0.0
15639,0.0
15640,0.0
15641,0.0
15642,0.0
15643,0.0
15644,0.0
15645,0.0
15646,0.0
15647,5021.6357421875
15648,0.0
15649,0.0
15650,0.0
15651,0.0
15652,0.0
15653,0.0
15654,0.0
15655,0.0
15656,0.0
15657,0.0
15658,0.0
15659,0.0
15660,0.0
15661,0.0
15662,0.0
15663,0.0
15664,0.0
15665,10597.486328125
15666,0.0
15667,0.0
15668,0.0
15669,0.0
15670,0.0
15671,0.0
15672,0.0
15673,0.0
15674,0.0
15675,0.0
15676,0.0
15677,0.0
15678,0.0
15679,0.0
15680,0.0
15681,0.0
15682,7464.765625
15683,0.0
15684,0.0
15685,0.0
15686,0.0
15687,0.0
15688,0.0
15689,0.0
15690,0.0
15691,0.0
15692,0.0
15693,0.0
15694,0.0
15695,0.0
15696,0.0
15697,0.0
15698,0.0
15699,0.0
15700,0.0
15701,0.0
15702,0.0
15703,0.0
15704,0.0
15705,0.0
15706,0.0
15707,0.0
15708,0.0
15709,0.0
15710,0.0
15711,0.0
15712,0.0
15713,0.0
15714,0.0
15715,0.0
15716,0.0
15717,0.0
15718,0.0
15719,0.0
15720,0.0
15721,0.0
15722,0.0
15723,0.0
15724,0.0
15725,0.0
15726,0.0
15727,0.0
15728,0.0
15729,0.0
15730,0.0
15731,0.0
15732,0.0
15733,0.0
15734,0.0
15735,0.0
15736,0.0
15737,0.0
15738,0.0
15739,0.0
15740,0.0
15741,0.0
15742,0.0
15743,0.0
15744,5258.55859375
15745,0.0
15746,0.0
15747,0.0
15748,0.0
15749,0.0
15750,0.0
15751,0.0
15752,0.0
15753,0.0
15754,0.0
15755,0.0
15756,0.0
15757,0.0
15758,5641.9033203125
15759,0.0
15760,0.0
15761,0.0
15762,0.0
15763,0.0
15764,0.0
15765,0.0
15766,0.0
15767,0.0
15768,0.0
15769,0.0
15770,0.0
15771,0.0
15772,0.0
15773,0.0
15774,0.0
15775,0.0
15776,0.0
15777,0.0
15778,0.0
15779,0.0
15780,0.0
15781,0.0
15782,0.0
15783,0.0
15784,0.0
15785,0.0
15786,0.0
15787,0.0
15788,0.0
15789,0.0
15790,0.0
15791,0.0
15792,0.0
15793,0.0
15794,0.0
15795,0.0
15796,0.0
15797,0.0
15798,0.0
15799,0.0
15800,0.0
15801,7528.1533203125
15802,0.0
15803,0.0
15804,0.0
15805,0.0
15806,0.0
15807,0.0
15808,0.0
15809,0.0
15810,0.0
15811,5641.9033203125
15812,0.0
15813,0.0
15814,0.0
15815,5853.533203125
15816,0.0
15817,0.0
15818,0.0
15819,0.0
15820,0.0
15821,0.0
15822,0.0
15823,0.0
15824,0.0
15825,0.0
15826,0.0
15827,0.0
15828,0.0
15829,0.0
15830,0.0
15831,0.0
15832,0.0
15833,0.0
15834,0.0
15835,0.0
15836,0.0
15837,0.0
15838,0.0
15839,0.0
15840,0.0
15841,0.0
15842,15046.8818359375
15843,0.0
15844,0.0
15845,0.0
15846,0.0
15847,0.0
15848,0.0
15849,0.0
15850,0.0
15851,0.0
15852,0.0
15853,0.0
15854,0.0
15855,0.0
15856,5132.7109375
15857,0.0
15858,0.0
15859,0.0
15860,0.0
15861,0.0
15862,0.0
15863,0.0
15864,0.0
15865,0.0
15866,0.0
15867,0.0
15868,0.0
15869,0.0
15870,0.0
15871,0.0
15872,0.0
15873,0.0
15874,0.0
15875,0.0
15876,0.0
15877,0.0
15878,0.0
15879,0.0
15880,0.0
15881,0.0
15882,0.0
15883,0.0
15884,0.0
15885,0.0
15886,0.0
15887,0.0
15888,0.0
15889,0.0
15890,0.0
15891,0.0
15892,0.0
15893,0.0
15894,0.0
15895,0.0
15896,0.0
15897,0.0
15898,0.0
15899,0.0
15900,0.0
15901,0.0
15902,0.0
15903,0.0
15904,0.0
15905,0.0
15906,0.0
15907,0.0
15908,0.0
15909,0.0
15910,0.0
15911,0.0
15912,0.0
15913,0.0
15914,0.0
15915,0.0
15916,0.0
15917,0.0
15918,0.0
15919,0.0
15920,0.0
15921,0.0
15922,0.0
15923,0.0
15924,0.0
15925,0.0
15926,0.0
15927,0.0
15928,0.0
15929,0.0
15930,0.0
15931,9179.71875
15932,0.0
15933,0.0
15934,0.0
15935,0.0
15936,0.0
15937,0.0
15938,0.0
15939,0.0
15940,0.0
15941,0.0
15942,0.0
15943,0.0
15944,0.0
15945,0.0
15946,0.0
15947,0.0
15948,0.0
15949,0.0
15950,0.0
15951,0.0
15952,0.0
15953,0.0
15954,0.0
15955,0.0
15956,0.0
15957,0.0
15958,0.0
15959,0.0
15960,0.0
15961,0.0
15962,0.0
15963,0.0
15964,0.0
15965,0.0
15966,0.0
15967,0.0
15968,0.0
15969,0.0
15970,0.0
15971,0.0
15972,0.0
15973,0.0
15974,0.0
15975,5641.9033203125
15976,11863.9091796875
15977,0.0
15978,0.0
15979,0.0
15980,0.0
15981,0.0
15982,0.0
15983,0.0
15984,0.0
15985,0.0
15986,0.0
15987,0.0
15988,0.0
15989,0.0
15990,0.0
15991,0.0
15992,0.0
15993,0.0
15994,0.0
15995,0.0
15996,0.0
15997,0.0
15998,0.0
15999,0.0
16000,0.0
16001,0.0
16002,0.0
16003,0.0
16004,7528.1533203125
16005,0.0
16006,0.0
16007,0.0
16008,0.0
16009,0.0
16010,0.0
16011,0.0
16012,0.0
16013,0.0
16014,0.0
16015,0.0
16016,0.0
16017,0.0
16018,0.0
16019,0.0
16020,0.0
16021,0.0
16022,0.0
16023,0.0
16024,0.0
16025,0.0
16026,0.0
16027,0.0
16028,0.0
16029,0.0
16030,0.0
16031,0.0
16032,0.0
16033,0.0
16034,0.0
16035,0.0
16036,0.0
16037,0.0
16038,0.0
16039,0.0
16040,0.0
16041,0.0
16042,0.0
16043,0.0
16044,0.0
16045,0.0
16046,0.0
16047,0.0
16048,0.0
16049,0.0
16050,0.0
16051,0.0
16052,0.0
16053,0.0
16054,0.0
16055,0.0
16056,0.0
16057,0.0
16058,0.0
16059,0.0
16060,0.0
16061,0.0
16062,0.0
16063,0.0
16064,0.0
16065,0.0
16066,0.0
16067,0.0
16068,0.0
16069,0.0
16070,0.0
16071,0.0
16072,0.0
16073,0.0
16074,5695.4091796875
16075,0.0
16076,0.0
16077,0.0
16078,5695.4091796875
16079,0.0
16080,0.0
16081,0.0
16082,0.0
16083,0.0
16084,0.0
16085,0.0
16086,0.0
16087,0.0
16088,0.0
16089,0.0
16090,0.0
16091,0.0
16092,0.0
16093,0.0
16094,0.0
16095,0.0
16096,0.0
16097,0.0
16098,0.0
16099,0.0
16100,0.0
16101,0.0
16102,0.0
16103,0.0
16104,0.0
16105,0.0
16106,0.0
16107,0.0
16108,0.0
16109,0.0
16110,0.0
16111,0.0
16112,0.0
16113,0.0
16114,0.0
16115,0.0
16116,0.0
16117,0.0
16118,0.0
16119,0.0
16120,0.0
16121,0.0
16122,0.0
16123,0.0
16124,0.0
16125,0.0
16126,0.0
16127,0.0
16128,0.0
16129,5267.3046875
16130,0.0
16131,0.0
16132,0.0
16133,0.0
16134,0.0
16135,0.0
16136,0.0
16137,0.0
16138,0.0
16139,0.0
16140,0.0
16141,0.0
16142,0.0
16143,0.0
16144,9121.3056640625
16145,0.0
16146,0.0
16147,0.0
16148,0.0
16149,0.0
16150,0.0
16151,0.0
16152,0.0
16153,0.0
16154,0.0
16155,0.0
16156,0.0
16157,0.0
16158,0.0
16159,0.0
16160,0.0
16161,0.0
16162,0.0
16163,0.0
16164,0.0
16165,0.0
16166,0.0
16167,0.0
16168,0.0
16169,0.0
16170,0.0
16171,0.0
16172,0.0
16173,0.0
16174,0.0
16175,0.0
16176,0.0
16177,0.0
16178,0.0
16179,0.0
16180,0.0
16181,0.0
16182,0.0
16183,0.0
16184,0.0
16185,0.0
16186,0.0
16187,0.0
16188,0.0
16189,0.0
16190,0.0
16191,0.0
16192,0.0
16193,0.0
16194,0.0
16195,0.0
16196,0.0
16197,0.0
16198,0.0
16199,0.0
16200,0.0
16201,0.0
16202,0.0
16203,0.0
16204,0.0
16205,0.0
16206,0.0
16207,0.0
16208,5583.4892578125
16209,0.0
16210,0.0
16211,0.0
16212,0.0
16213,0.0
16214,0.0
16215,0.0
16216,0.0
16217,0.0
16218,0.0
16219,0.0
16220,0.0
16221,0.0
16222,0.0
16223,0.0
16224,0.0
16225,0.0
16226,0.0
16227,0.0
16228,0.0
16229,0.0
16230,0.0
16231,0.0
16232,0.0
16233,0.0
16234,0.0
16235,0.0
16236,0.0
16237,0.0
16238,0.0
16239,0.0
16240,0.0
16241,0.0
16242,0.0
16243,0.0
16244,0.0
16245,0.0
16246,0.0
16247,0.0
16248,0.0
16249,11805.49609375
16250,6115.89794921875
16251,0.0
16252,0.0
16253,0.0
16254,0.0
16255,0.0
16256,0.0
16257,0.0
16258,0.0
16259,0.0
16260,0.0
16261,0.0
16262,0.0
16263,0.0
16264,0.0
16265,5986.26611328125
16266,4937.51806640625
16267,6388.34033203125
16268,5414.05712890625
16269,6562.31201171875
16270,5414.05712890625
16271,6210.8076171875
16272,6210.8076171875
16273,5233.703125
16274,4751.43359375
16275,6508.17822265625
16276,6562.31201171875
16277,6363.01611328125
16278,5380.912109375
16279,5639.53466796875
16280,4751.43359375
16281,7087.09228515625
16282,6363.01611328125
16283,7248.01220703125
16284,6587.21337890625
16285,6707.47412109375
16286,5543.65673828125
16287,6707.47412109375
16288,4903.64208984375
16289,7305.85986328125
16290,6508.17822265625
16291,5990.16455078125
16292,6100.08544921875
16293,5506.58984375
16294,5506.58984375
16295,6103.98388671875
16296,7073.384765625
16297,5533.12060546875
16298,6043.53564453125
16299,6279.306640625
16300,7232.6650390625
16301,5501.94970703125
16302,6249.86767578125
16303,6043.53564453125
16304,6363.01611328125
16305,6324.626953125
16306,5893.07568359375
16307,6287.53515625
16308,6071.55810546875
16309,6717.9189453125
16310,5414.05712890625
16311,5791.7431640625
16312,6605.0458984375
16313,5533.12060546875
16314,7750.77587890625
16315,7161.85009765625
16316,5639.53466796875
16317,6562.31201171875
16318,4937.51806640625
16319,4751.43359375
16320,7004.91552734375
16321,6211.23779296875
16322,6533.50244140625
16323,6249.86767578125
16324,6103.98388671875
16325,5414.05712890625
16326,6292.27099609375
16327,5152.37744140625
16328,5469.88818359375
16329,5662.79248046875
16330,6562.31201171875
16331,5264.541015625
16332,5152.37744140625
16333,6459.97314453125
16334,5636.69384765625
16335,5894.52880859375
16336,5186.25341796875
16337,6249.86767578125
16338,6774.587890625
16339,5687.7041015625
16340,5834.66455078125
16341,6216.72021484375
16342,5901.31103515625
16343,5849.42919921875
16344,5662.79248046875
16345,6707.47412109375
16346,6562.31201171875
16347,5893.07568359375
16348,6508.17822265625
16349,5750.68505859375
16350,6533.50244140625
16351,5994.59130859375
16352,5662.79248046875
16353,6707.47412109375
16354,6562.31201171875
16355,5629.6474609375
16356,5893.07568359375
16357,5750.68505859375
16358,5781.85595703125
16359,5598.3046875
16360,5842.3828125
16361,5152.37744140625
16362,5484.4853515625
16363,6235.00146484375
16364,6033.1689453125
16365,5781.85595703125
16366,5919.349609375
16367,5000.1689453125
16368,5000.1689453125
16369,5697.220703125
16370,5687.7041015625
16371,5750.68505859375
16372,6292.27099609375
16373,6104.70556640625
16374,5901.31103515625
16375,5994.59130859375
16376,6707.47412109375
16377,5781.85595703125
16378,5893.07568359375
16379,5750.68505859375
16380,5186.25341796875
16381,6249.86767578125
16382,5781.85595703125
16383,6562.31201171875
16384,6508.17822265625
16385,6292.27099609375
16386,6249.86767578125
16387,6562.31201171875
16388,6508.17822265625
16389,5000.1689453125
16390,5152.37744140625
16391,7133.69482421875
16392,5662.79248046875
16393,5598.3046875
16394,5000.1689453125
16395,5662.79248046875
16396,6095.28466796875
16397,5152.37744140625
16398,6147.10888671875
16399,5662.79248046875
16400,7305.85986328125
16401,6292.27099609375
16402,5152.37744140625
16403,5907.7802734375
16404,5662.79248046875
16405,6707.47412109375
16406,5375.4013671875
16407,6104.70556640625
16408,5181.4580078125
16409,6292.27099609375
16410,5000.1689453125
16411,5000.1689453125
16412,5994.59130859375
16413,6015.05712890625
16414,6028.46728515625
16415,8502.494140625
16416,6147.10888671875
16417,6508.17822265625
16418,5750.68505859375
16419,6099.36669921875
16420,6707.47412109375
16421,5152.37744140625
16422,6321.66796875
16423,5662.79248046875
16424,5849.42919921875
16425,5181.4580078125
16426,6104.70556640625
16427,5994.59130859375
16428,5781.85595703125
16429,5591.50146484375
16430,5894.52880859375
16431,6147.10888671875
16432,6210.8076171875
16433,5750.68505859375
16434,5750.68505859375
16435,6249.86767578125
16436,5994.59130859375
16437,6015.05712890625
16438,5662.79248046875
16439,6508.17822265625
16440,7034.25048828125
16441,6707.47412109375
16442,6508.17822265625
16443,5750.68505859375
16444,6292.27099609375
16445,5152.37744140625
16446,5375.4013671875
16447,7002.83251953125
16448,7002.83251953125
16449,5781.85595703125
16450,5375.4013671875
16451,5181.4580078125
16452,7305.85986328125
16453,6147.10888671875
16454,6628.56640625
16455,6204.33203125
16456,6249.86767578125
16457,5781.85595703125
16458,10120.7294921875
16459,7317.88525390625
16460,6939.72119140625
16461,5065.591796875
16462,5791.7431640625
16463,7395.80810546875
16464,4327.72216796875
16465,10757.5390625
16466,15669.0009765625
16467,5697.220703125
16468,5152.37744140625
16469,6147.10888671875
16470,5662.79248046875
16471,9873.8193359375
16472,5093.1083984375
16473,6469.1669921875
16474,4720.42333984375
16475,5065.591796875
16476,6508.17822265625
16477,6469.1669921875
16478,5842.3828125
16479,6028.46728515625
16480,6707.47412109375
16481,4907.02392578125
16482,5181.4580078125
16483,5569.6474609375
16484,5543.548828125
16485,5181.4580078125
16486,6292.27099609375
16487,5569.6474609375
16488,5569.6474609375
16489,5808.166015625
16490,5059.232421875
16491,5569.6474609375
16492,5834.66455078125
16493,6038.23779296875
16494,7360.1630859375
16495,6469.1669921875
16496,6355.9697265625
16497,5093.1083984375
16498,5569.6474609375
16499,5756.2841796875
16500,5059.232421875
16501,4907.02392578125
16502,5781.85595703125
16503,5604.07568359375
16504,7212.71484375
16505,6292.27099609375
16506,5059.232421875
16507,4959.2158203125
16508,6292.27099609375
16509,5781.85595703125
16510,5826.20458984375
16511,8409.349609375
16512,5994.59130859375
16513,6624.77392578125
16514,5781.85595703125
16515,5569.6474609375
16516,4907.02392578125
16517,5937.06494140625
16518,5604.07568359375
16519,7221.3359375
16520,6508.453125
16521,10080.83984375
16522,8825.103515625
16523,5866.7373046875
16524,6228.11572265625
16525,5714.52880859375
16526,6579.6201171875
16527,6719.71923828125
16528,5900.61328125
16529,5784.330078125
16530,7090.69287109375
16531,6015.0712890625
16532,6579.6201171875
16533,6088.8662109375
16534,5300.013671875
16535,5750.4541015625
16536,5266.1376953125
16537,5866.7373046875
16538,7109.3232421875
16539,7323.16796875
16540,6579.6201171875
16541,6088.8662109375
16542,5776.552734375
16543,6579.6201171875
16544,9911.310546875
16545,5624.87939453125
16546,5750.4541015625
16547,6579.6201171875
16548,6228.11572265625
16549,6579.6201171875
16550,5750.4541015625
16551,5714.52880859375
16552,5866.7373046875
16553,6088.8662109375
16554,7664.58984375
16555,6579.6201171875
16556,6260.869140625
16557,6494.7939453125
16558,11518.90234375
16559,6819.07958984375
16560,6272.7392578125
16561,6566.49951171875
16562,6334.76318359375
16563,7137.83056640625
16564,5936.51171875
16565,6334.76318359375
16566,6305.1591796875
16567,6772.8984375
16568,5502.091796875
16569,6682.568359375
16570,5382.3818359375
16571,4991.6767578125
16572,5502.091796875
16573,5440.06787109375
16574,4839.46826171875
16575,5592.2763671875
16576,4991.6767578125
16577,5323.78466796875
16578,5440.06787109375
16579,6489.3046875
16580,6643.0078125
16581,6443.7119140625
16582,7386.5556640625
16583,5930.125
16584,6643.0078125
16585,6643.0078125
16586,5777.91650390625
16587,5177.31689453125
16588,7015.8193359375
16589,5920.6083984375
16590,6643.0078125
16591,6291.50341796875
16592,7386.5556640625
16593,6783.10693359375
16594,7752.60302734375
16595,5813.841796875
16596,5964.0009765625
16597,6643.0078125
16598,6643.0078125
16599,6192.205078125
16600,5973.771484375
16601,5329.525390625
16602,5927.8330078125
16603,5813.841796875
16604,6324.2568359375
16605,5661.63330078125
16606,6783.10693359375
16607,5552.54931640625
16608,7386.5556640625
16609,6643.0078125
16610,7823.955078125
16611,5813.841796875
16612,5329.525390625
16613,6291.50341796875
16614,5973.771484375
16615,6643.0078125
16616,8583.189453125
16617,5930.125
16618,6324.2568359375
16619,6368.41015625
16620,5777.91650390625
16621,5839.9404296875
16622,6643.0078125
16623,6643.0078125
16624,6469.0361328125
16625,6643.0078125
16626,9954.5146484375
16627,5813.841796875
16628,6643.0078125
16629,6407.37744140625
16630,6783.10693359375
16631,5661.63330078125
16632,5930.125
16633,6185.4013671875
16634,6152.25390625
16635,5177.31689453125
16636,5777.91650390625
16637,6643.0078125
16638,5441.68896484375
16639,6152.25390625
16640,5177.31689453125
16641,6291.50341796875
16642,5813.841796875
16643,7386.5556640625
16644,5177.31689453125
16645,5777.91650390625
16646,5930.125
16647,7386.5556640625
16648,6368.41015625
16649,7386.5556640625
16650,5552.54931640625
16651,5177.31689453125
16652,6443.7119140625
16653,6291.50341796875
16654,5329.525390625
16655,6643.0078125
16656,5839.9404296875
16657,7172.7109375
16658,5768.39990234375
16659,6443.7119140625
16660,6057.15576171875
16661,6469.0361328125
16662,6443.7119140625
16663,5872.43896484375
16664,5930.125
16665,5847.7177734375
16666,6443.7119140625
16667,6367.1279296875
16668,7036.3642578125
16669,7646.775390625
16670,7036.3642578125
16671,6578.7578125
16672,7036.3642578125
16673,7779.912109375
16674,7036.3642578125
16675,6054.98974609375
16676,6233.296875
16677,6323.4814453125
16678,5835.04541015625
16679,6321.189453125
16680,5835.04541015625
16681,6171.27294921875
16682,7779.912109375
16683,5722.8818359375
16684,6805.505859375
16685,6323.4814453125
16686,6837.068359375
16687,7036.3642578125
16688,6339.37890625
16689,7073.11083984375
16690,6339.37890625
16691,5025.896484375
16692,5510.212890625
16693,7082.9267578125
16694,5358.00439453125
16695,6479.47802734375
16696,5536.3115234375
16697,5563.021484375
16698,14801.1435546875
16699,5138.06005859375
16700,5626.49609375
16701,8279.5615234375
16702,5025.896484375
16703,5358.00439453125
16704,5626.49609375
16705,6769.16943359375
16706,5647.69580078125
16707,6429.7744140625
16708,5163.37939453125
16709,6310.3193359375
16710,5163.37939453125
16711,5986.10791015625
16712,6310.3193359375
16713,6136.34765625
16714,8569.2529296875
16715,5826.0029296875
16716,6769.16943359375
16717,5647.69580078125
16718,7372.6181640625
16719,8569.2529296875
16720,6913.41650390625
16721,6171.4638671875
16722,5874.83935546875
16723,5916.1875
16724,6138.31640625
16725,5826.0029296875
16726,5959.833984375
16727,6354.47265625
16728,5647.69580078125
16729,6955.8466796875
16730,5799.904296875
16731,5315.587890625
16732,5538.61181640625
16733,6310.3193359375
16734,5799.904296875
16735,6178.267578125
16736,5315.587890625
16737,6429.7744140625
16738,6398.2119140625
16739,6429.7744140625
16740,6629.0703125
16741,5163.37939453125
16742,5916.1875
16743,5506.31005859375
16744,5959.833984375
16745,5315.587890625
16746,6629.0703125
16747,5163.37939453125
16748,6629.0703125
16749,6629.0703125
16750,5647.69580078125
16751,6138.31640625
16752,5826.0029296875
16753,5799.904296875
16754,5647.69580078125
16755,6429.7744140625
16756,6310.3193359375
16757,5826.0029296875
16758,6629.0703125
16759,5763.97900390625
16760,5706.29296875
16761,6354.47265625
16762,5799.904296875
16763,6810.5595703125
16764,6178.267578125
16765,6629.0703125
16766,5163.37939453125
16767,6769.16943359375
16768,6429.7744140625
16769,5763.97900390625
16770,5531.82958984375
16771,7017.39013671875
16772,6277.56591796875
16773,6398.2119140625
16774,5163.37939453125
16775,6629.0703125
16776,6398.2119140625
16777,6629.0703125
16778,6302.15869140625
16779,5858.50146484375
16780,6629.0703125
16781,5833.7802734375
16782,5163.37939453125
16783,6277.56591796875
16784,5950.0634765625
16785,5315.587890625
16786,5163.37939453125
16787,6734.67041015625
16788,5647.69580078125
16789,5799.904296875
16790,6347.6904296875
16791,5763.97900390625
16792,5986.10791015625
16793,5427.75146484375
16794,6629.0703125
16795,5852.712890625
16796,6398.8388671875
16797,6429.7744140625
16798,6393.43994140625
16799,5647.69580078125
16800,5763.97900390625
16801,5427.75146484375
16802,7817.5341796875
16803,5799.904296875
16804,6354.47265625
16805,5763.97900390625
16806,5647.69580078125
16807,5315.587890625
16808,6398.8388671875
16809,5315.587890625
16810,5799.904296875
16811,6629.0703125
16812,5647.69580078125
16813,5833.7802734375
16814,5315.587890625
16815,7296.4306640625
16816,5916.1875
16817,5799.904296875
16818,6913.41650390625
16819,5913.8955078125
16820,5858.50146484375
16821,5950.0634765625
16822,6138.31640625
16823,8469.375
16824,5916.1875
16825,6629.0703125
16826,6171.4638671875
16827,5826.0029296875
16828,5558.04638671875
16829,6629.0703125
16830,5349.4638671875
16831,5959.833984375
16832,11508.46875
16833,6354.47265625
16834,5706.29296875
16835,6040.04541015625
16836,6629.0703125
16837,6429.7744140625
16838,6310.3193359375
16839,6629.0703125
16840,6629.0703125
16841,5163.37939453125
16842,6429.7744140625
16843,5799.904296875
16844,5315.587890625
16845,5799.904296875
16846,6178.267578125
16847,5163.37939453125
16848,6277.56591796875
16849,10774.1982421875
16850,6629.0703125
16851,6171.4638671875
16852,6040.04541015625
16853,5763.97900390625
16854,5959.833984375
16855,5738.43359375
16856,7239.4814453125
16857,6629.0703125
16858,6629.0703125
16859,6629.0703125
16860,7172.7109375
16861,8198.9228515625
16862,5652.03125
16863,7071.673828125
16864,6769.16943359375
16865,7372.6181640625
16866,6429.7744140625
16867,5647.69580078125
16868,5916.1875
16869,5538.61181640625
16870,5858.50146484375
16871,5427.75146484375
16872,5763.97900390625
16873,6629.0703125
16874,6629.0703125
16875,5826.0029296875
16876,5833.7802734375
16877,6310.3193359375
16878,5647.69580078125
16879,6629.0703125
16880,5163.37939453125
16881,6629.0703125
16882,6310.3193359375
16883,4753.46923828125
16884,6277.56591796875
16885,5647.69580078125
16886,5763.97900390625
16887,6117.4150390625
16888,6347.6904296875
16889,5826.0029296875
16890,5826.0029296875
16891,6629.0703125
16892,6623.18359375
16893,5913.8955078125
16894,5427.75146484375
16895,7372.6181640625
16896,5647.69580078125
16897,7372.6181640625
16898,5763.97900390625
16899,6388.42626953125
16900,6171.4638671875
16901,5368.396484375
16902,5538.61181640625
16903,6629.0703125
16904,6392.056640625
16905,6178.267578125
16906,5799.904296875
16907,6371.3603515625
16908,5257.173828125
16909,6113.0498046875
16910,5855.4814453125
16911,7314.2041015625
16912,5104.96533203125
16913,5741.490234375
16914,6371.3603515625
16915,7011.2900390625
16916,6330.01220703125
16917,6570.65625
16918,5589.28173828125
16919,5705.56494140625
16920,5589.28173828125
16921,5309.982421875
16922,5257.173828125
16923,5767.5888671875
16924,5741.490234375
16925,5257.173828125
16926,6077.93359375
16927,6570.65625
16928,5705.56494140625
16929,6371.3603515625
16930,6396.6845703125
16931,5104.96533203125
16932,6570.65625
16933,5741.490234375
16934,6396.6845703125
16935,5705.56494140625
16936,6570.65625
16937,5857.7734375
16938,5767.5888671875
16939,5741.490234375
16940,5901.419921875
16941,4293.65625
16942,6570.65625
16943,6296.05859375
16944,5549.45947265625
16945,5767.5888671875
16946,6570.65625
16947,6119.853515625
16948,6570.65625
16949,5775.3662109375
16950,5741.490234375
16951,5257.173828125
16952,6212.67626953125
16953,6296.05859375
16954,6710.75537109375
16955,6570.65625
16956,8510.83984375
16957,5857.7734375
16958,5257.173828125
16959,6570.65625
16960,5480.19775390625
16961,6570.65625
16962,6219.15185546875
16963,6340.4248046875
16964,6340.4248046875
16965,8510.83984375
16966,5104.96533203125
16967,6219.15185546875
16968,6113.0498046875
16969,6570.65625
16970,6710.75537109375
16971,5848.2568359375
16972,5705.56494140625
16973,6340.4248046875
16974,5767.5888671875
16975,5257.173828125
16976,5369.33740234375
16977,6251.9052734375
16978,5257.173828125
16979,5589.28173828125
16980,6371.3603515625
16981,6119.853515625
16982,5705.56494140625
16983,6570.65625
16984,6962.71044921875
16985,6219.15185546875
16986,5291.0498046875
16987,6371.3603515625
16988,6396.6845703125
16989,6119.853515625
16990,5741.490234375
16991,5767.5888671875
16992,6339.7978515625
16993,5104.96533203125
16994,6371.3603515625
16995,6113.0498046875
16996,6339.7978515625
16997,6570.65625
16998,5104.96533203125
16999,5369.33740234375
17000,6676.25634765625
17001,0.0
17002,6219.15185546875
17003,6570.65625
17004,5480.19775390625
17005,5705.56494140625
17006,5104.96533203125
17007,5741.490234375
17008,6570.65625
17009,6703.97314453125
17010,6296.05859375
17011,8140.5087890625
17012,6119.853515625
17013,5857.7734375
17014,5705.56494140625
17015,5104.96533203125
17016,6563.54443359375
17017,6296.05859375
17018,6371.3603515625
17019,5767.5888671875
17020,5369.33740234375
17021,5767.5888671875
17022,7580.37451171875
17023,5589.28173828125
17024,5647.87890625
17025,5369.33740234375
17026,4904.97314453125
17027,5104.96533203125
17028,5855.4814453125
17029,5767.5888671875
17030,5104.96533203125
17031,6371.3603515625
17032,5369.33740234375
17033,5705.56494140625
17034,6296.05859375
17035,6219.15185546875
17036,5767.5888671875
17037,6570.65625
17038,5629.72998046875
17039,6296.05859375
17040,6371.3603515625
17041,6219.15185546875
17042,6371.3603515625
17043,5369.33740234375
17044,7238.0166015625
17045,6371.3603515625
17046,5647.87890625
17047,6371.3603515625
17048,7582.27490234375
17049,7314.2041015625
17050,6570.65625
17051,6119.853515625
17052,5589.28173828125
17053,7751.603515625
17054,6296.05859375
17055,6339.7978515625
17056,5857.7734375
17057,7826.54150390625
17058,5794.298828125
17059,7345.8212890625
17060,5257.173828125
17061,5589.28173828125
17062,5257.173828125
17063,6289.2763671875
17064,5901.419921875
17065,5257.173828125
17066,5705.56494140625
17067,5480.19775390625
17068,6129.50244140625
17069,6289.2763671875
17070,5857.7734375
17071,5855.4814453125
17072,5615.91552734375
17073,5857.7734375
17074,6570.65625
17075,7067.3076171875
17076,6251.9052734375
17077,5857.7734375
17078,6570.65625
17079,6289.2763671875
17080,6570.65625
17081,7759.1201171875
17082,5104.96533203125
17083,5767.5888671875
17084,6570.65625
17085,5857.7734375
17086,7532.3935546875
17087,5369.33740234375
17088,6371.3603515625
17089,5705.56494140625
17090,6501.40673828125
17091,5257.173828125
17092,6219.15185546875
17093,5291.0498046875
17094,5257.173828125
17095,5857.7734375
17096,6296.05859375
17097,6296.05859375
17098,7078.56982421875
17099,5257.173828125
17100,6251.9052734375
17101,7078.56982421875
17102,5480.19775390625
17103,5741.490234375
17104,5705.56494140625
17105,11450.0556640625
17106,6553.720703125
17107,5369.33740234375
17108,7078.56982421875
17109,5369.33740234375
17110,5705.56494140625
17111,6289.2763671875
17112,5657.11962890625
17113,5857.7734375
17114,5104.96533203125
17115,5741.490234375
17116,5104.96533203125
17117,8233.1904296875
17118,7790.58544921875
17119,8534.134765625
17120,6791.91796875
17121,5883.04833984375
17122,5676.80078125
17123,6970.50732421875
17124,5901.1220703125
17125,6686.87255859375
17126,5593.78564453125
17127,6277.06884765625
17128,6277.06884765625
17129,5140.84521484375
17130,5142.89208984375
17131,6643.0986328125
17132,6686.87255859375
17133,6497.9365234375
17134,5356.71337890625
17135,5705.7958984375
17136,5142.89208984375
17137,7089.8408203125
17138,6497.9365234375
17139,7144.79443359375
17140,6452.1865234375
17141,6832.03466796875
17142,5408.6298828125
17143,6832.03466796875
17144,5093.73046875
17145,7361.76123046875
17146,6643.0986328125
17147,6056.42578125
17148,5996.86767578125
17149,5633.67626953125
17150,5633.67626953125
17151,6170.2451171875
17152,7139.64599609375
17153,5546.22900390625
17154,6046.2841796875
17155,6186.44873046875
17156,7298.92626953125
17157,5883.04833984375
17158,6832.03466796875
17159,6046.2841796875
17160,6497.9365234375
17161,6390.88818359375
17162,6475.24267578125
17163,6422.45556640625
17164,6206.478515625
17165,6784.18017578125
17166,5863.81494140625
17167,5926.66357421875
17168,6981.82421875
17169,5546.22900390625
17170,7806.67724609375
17171,7228.111328125
17172,5705.7958984375
17173,6686.87255859375
17174,5676.80078125
17175,5211.55126953125
17176,7404.9501953125
17177,6327.96435546875
17178,7115.66943359375
17179,6832.03466796875
17180,6170.2451171875
17181,5593.78564453125
17182,6295.01953125
17183,5612.4951171875
17184,6209.1708984375
17185,6112.55029296875
17186,6686.87255859375
17187,5391.62744140625
17188,5612.4951171875
17189,6576.69970703125
17190,5612.4951171875
17191,5801.6708984375
17192,5925.5361328125
17193,6832.03466796875
17194,7151.3662109375
17195,5822.62451171875
17196,6295.01953125
17197,6351.640625
17198,6028.3974609375
17199,5984.349609375
17200,6112.55029296875
17201,6832.03466796875
17202,6686.87255859375
17203,6475.24267578125
17204,6643.0986328125
17205,6131.78369140625
17206,7115.66943359375
17207,6129.51171875
17208,5842.52099609375
17209,6832.03466796875
17210,6686.87255859375
17211,5605.44873046875
17212,6475.24267578125
17213,6131.78369140625
17214,5487.6279296875
17215,5505.44677734375
17216,5977.30322265625
17217,5612.4951171875
17218,5391.62744140625
17219,6131.78369140625
17220,6099.43017578125
17221,5794.96435546875
17222,6054.27001953125
17223,5735.7607421875
17224,5735.7607421875
17225,5763.48193359375
17226,5753.96533203125
17227,6131.78369140625
17228,5987.68310546875
17229,6686.87255859375
17230,6028.3974609375
17231,6129.51171875
17232,6832.03466796875
17233,5757.6572265625
17234,6475.24267578125
17235,6475.9169921875
17236,5925.5361328125
17237,6832.03466796875
17238,5487.6279296875
17239,6686.87255859375
17240,6643.0986328125
17241,6295.01953125
17242,6832.03466796875
17243,6686.87255859375
17244,6643.0986328125
17245,5391.62744140625
17246,5342.4658203125
17247,7199.9560546875
17248,6149.857421875
17249,5505.44677734375
17250,5391.62744140625
17251,6112.55029296875
17252,6222.37109375
17253,5649.80224609375
17254,6149.857421875
17255,6149.857421875
17256,7361.76123046875
17257,6295.01953125
17258,5649.80224609375
17259,5974.04150390625
17260,6149.857421875
17261,6832.03466796875
17262,5502.48779296875
17263,6686.87255859375
17264,5088.60009765625
17265,6295.01953125
17266,5391.62744140625
17267,5391.62744140625
17268,6129.51171875
17269,6131.78369140625
17270,6405.24560546875
17271,8558.3955078125
17272,6149.857421875
17273,6643.0986328125
17274,6475.9169921875
17275,6354.3330078125
17276,6832.03466796875
17277,5649.80224609375
17278,6387.92919921875
17279,6149.857421875
17280,5984.349609375
17281,5088.60009765625
17282,6686.87255859375
17283,6129.51171875
17284,5794.96435546875
17285,5498.6435546875
17286,5801.6708984375
17287,5842.52099609375
17288,6277.06884765625
17289,6131.78369140625
17290,6131.78369140625
17291,6832.03466796875
17292,6129.51171875
17293,6131.78369140625
17294,6112.55029296875
17295,6643.0986328125
17296,7411.02880859375
17297,6832.03466796875
17298,6643.0986328125
17299,6200.44287109375
17300,6295.01953125
17301,5649.80224609375
17302,5502.48779296875
17303,7058.73388671875
17304,7058.73388671875
17305,5794.96435546875
17306,5502.48779296875
17307,5088.60009765625
17308,7361.76123046875
17309,6149.857421875
17310,6432.71435546875
17311,6270.59326171875
17312,6832.03466796875
17313,5487.6279296875
17314,10176.6298828125
17315,7694.66357421875
17316,7005.982421875
17317,4972.73388671875
17318,5926.66357421875
17319,7199.9560546875
17320,5067.0048828125
17321,11150.19921875
17322,16061.6611328125
17323,5763.48193359375
17324,5649.80224609375
17325,6112.55029296875
17326,6149.857421875
17327,9929.720703125
17328,5832.39111328125
17329,6593.7275390625
17330,4922.07470703125
17331,4972.73388671875
17332,6643.0986328125
17333,6593.7275390625
17334,5977.30322265625
17335,6405.24560546875
17336,6832.03466796875
17337,5367.1416015625
17338,5088.60009765625
17339,6019.4052734375
17340,5519.35009765625
17341,5088.60009765625
17342,6295.01953125
17343,6056.71240234375
17344,5749.3759765625
17345,5935.25244140625
17346,5556.6572265625
17347,6019.4052734375
17348,6295.01953125
17349,6620.40478515625
17350,7426.42431640625
17351,6593.7275390625
17352,6490.89013671875
17353,5832.39111328125
17354,6019.4052734375
17355,5891.20458984375
17356,5556.6572265625
17357,5298.482421875
17358,5794.96435546875
17359,5738.99609375
17360,7268.6162109375
17361,6295.01953125
17362,5249.32080078125
17363,5541.3828125
17364,6295.01953125
17365,5487.6279296875
17366,5892.4658203125
17367,8465.25
17368,6129.51171875
17369,6691.03515625
17370,5794.96435546875
17371,5749.3759765625
17372,5298.482421875
17373,6003.326171875
17374,5670.3369140625
17375,7345.896484375
17376,6643.37353515625
17377,10221.748046875
17378,8941.830078125
17379,6001.65771484375
17380,6294.376953125
17381,5849.44921875
17382,6704.1806640625
17383,6836.44580078125
17384,6277.3916015625
17385,6039.29638671875
17386,7156.9541015625
17387,6142.15771484375
17388,6704.1806640625
17389,6223.78662109375
17390,6039.29638671875
17391,5763.5625
17392,5763.5625
17393,6001.65771484375
17394,7512.34521484375
17395,7379.0693359375
17396,6704.1806640625
17397,6223.78662109375
17398,6226.310546875
17399,6704.1806640625
17400,9967.2109375
17401,6001.65771484375
17402,5726.25537109375
17403,6704.1806640625
17404,6294.376953125
17405,6704.1806640625
17406,5763.5625
17407,5849.44921875
17408,6001.65771484375
17409,6223.78662109375
17410,7730.85107421875
17411,6704.1806640625
17412,6263.61767578125
17413,6954.912109375
17414,11574.802734375
17415,6821.828125
17416,6339.00048828125
17417,6473.6416015625
17418,6784.52099609375
17419,7262.39111328125
17420,6063.59814453125
17421,6784.52099609375
17422,6429.7197265625
17423,6775.64697265625
17424,5681.8203125
17425,6748.82958984375
17426,5448.64306640625
17427,5489.1015625
17428,5989.15673828125
17429,5506.3291015625
17430,5230.9267578125
17431,5727.19677734375
17432,5489.1015625
17433,5230.9267578125
17434,5506.3291015625
17435,6134.33349609375
17436,6767.568359375
17437,6578.63232421875
17438,7442.45703125
17439,6065.04541015625
17440,6767.568359375
17441,6767.568359375
17442,5844.177734375
17443,5568.775390625
17444,7082.08056640625
17445,6055.52880859375
17446,6767.568359375
17447,6357.7646484375
17448,7442.45703125
17449,6899.83349609375
17450,7556.7509765625
17451,5519.61376953125
17452,6340.779296875
17453,6767.568359375
17454,6767.568359375
17455,6308.931640625
17456,6555.9384765625
17457,5826.9501953125
17458,6308.931640625
17459,5826.9501953125
17460,6289.6982421875
17461,5568.775390625
17462,6899.83349609375
17463,5679.6357421875
17464,7442.45703125
17465,6767.568359375
17466,7890.21630859375
17467,5826.9501953125
17468,5789.64306640625
17469,6426.423828125
17470,6555.9384765625
17471,6767.568359375
17472,8639.0908203125
17473,6065.04541015625
17474,6019.6689453125
17475,6495.49658203125
17476,6188.31103515625
17477,6327.00537109375
17478,6767.568359375
17479,6767.568359375
17480,7051.203125
17481,6767.568359375
17482,10010.416015625
17483,5826.9501953125
17484,6767.568359375
17485,6524.10400390625
17486,6899.83349609375
17487,5568.775390625
17488,6065.04541015625
17489,6767.568359375
17490,6287.17431640625
17491,5637.4345703125
17492,5912.8369140625
17493,6767.568359375
17494,5568.775390625
17495,6287.17431640625
17496,5912.90869140625
17497,6357.7646484375
17498,5826.9501953125
17499,7442.45703125
17500,5568.775390625
17501,5844.177734375
17502,6065.04541015625
17503,7442.45703125
17504,6495.49658203125
17505,7442.45703125
17506,5679.6357421875
17507,5637.4345703125
17508,6578.63232421875
17509,6357.7646484375
17510,5826.9501953125
17511,6767.568359375
17512,6289.6982421875
17513,7575.73291015625
17514,5834.6611328125
17515,6578.63232421875
17516,5861.3037109375
17517,7051.203125
17518,6578.63232421875
17519,6007.359375
17520,6065.04541015625
17521,6102.68408203125
17522,6578.63232421875
17523,6949.294921875
17524,7160.9248046875
17525,8023.5537109375
17526,7160.9248046875
17527,7160.9248046875
17528,7160.9248046875
17529,7835.8134765625
17530,7160.9248046875
17531,5962.1318359375
17532,6413.025390625
17533,6458.40185546875
17534,5962.1318359375
17535,6702.2880859375
17536,5962.1318359375
17537,6237.5341796875
17538,7835.8134765625
17539,6220.306640625
17540,6702.2880859375
17541,6458.40185546875
17542,6971.98876953125
17543,7160.9248046875
17544,6463.939453125
17545,7129.01220703125
17546,6463.939453125
17547,5523.3212890625
17548,5215.98486328125
17549,7138.828125
17550,5265.146484375
17551,6596.20458984375
17552,5716.0400390625
17553,6023.37646484375
17554,14857.0439453125
17555,5265.146484375
17556,5761.41650390625
17557,8335.4619140625
17558,5215.98486328125
17559,5265.146484375
17560,5761.41650390625
17561,6885.89599609375
17562,5623.4970703125
17563,6564.69482421875
17564,5554.837890625
17565,6313.06787109375
17566,5554.837890625
17567,6121.0283203125
17568,6313.06787109375
17569,6596.70263671875
17570,8625.154296875
17571,6313.06787109375
17572,6885.89599609375
17573,5554.837890625
17574,7428.51953125
17575,8625.154296875
17576,6979.677734375
17577,6753.630859375
17578,5941.1005859375
17579,6051.10791015625
17580,6273.23681640625
17581,6275.7607421875
17582,6542.0009765625
17583,6481.55908203125
17584,5554.837890625
17585,7332.625
17586,5813.0126953125
17587,5775.70556640625
17588,5665.6982421875
17589,6313.06787109375
17590,5813.0126953125
17591,6294.994140625
17592,5813.0126953125
17593,6564.69482421875
17594,6294.994140625
17595,6564.69482421875
17596,6753.630859375
17597,5554.837890625
17598,6051.10791015625
17599,5623.03662109375
17600,6542.0009765625
17601,5813.0126953125
17602,6753.630859375
17603,5554.837890625
17604,6753.630859375
17605,6753.630859375
17606,5554.837890625
17607,6273.23681640625
17608,6005.7314453125
17609,5813.0126953125
17610,5554.837890625
17611,6564.69482421875
17612,6313.06787109375
17613,6313.06787109375
17614,6753.630859375
17615,5830.240234375
17616,5772.55419921875
17617,6481.55908203125
17618,5813.0126953125
17619,6675.53271484375
17620,6294.994140625
17621,6753.630859375
17622,5554.837890625
17623,6885.89599609375
17624,6564.69482421875
17625,5830.240234375
17626,5438.9716796875
17627,6821.5380859375
17628,6343.8271484375
17629,6294.994140625
17630,5554.837890625
17631,6753.630859375
17632,6294.994140625
17633,6753.630859375
17634,6167.1318359375
17635,5993.421875
17636,6753.630859375
17637,6088.74658203125
17638,5623.4970703125
17639,6412.486328125
17640,6326.841796875
17641,5775.70556640625
17642,5623.4970703125
17643,7127.33154296875
17644,5898.97119140625
17645,5505.67626953125
17646,6254.83251953125
17647,5830.240234375
17648,6052.369140625
17649,5554.837890625
17650,6753.630859375
17651,6313.06787109375
17652,6515.5654296875
17653,6564.69482421875
17654,6510.16650390625
17655,5554.837890625
17656,5830.240234375
17657,5554.837890625
17658,7873.435546875
17659,5813.0126953125
17660,6481.55908203125
17661,5830.240234375
17662,5554.837890625
17663,5813.0126953125
17664,6515.5654296875
17665,5813.0126953125
17666,5813.0126953125
17667,6753.630859375
17668,5554.837890625
17669,6088.74658203125
17670,5813.0126953125
17671,7362.69189453125
17672,6051.10791015625
17673,5505.67626953125
17674,6979.677734375
17675,6294.994140625
17676,5993.421875
17677,6326.841796875
17678,6273.23681640625
17679,8586.1015625
17680,6051.10791015625
17681,6753.630859375
17682,6753.630859375
17683,6275.7607421875
17684,5813.0126953125
17685,6753.630859375
17686,6088.74658203125
17687,6542.0009765625
17688,11901.12890625
17689,6481.55908203125
17690,6116.6875
17691,6167.1318359375
17692,6753.630859375
17693,6564.69482421875
17694,6313.06787109375
17695,6753.630859375
17696,6753.630859375
17697,5554.837890625
17698,6564.69482421875
17699,5775.70556640625
17700,5505.67626953125
17701,5813.0126953125
17702,6294.994140625
17703,5554.837890625
17704,6343.8271484375
17705,10578.3466796875
17706,6753.630859375
17707,6753.630859375
17708,6167.1318359375
17709,5830.240234375
17710,6542.0009765625
17711,6115.2119140625
17712,7616.259765625
17713,6753.630859375
17714,6753.630859375
17715,6753.630859375
17716,7575.73291015625
17717,8254.82421875
17718,6596.70263671875
17719,7196.234375
17720,6885.89599609375
17721,7428.51953125
17722,6564.69482421875
17723,5554.837890625
17724,6051.10791015625
17725,5665.6982421875
17726,5993.421875
17727,5554.837890625
17728,5830.240234375
17729,6753.630859375
17730,6753.630859375
17731,6313.06787109375
17732,6088.74658203125
17733,6275.7607421875
17734,5554.837890625
17735,6753.630859375
17736,5623.4970703125
17737,6753.630859375
17738,6275.7607421875
17739,5213.82421875
17740,6343.8271484375
17741,5898.97119140625
17742,5898.8994140625
17743,6372.38134765625
17744,6254.83251953125
17745,6313.06787109375
17746,6313.06787109375
17747,6753.630859375
17748,6739.91015625
17749,6294.994140625
17750,5554.837890625
17751,7428.51953125
17752,5554.837890625
17753,7428.51953125
17754,6174.37353515625
17755,6454.6875
17756,6753.630859375
17757,6313.06787109375
17758,5665.6982421875
17759,6753.630859375
17760,6288.8388671875
17761,6294.994140625
17762,5813.0126953125
17763,6506.28076171875
17764,5717.29150390625
17765,6695.216796875
17766,6236.580078125
17767,7370.10546875
17768,5565.0830078125
17769,5754.5986328125
17770,6506.28076171875
17771,7077.55126953125
17772,6396.2734375
17773,6695.216796875
17774,5496.423828125
17775,5840.4853515625
17776,5496.423828125
17777,6254.65380859375
17778,5447.26220703125
17779,5947.3173828125
17780,5754.5986328125
17781,5447.26220703125
17782,6538.28857421875
17783,6695.216796875
17784,5771.826171875
17785,6506.28076171875
17786,6978.8515625
17787,5496.423828125
17788,6695.216796875
17789,5754.5986328125
17790,6978.8515625
17791,5771.826171875
17792,6695.216796875
17793,5992.69384765625
17794,5947.3173828125
17795,5754.5986328125
17796,6483.5869140625
17797,4548.62255859375
17798,6695.216796875
17799,6423.14501953125
17800,5666.18603515625
17801,5947.3173828125
17802,6695.216796875
17803,6236.580078125
17804,6695.216796875
17805,6030.33251953125
17806,5754.5986328125
17807,5754.5986328125
17808,6278.9375
17809,6423.14501953125
17810,6827.48193359375
17811,6695.216796875
17812,8566.7412109375
17813,5992.69384765625
17814,5754.5986328125
17815,6695.216796875
17816,5607.2841796875
17817,6695.216796875
17818,6285.4130859375
17819,6457.1513671875
17820,6457.1513671875
17821,8566.7412109375
17822,5565.0830078125
17823,6629.54638671875
17824,6695.216796875
17825,6695.216796875
17826,6827.48193359375
17827,5983.17724609375
17828,5771.826171875
17829,6457.1513671875
17830,6254.65380859375
17831,5717.29150390625
17832,5496.423828125
17833,6217.3466796875
17834,5754.5986328125
17835,5496.423828125
17836,6506.28076171875
17837,6236.580078125
17838,5771.826171875
17839,6695.216796875
17840,7079.43701171875
17841,6285.4130859375
17842,6030.33251953125
17843,6506.28076171875
17844,6978.8515625
17845,6236.580078125
17846,5717.29150390625
17847,6217.3466796875
17848,6236.580078125
17849,5496.423828125
17850,6506.28076171875
17851,6695.216796875
17852,6580.71337890625
17853,6695.216796875
17854,5565.0830078125
17855,5496.423828125
17856,7068.91748046875
17857,6254.65380859375
17858,6285.4130859375
17859,6695.216796875
17860,5607.2841796875
17861,6115.95947265625
17862,5565.0830078125
17863,5754.5986328125
17864,6695.216796875
17865,6600.75537109375
17866,6423.14501953125
17867,8196.4111328125
17868,6236.580078125
17869,5992.69384765625
17870,5771.826171875
17871,5496.423828125
17872,6629.8056640625
17873,6423.14501953125
17874,6506.28076171875
17875,6254.65380859375
17876,5496.423828125
17877,6254.65380859375
17878,7445.34765625
17879,5496.423828125
17880,5714.14013671875
17881,5496.423828125
17882,5021.69970703125
17883,5496.423828125
17884,6236.580078125
17885,6217.3466796875
17886,5565.0830078125
17887,6506.28076171875
17888,5496.423828125
17889,5840.4853515625
17890,6423.14501953125
17891,6285.4130859375
17892,6254.65380859375
17893,6695.216796875
17894,5685.63134765625
17895,6423.14501953125
17896,6506.28076171875
17897,6285.4130859375
17898,6506.28076171875
17899,5496.423828125
17900,7304.27783203125
17901,6506.28076171875
17902,5714.14013671875
17903,6506.28076171875
17904,7699.00146484375
17905,7370.10546875
17906,6695.216796875
17907,6236.580078125
17908,5496.423828125
17909,7817.86474609375
17910,6423.14501953125
17911,6236.580078125
17912,5992.69384765625
17913,7882.44287109375
17914,6712.69873046875
17915,7149.96923828125
17916,6212.6435546875
17917,5496.423828125
17918,5447.26220703125
17919,6196.41845703125
17920,6483.5869140625
17921,5447.26220703125
17922,5840.4853515625
17923,5607.2841796875
17924,6506.28076171875
17925,6196.41845703125
17926,5992.69384765625
17927,6580.71337890625
17928,5992.69384765625
17929,5992.69384765625
17930,6695.216796875
17931,7133.56884765625
17932,5947.3173828125
17933,5992.69384765625
17934,6695.216796875
17935,6196.41845703125
17936,6695.216796875
17937,7815.021484375
17938,5496.423828125
17939,5947.3173828125
17940,6695.216796875
17941,5992.69384765625
17942,7588.294921875
17943,5496.423828125
17944,6506.28076171875
17945,6115.95947265625
17946,6305.5546875
17947,5447.26220703125
17948,6285.4130859375
17949,6488.37744140625
17950,5717.29150390625
17951,5992.69384765625
17952,6423.14501953125
17953,6423.14501953125
17954,7203.13037109375
17955,6212.6435546875
17956,6712.69873046875
17957,7203.13037109375
17958,5607.2841796875
17959,5717.29150390625
17960,5771.826171875
17961,11842.7158203125
17962,6619.98193359375
17963,5496.423828125
17964,7203.13037109375
17965,5496.423828125
17966,5771.826171875
17967,6196.41845703125
17968,5723.380859375
17969,5992.69384765625
17970,5496.423828125
17971,5447.26220703125
17972,5565.0830078125
17973,8357.7509765625
17974,7915.14599609375
17975,9611.791015625
17976,6926.83837890625
17977,5418.896484375
17978,5027.19482421875
17979,6230.66162109375
17980,5368.31103515625
17981,6154.0615234375
17982,5060.974609375
17983,5687.408203125
17984,5687.408203125
17985,4551.1845703125
17986,4553.2314453125
17987,5984.77880859375
17988,6154.0615234375
17989,5839.61669921875
17990,4698.3935546875
17991,5116.13525390625
17992,4553.2314453125
17993,6557.02978515625
17994,5839.61669921875
17995,6680.642578125
17996,6124.63916015625
17997,6299.2236328125
17998,5081.08251953125
17999,6299.2236328125
18000,4435.41064453125
18001,6897.609375
18002,5984.77880859375
18003,5466.76513671875
18004,5532.7158203125
18005,5044.015625
18006,5044.015625
18007,5580.58447265625
18008,6549.9853515625
18009,4887.9091796875
18010,5513.47314453125
18011,5596.7880859375
18012,6709.265625
18013,5418.896484375
18014,6092.18896484375
18015,5513.47314453125
18016,5839.61669921875
18017,5801.2275390625
18018,5735.39697265625
18019,5764.1357421875
18020,5548.15869140625
18021,6194.51953125
18022,5331.00390625
18023,5268.34375
18024,6332.21826171875
18025,4887.9091796875
18026,7342.525390625
18027,6638.45068359375
18028,5116.13525390625
18029,6154.0615234375
18030,5027.19482421875
18031,4553.2314453125
18032,6596.6650390625
18033,5863.8125
18034,6375.82373046875
18035,6092.18896484375
18036,5580.58447265625
18037,5060.974609375
18038,5762.20849609375
18039,4954.17529296875
18040,5559.56494140625
18041,5579.7392578125
18042,6154.0615234375
18043,4801.966796875
18044,4954.17529296875
18045,6112.5478515625
18046,4954.17529296875
18047,5212.01025390625
18048,5275.93017578125
18049,6092.18896484375
18050,6501.76025390625
18051,5164.3046875
18052,5555.173828125
18053,5693.32080078125
18054,5438.73681640625
18055,5326.02978515625
18056,5579.7392578125
18057,6299.2236328125
18058,6154.0615234375
18059,5735.39697265625
18060,5984.77880859375
18061,5667.6318359375
18062,6375.82373046875
18063,5471.19189453125
18064,5309.7099609375
18065,6299.2236328125
18066,6154.0615234375
18067,4947.12890625
18068,5735.39697265625
18069,5667.6318359375
18070,4829.30810546875
18071,4915.7861328125
18072,5318.9833984375
18073,4954.17529296875
18074,4801.966796875
18075,5667.6318359375
18076,5509.76953125
18077,5136.64453125
18078,5395.9501953125
18079,4801.966796875
18080,4801.966796875
18081,5173.8212890625
18082,5164.3046875
18083,5667.6318359375
18084,5454.8720703125
18085,5947.02685546875
18086,5438.73681640625
18087,5471.19189453125
18088,6299.2236328125
18089,5099.33740234375
18090,5735.39697265625
18091,5667.6318359375
18092,5275.93017578125
18093,6092.18896484375
18094,4829.30810546875
18095,6154.0615234375
18096,5984.77880859375
18097,5762.20849609375
18098,6092.18896484375
18099,6154.0615234375
18100,5984.77880859375
18101,4801.966796875
18102,4684.14599609375
18103,6610.29541015625
18104,5617.04638671875
18105,4915.7861328125
18106,4801.966796875
18107,5579.7392578125
18108,5632.71044921875
18109,4991.482421875
18110,5617.04638671875
18111,5617.04638671875
18112,6897.609375
18113,5762.20849609375
18114,4991.482421875
18115,5384.380859375
18116,5617.04638671875
18117,6299.2236328125
18118,4912.8271484375
18119,5947.02685546875
18120,4498.939453125
18121,5762.20849609375
18122,4801.966796875
18123,4801.966796875
18124,5471.19189453125
18125,5667.6318359375
18126,5755.6396484375
18127,8094.24267578125
18128,5617.04638671875
18129,5984.77880859375
18130,5667.6318359375
18131,5704.72705078125
18132,6299.2236328125
18133,4991.482421875
18134,5798.2685546875
18135,5617.04638671875
18136,5326.02978515625
18137,4498.939453125
18138,5947.02685546875
18139,5471.19189453125
18140,5136.64453125
18141,4908.98291015625
18142,5212.01025390625
18143,5309.7099609375
18144,5687.408203125
18145,5667.6318359375
18146,5667.6318359375
18147,6092.18896484375
18148,5471.19189453125
18149,5667.6318359375
18150,5579.7392578125
18151,5984.77880859375
18152,6761.4228515625
18153,6299.2236328125
18154,5984.77880859375
18155,5667.6318359375
18156,5762.20849609375
18157,4991.482421875
18158,4912.8271484375
18159,6594.58203125
18160,6594.58203125
18161,5136.64453125
18162,4912.8271484375
18163,4498.939453125
18164,6897.609375
18165,5617.04638671875
18166,6105.1669921875
18167,5680.9326171875
18168,6092.18896484375
18169,4829.30810546875
18170,9712.478515625
18171,7045.0576171875
18172,6416.32177734375
18173,4383.0732421875
18174,5268.34375
18175,6872.40869140625
18176,4417.39892578125
18177,11096.3994140625
18178,16007.861328125
18179,5173.8212890625
18180,4991.482421875
18181,5579.7392578125
18182,5617.04638671875
18183,9465.568359375
18184,5182.78515625
18185,6060.91650390625
18186,4674.10693359375
18187,4383.0732421875
18188,5984.77880859375
18189,6060.91650390625
18190,5318.9833984375
18191,5755.6396484375
18192,6299.2236328125
18193,4708.82177734375
18194,4498.939453125
18195,5486.59423828125
18196,4861.0302734375
18197,4498.939453125
18198,5762.20849609375
18199,5523.9013671875
18200,5216.56494140625
18201,5345.591796875
18202,4898.33740234375
18203,5486.59423828125
18204,5555.173828125
18205,5880.55908203125
18206,6836.763671875
18207,6060.91650390625
18208,5832.5703125
18209,5182.78515625
18210,5486.59423828125
18211,5232.884765625
18212,4898.33740234375
18213,4708.82177734375
18214,5136.64453125
18215,5080.67626953125
18216,6804.46435546875
18217,5762.20849609375
18218,4591.0009765625
18219,4801.537109375
18220,5762.20849609375
18221,4829.30810546875
18222,5302.80517578125
18223,8001.09765625
18224,5471.19189453125
18225,6101.37451171875
18226,5136.64453125
18227,5216.56494140625
18228,4708.82177734375
18229,5413.66552734375
18230,5080.67626953125
18231,6813.08544921875
18232,5985.0537109375
18233,10304.5517578125
18234,8477.677734375
18235,5343.337890625
18236,5704.71630859375
18237,5191.12939453125
18238,6171.36962890625
18239,6372.2939453125
18240,5627.78564453125
18241,5389.6904296875
18242,6567.29345703125
18243,5552.4970703125
18244,6171.36962890625
18245,5565.466796875
18246,5389.6904296875
18247,5105.24267578125
18248,5105.24267578125
18249,5343.337890625
18250,7333.0361328125
18251,6914.91748046875
18252,6171.36962890625
18253,5565.466796875
18254,5693.49951171875
18255,6171.36962890625
18256,9503.0595703125
18257,5352.0517578125
18258,5067.935546875
18259,6171.36962890625
18260,5704.71630859375
18261,6171.36962890625
18262,5105.24267578125
18263,5191.12939453125
18264,5343.337890625
18265,5565.466796875
18266,7141.1904296875
18267,6171.36962890625
18268,5730.806640625
18269,6296.591796875
18270,11110.6513671875
18271,6289.01708984375
18272,5749.33984375
18273,5883.98095703125
18274,6251.7099609375
18275,6729.580078125
18276,5473.9375
18277,6251.7099609375
18278,5896.90869140625
18279,6242.8359375
18280,5149.00927734375
18281,6159.1689453125
18282,4858.982421875
18283,4830.78173828125
18284,5456.345703125
18285,4916.66845703125
18286,4641.26611328125
18287,5068.876953125
18288,4830.78173828125
18289,4641.26611328125
18290,4916.66845703125
18291,5806.7861328125
18292,6234.75732421875
18293,5920.3125
18294,6978.30517578125
18295,5406.7255859375
18296,6234.75732421875
18297,6234.75732421875
18298,5254.51708984375
18299,4979.11474609375
18300,6492.419921875
18301,5397.208984375
18302,6234.75732421875
18303,5768.10400390625
18304,6978.30517578125
18305,6435.681640625
18306,7229.20361328125
18307,4861.2939453125
18308,5691.17333984375
18309,6234.75732421875
18310,6234.75732421875
18311,5844.77978515625
18312,5816.0927734375
18313,5168.63037109375
18314,5844.77978515625
18315,5168.63037109375
18316,5756.88720703125
18317,4979.11474609375
18318,6435.681640625
18319,5089.97509765625
18320,6978.30517578125
18321,6234.75732421875
18322,7300.5556640625
18323,5168.63037109375
18324,5131.3232421875
18325,5768.10400390625
18326,5816.0927734375
18327,6234.75732421875
18328,8174.9384765625
18329,5406.7255859375
18330,5486.85791015625
18331,5905.8359375
18332,5254.51708984375
18333,5794.1943359375
18334,6234.75732421875
18335,6234.75732421875
18336,6311.357421875
18337,6234.75732421875
18338,9546.263671875
18339,5168.63037109375
18340,6234.75732421875
18341,6059.9521484375
18342,6435.681640625
18343,4979.11474609375
18344,5406.7255859375
18345,6027.72265625
18346,5628.8544921875
18347,4979.11474609375
18348,5254.51708984375
18349,6234.75732421875
18350,4979.11474609375
18351,5628.8544921875
18352,4979.11474609375
18353,5768.10400390625
18354,5168.63037109375
18355,6978.30517578125
18356,4979.11474609375
18357,5254.51708984375
18358,5406.7255859375
18359,6978.30517578125
18360,5905.8359375
18361,6978.30517578125
18362,5089.97509765625
18363,4979.11474609375
18364,5920.3125
18365,5768.10400390625
18366,5168.63037109375
18367,6234.75732421875
18368,5756.88720703125
18369,7396.423828125
18370,5245.00048828125
18371,5920.3125
18372,5533.75634765625
18373,6311.357421875
18374,5920.3125
18375,5349.03955078125
18376,5406.7255859375
18377,5453.078125
18378,5920.3125
18379,6209.44921875
18380,6628.11376953125
18381,7373.94775390625
18382,6628.11376953125
18383,6421.0791015625
18384,6628.11376953125
18385,7371.66162109375
18386,6628.11376953125
18387,5372.47119140625
18388,5880.21435546875
18389,5800.08203125
18390,5372.47119140625
18391,6238.13623046875
18392,5372.47119140625
18393,5647.87353515625
18394,7371.66162109375
18395,5561.98681640625
18396,6238.13623046875
18397,5800.08203125
18398,6313.6689453125
18399,6628.11376953125
18400,5931.12841796875
18401,6664.8603515625
18402,5931.12841796875
18403,4865.00146484375
18404,4557.6650390625
18405,6674.67626953125
18406,4675.48583984375
18407,6132.052734375
18408,5183.22900390625
18409,5283.53076171875
18410,14803.244140625
18411,4675.48583984375
18412,5103.0966796875
18413,7871.3095703125
18414,4557.6650390625
18415,4675.48583984375
18416,5103.0966796875
18417,6421.744140625
18418,4965.17724609375
18419,5906.375
18420,4965.17724609375
18421,5780.2568359375
18422,4965.17724609375
18423,5462.70849609375
18424,5780.2568359375
18425,5856.85693359375
18426,8161.0009765625
18427,5780.2568359375
18428,6421.744140625
18429,4965.17724609375
18430,6964.36767578125
18431,8161.0009765625
18432,6390.01708984375
18433,6013.78515625
18434,5351.43994140625
18435,5392.7880859375
18436,5614.9169921875
18437,5742.94970703125
18438,5802.1552734375
18439,5891.8984375
18440,4965.17724609375
18441,6683.01904296875
18442,5154.69287109375
18443,5117.3857421875
18444,5076.03759765625
18445,5780.2568359375
18446,5154.69287109375
18447,5830.84228515625
18448,5154.69287109375
18449,5906.375
18450,5830.84228515625
18451,5906.375
18452,6220.81982421875
18453,4965.17724609375
18454,5392.7880859375
18455,5158.88427734375
18456,5802.1552734375
18457,5154.69287109375
18458,6220.81982421875
18459,4965.17724609375
18460,6220.81982421875
18461,6220.81982421875
18462,4965.17724609375
18463,5614.9169921875
18464,5472.92041015625
18465,5154.69287109375
18466,4965.17724609375
18467,5906.375
18468,5780.2568359375
18469,5780.2568359375
18470,6220.81982421875
18471,5240.57958984375
18472,5182.8935546875
18473,5891.8984375
18474,5154.69287109375
18475,6347.9853515625
18476,5830.84228515625
18477,6220.81982421875
18478,4965.17724609375
18479,6421.744140625
18480,5906.375
18481,5240.57958984375
18482,4849.31103515625
18483,6493.99072265625
18484,5754.16650390625
18485,5830.84228515625
18486,4965.17724609375
18487,6220.81982421875
18488,5830.84228515625
18489,6220.81982421875
18490,5839.58447265625
18491,5335.10205078125
18492,6220.81982421875
18493,5439.140625
18494,4965.17724609375
18495,5754.16650390625
18496,5677.23583984375
18497,5117.3857421875
18498,4965.17724609375
18499,7073.53173828125
18500,4965.17724609375
18501,4847.3564453125
18502,5665.171875
18503,5240.57958984375
18504,5462.70849609375
18505,4965.17724609375
18506,6220.81982421875
18507,5573.22216796875
18508,6051.41357421875
18509,5906.375
18510,6046.0146484375
18511,4965.17724609375
18512,5240.57958984375
18513,4965.17724609375
18514,7409.28369140625
18515,5154.69287109375
18516,5891.8984375
18517,5240.57958984375
18518,4965.17724609375
18519,5154.69287109375
18520,6051.41357421875
18521,5154.69287109375
18522,5154.69287109375
18523,6220.81982421875
18524,4965.17724609375
18525,5439.140625
18526,5154.69287109375
18527,6773.03125
18528,5392.7880859375
18529,4847.3564453125
18530,6390.01708984375
18531,5830.84228515625
18532,5335.10205078125
18533,5677.23583984375
18534,5614.9169921875
18535,8121.94970703125
18536,5392.7880859375
18537,6220.81982421875
18538,6013.78515625
18539,5742.94970703125
18540,5163.40673828125
18541,6220.81982421875
18542,5439.140625
18543,5802.1552734375
18544,11847.3291015625
18545,5891.8984375
18546,5182.8935546875
18547,5577.47119140625
18548,6220.81982421875
18549,5906.375
18550,5780.2568359375
18551,6220.81982421875
18552,6220.81982421875
18553,4965.17724609375
18554,5906.375
18555,5117.3857421875
18556,4847.3564453125
18557,5154.69287109375
18558,5830.84228515625
18559,4965.17724609375
18560,5754.16650390625
18561,10250.798828125
18562,6220.81982421875
18563,6013.78515625
18564,5577.47119140625
18565,5240.57958984375
18566,5802.1552734375
18567,5465.60595703125
18568,6966.65380859375
18569,6220.81982421875
18570,6220.81982421875
18571,6220.81982421875
18572,7396.423828125
18573,7790.67041015625
18574,5856.85693359375
18575,6663.42333984375
18576,6421.744140625
18577,6964.36767578125
18578,5906.375
18579,4965.17724609375
18580,5392.7880859375
18581,5076.03759765625
18582,5335.10205078125
18583,4965.17724609375
18584,5240.57958984375
18585,6220.81982421875
18586,6220.81982421875
18587,5780.2568359375
18588,5439.140625
18589,5742.94970703125
18590,4965.17724609375
18591,6220.81982421875
18592,4965.17724609375
18593,6220.81982421875
18594,5742.94970703125
18595,4473.978515625
18596,5754.16650390625
18597,4965.17724609375
18598,5240.57958984375
18599,5722.775390625
18600,5665.171875
18601,5780.2568359375
18602,5780.2568359375
18603,6220.81982421875
18604,6275.75830078125
18605,5830.84228515625
18606,4965.17724609375
18607,6964.36767578125
18608,4965.17724609375
18609,6964.36767578125
18610,5240.57958984375
18611,5865.02685546875
18612,6013.78515625
18613,5573.22216796875
18614,5076.03759765625
18615,6220.81982421875
18616,5824.68701171875
18617,5830.84228515625
18618,5154.69287109375
18619,5847.9609375
18620,5058.9716796875
18621,5955.37109375
18622,5772.42822265625
18623,6905.95361328125
18624,4906.76318359375
18625,5096.27880859375
18626,5847.9609375
18627,6487.890625
18628,5806.61279296875
18629,6162.40576171875
18630,4906.76318359375
18631,5182.16552734375
18632,4906.76318359375
18633,5514.80810546875
18634,4788.9423828125
18635,5414.50634765625
18636,5096.27880859375
18637,4788.9423828125
18638,5798.44287109375
18639,6162.40576171875
18640,5182.16552734375
18641,5847.9609375
18642,6239.005859375
18643,4906.76318359375
18644,6162.40576171875
18645,5096.27880859375
18646,6239.005859375
18647,5182.16552734375
18648,6162.40576171875
18649,5334.3740234375
18650,5414.50634765625
18651,5096.27880859375
18652,5743.7412109375
18653,3899.017578125
18654,6162.40576171875
18655,5833.484375
18656,5202.03466796875
18657,5414.50634765625
18658,6162.40576171875
18659,5772.42822265625
18660,6162.40576171875
18661,5380.7265625
18662,5096.27880859375
18663,5096.27880859375
18664,5689.27685546875
18665,5833.484375
18666,6363.330078125
18667,6162.40576171875
18668,8102.5869140625
18669,5334.3740234375
18670,5096.27880859375
18671,6162.40576171875
18672,5017.62353515625
18673,6162.40576171875
18674,5695.75244140625
18675,5992.99951171875
18676,5992.99951171875
18677,8102.5869140625
18678,4906.76318359375
18679,5695.75244140625
18680,5955.37109375
18681,6162.40576171875
18682,6363.330078125
18683,5324.857421875
18684,5182.16552734375
18685,5992.99951171875
18686,5721.8427734375
18687,5058.9716796875
18688,4906.76318359375
18689,5684.53564453125
18690,5096.27880859375
18691,4906.76318359375
18692,5847.9609375
18693,5772.42822265625
18694,5182.16552734375
18695,6162.40576171875
18696,6615.28515625
18697,5695.75244140625
18698,5380.7265625
18699,5847.9609375
18700,6239.005859375
18701,5772.42822265625
18702,5058.9716796875
18703,5684.53564453125
18704,5772.42822265625
18705,4906.76318359375
18706,5847.9609375
18707,5955.37109375
18708,5772.42822265625
18709,6162.40576171875
18710,4906.76318359375
18711,4906.76318359375
18712,7015.11767578125
18713,5721.8427734375
18714,5695.75244140625
18715,6162.40576171875
18716,5017.62353515625
18717,5182.16552734375
18718,4906.76318359375
18719,5096.27880859375
18720,6162.40576171875
18721,6136.603515625
18722,5833.484375
18723,7732.25634765625
18724,5772.42822265625
18725,5334.3740234375
18726,5182.16552734375
18727,4906.76318359375
18728,6040.14501953125
18729,5833.484375
18730,5847.9609375
18731,5721.8427734375
18732,4906.76318359375
18733,5721.8427734375
18734,7117.80029296875
18735,4906.76318359375
18736,5124.4794921875
18737,4906.76318359375
18738,4557.54736328125
18739,4906.76318359375
18740,5772.42822265625
18741,5684.53564453125
18742,4906.76318359375
18743,5847.9609375
18744,4906.76318359375
18745,5182.16552734375
18746,5833.484375
18747,5695.75244140625
18748,5721.8427734375
18749,6162.40576171875
18750,5221.47998046875
18751,5833.484375
18752,5847.9609375
18753,5695.75244140625
18754,5847.9609375
18755,4906.76318359375
18756,6714.6171875
18757,5847.9609375
18758,5124.4794921875
18759,5847.9609375
18760,7234.849609375
18761,6905.95361328125
18762,6162.40576171875
18763,5772.42822265625
18764,4906.76318359375
18765,7228.2041015625
18766,5833.484375
18767,5772.42822265625
18768,5334.3740234375
18769,7418.291015625
18770,5972.85302734375
18771,6822.421875
18772,5554.32373046875
18773,4906.76318359375
18774,4788.9423828125
18775,5606.7578125
18776,5743.7412109375
18777,4788.9423828125
18778,5182.16552734375
18779,5017.62353515625
18780,5856.6748046875
18781,5606.7578125
18782,5334.3740234375
18783,5772.42822265625
18784,5343.087890625
18785,5334.3740234375
18786,6162.40576171875
18787,6543.908203125
18788,5414.50634765625
18789,5334.3740234375
18790,6162.40576171875
18791,5606.7578125
18792,6162.40576171875
18793,7350.86962890625
18794,4906.76318359375
18795,5414.50634765625
18796,6162.40576171875
18797,5334.3740234375
18798,7124.14306640625
18799,4906.76318359375
18800,5847.9609375
18801,5182.16552734375
18802,5978.00732421875
18803,4788.9423828125
18804,5695.75244140625
18805,5838.771484375
18806,5058.9716796875
18807,5334.3740234375
18808,5833.484375
18809,5833.484375
18810,6670.3193359375
18811,5554.32373046875
18812,6179.8876953125
18813,6670.3193359375
18814,5017.62353515625
18815,5058.9716796875
18816,5182.16552734375
18817,11788.916015625
18818,6030.3212890625
18819,4906.76318359375
18820,6670.3193359375
18821,4906.76318359375
18822,5182.16552734375
18823,5606.7578125
18824,5133.72021484375
18825,5334.3740234375
18826,4906.76318359375
18827,4788.9423828125
18828,4906.76318359375
18829,7824.9384765625
18830,7382.3349609375
18831,8125.8828125
18832,6268.5185546875
18833,5317.10205078125
18834,4925.400390625
18835,6128.8671875
18836,5266.5166015625
18837,6052.26708984375
18838,4959.18017578125
18839,5585.61376953125
18840,5585.61376953125
18841,4449.39013671875
18842,4451.43701171875
18843,5882.984375
18844,6052.26708984375
18845,5737.822265625
18846,4596.59912109375
18847,5014.3408203125
18848,4451.43701171875
18849,6455.2353515625
18850,5737.822265625
18851,6578.84814453125
18852,6022.8447265625
18853,6197.42919921875
18854,4979.2880859375
18855,6197.42919921875
18856,4333.6162109375
18857,6795.81494140625
18858,5882.984375
18859,5364.970703125
18860,5430.92138671875
18861,4942.22119140625
18862,4942.22119140625
18863,5478.7900390625
18864,6448.19091796875
18865,4786.11474609375
18866,5411.6787109375
18867,5494.99365234375
18868,6607.47119140625
18869,5317.10205078125
18870,5990.39453125
18871,5411.6787109375
18872,5737.822265625
18873,5699.43310546875
18874,5633.6025390625
18875,5662.34130859375
18876,5446.3642578125
18877,6092.72509765625
18878,5229.20947265625
18879,5166.54931640625
18880,6230.423828125
18881,4786.11474609375
18882,7240.73095703125
18883,6536.65625
18884,5014.3408203125
18885,6052.26708984375
18886,4925.400390625
18887,4451.43701171875
18888,6494.87060546875
18889,5762.01806640625
18890,6274.029296875
18891,5990.39453125
18892,5478.7900390625
18893,4959.18017578125
18894,5660.4140625
18895,4852.380859375
18896,5457.7705078125
18897,5477.94482421875
18898,6052.26708984375
18899,4700.17236328125
18900,4852.380859375
18901,6010.75341796875
18902,4852.380859375
18903,5110.2158203125
18904,5174.1357421875
18905,5990.39453125
18906,6399.9658203125
18907,5062.51025390625
18908,5453.37939453125
18909,5591.5263671875
18910,5336.9423828125
18911,5224.2353515625
18912,5477.94482421875
18913,6197.42919921875
18914,6052.26708984375
18915,5633.6025390625
18916,5882.984375
18917,5565.83740234375
18918,6274.029296875
18919,5369.3974609375
18920,5207.91552734375
18921,6197.42919921875
18922,6052.26708984375
18923,4845.33447265625
18924,5633.6025390625
18925,5565.83740234375
18926,4727.513671875
18927,4813.99169921875
18928,5217.18896484375
18929,4852.380859375
18930,4700.17236328125
18931,5565.83740234375
18932,5407.97509765625
18933,5034.85009765625
18934,5294.15576171875
18935,4700.17236328125
18936,4700.17236328125
18937,5072.02685546875
18938,5062.51025390625
18939,5565.83740234375
18940,5353.07763671875
18941,5845.232421875
18942,5336.9423828125
18943,5369.3974609375
18944,6197.42919921875
18945,4997.54296875
18946,5633.6025390625
18947,5565.83740234375
18948,5174.1357421875
18949,5990.39453125
18950,4727.513671875
18951,6052.26708984375
18952,5882.984375
18953,5660.4140625
18954,5990.39453125
18955,6052.26708984375
18956,5882.984375
18957,4700.17236328125
18958,4582.3515625
18959,6508.5009765625
18960,5515.251953125
18961,4813.99169921875
18962,4700.17236328125
18963,5477.94482421875
18964,5530.916015625
18965,4889.68798828125
18966,5515.251953125
18967,5515.251953125
18968,6795.81494140625
18969,5660.4140625
18970,4889.68798828125
18971,5282.58642578125
18972,5515.251953125
18973,6197.42919921875
18974,4811.03271484375
18975,5845.232421875
18976,4397.14501953125
18977,5660.4140625
18978,4700.17236328125
18979,4700.17236328125
18980,5369.3974609375
18981,5565.83740234375
18982,5653.84521484375
18983,7992.4482421875
18984,5515.251953125
18985,5882.984375
18986,5565.83740234375
18987,5602.9326171875
18988,6197.42919921875
18989,4889.68798828125
18990,5696.47412109375
18991,5515.251953125
18992,5224.2353515625
18993,4397.14501953125
18994,5845.232421875
18995,5369.3974609375
18996,5034.85009765625
18997,4807.1884765625
18998,5110.2158203125
18999,5207.91552734375
19000,5585.61376953125
19001,5565.83740234375
19002,5565.83740234375
19003,5990.39453125
19004,5369.3974609375
19005,5565.83740234375
19006,5477.94482421875
19007,5882.984375
19008,6659.62841796875
19009,6197.42919921875
19010,5882.984375
19011,5565.83740234375
19012,5660.4140625
19013,4889.68798828125
19014,4811.03271484375
19015,6492.78759765625
19016,6492.78759765625
19017,5034.85009765625
19018,4811.03271484375
19019,4397.14501953125
19020,6795.81494140625
19021,5515.251953125
19022,6003.37255859375
19023,5579.13818359375
19024,5990.39453125
19025,4727.513671875
19026,9610.68359375
19027,6943.26318359375
19028,6314.52734375
19029,4281.27880859375
19030,5166.54931640625
19031,6770.6142578125
19032,4315.6044921875
19033,10994.6044921875
19034,15906.06640625
19035,5072.02685546875
19036,4889.68798828125
19037,5477.94482421875
19038,5515.251953125
19039,9363.7734375
19040,5080.99072265625
19041,5959.1220703125
19042,4572.3125
19043,4281.27880859375
19044,5882.984375
19045,5959.1220703125
19046,5217.18896484375
19047,5653.84521484375
19048,6197.42919921875
19049,4607.02734375
19050,4397.14501953125
19051,5384.7998046875
19052,4759.23583984375
19053,4397.14501953125
19054,5660.4140625
19055,5422.10693359375
19056,5114.7705078125
19057,5243.79736328125
19058,4796.54296875
19059,5384.7998046875
19060,5453.37939453125
19061,5778.7646484375
19062,6734.96923828125
19063,5959.1220703125
19064,5730.77587890625
19065,5080.99072265625
19066,5384.7998046875
19067,5131.09033203125
19068,4796.54296875
19069,4607.02734375
19070,5034.85009765625
19071,4978.8818359375
19072,6702.669921875
19073,5660.4140625
19074,4489.20654296875
19075,4699.74267578125
19076,5660.4140625
19077,4727.513671875
19078,5201.0107421875
19079,7899.30322265625
19080,5369.3974609375
19081,5999.580078125
19082,5034.85009765625
19083,5114.7705078125
19084,4607.02734375
19085,5311.87109375
19086,4978.8818359375
19087,6711.291015625
19088,5883.25927734375
19089,10202.7568359375
19090,8375.8837890625
19091,5241.54345703125
19092,5602.921875
19093,5089.3349609375
19094,6069.5751953125
19095,6270.49951171875
19096,5525.9912109375
19097,5287.89599609375
19098,6465.4990234375
19099,5450.70263671875
19100,6069.5751953125
19101,5463.67236328125
19102,5287.89599609375
19103,5003.4482421875
19104,5003.4482421875
19105,5241.54345703125
19106,7231.24169921875
19107,6813.123046875
19108,6069.5751953125
19109,5463.67236328125
19110,5591.705078125
19111,6069.5751953125
19112,9401.2646484375
19113,5250.25732421875
19114,4966.14111328125
19115,6069.5751953125
19116,5602.921875
19117,6069.5751953125
19118,5003.4482421875
19119,5089.3349609375
19120,5241.54345703125
19121,5463.67236328125
19122,7039.39599609375
19123,6069.5751953125
19124,5629.01220703125
19125,6194.7978515625
19126,11008.8564453125
19127,6187.22265625
19128,5647.54541015625
19129,5782.1865234375
19130,6149.91552734375
19131,6627.78564453125
19132,5372.14306640625
19133,6149.91552734375
19134,5795.1142578125
19135,6141.04150390625
19136,5047.21484375
19137,6057.37451171875
19138,4757.18798828125
19139,4728.9873046875
19140,5354.55126953125
19141,4814.8740234375
19142,4539.4716796875
19143,4967.08251953125
19144,4728.9873046875
19145,4539.4716796875
19146,4814.8740234375
19147,5704.99169921875
19148,6132.962890625
19149,5818.51806640625
19150,6876.5107421875
19151,5304.93115234375
19152,6132.962890625
19153,6132.962890625
19154,5152.72265625
19155,4877.3203125
19156,6390.62548828125
19157,5295.41455078125
19158,6132.962890625
19159,5666.3095703125
19160,6876.5107421875
19161,6333.88720703125
19162,7127.4091796875
19163,4759.49951171875
19164,5589.37890625
19165,6132.962890625
19166,6132.962890625
19167,5742.9853515625
19168,5714.29833984375
19169,5066.8359375
19170,5742.9853515625
19171,5066.8359375
19172,5655.0927734375
19173,4877.3203125
19174,6333.88720703125
19175,4988.1806640625
19176,6876.5107421875
19177,6132.962890625
19178,7198.76123046875
19179,5066.8359375
19180,5029.52880859375
19181,5666.3095703125
19182,5714.29833984375
19183,6132.962890625
19184,8073.14404296875
19185,5304.93115234375
19186,5385.0634765625
19187,5804.04150390625
19188,5152.72265625
19189,5692.39990234375
19190,6132.962890625
19191,6132.962890625
19192,6209.56298828125
19193,6132.962890625
19194,9444.46875
19195,5066.8359375
19196,6132.962890625
19197,5958.15771484375
19198,6333.88720703125
19199,4877.3203125
19200,5304.93115234375
19201,5925.92822265625
19202,5527.06005859375
19203,4877.3203125
19204,5152.72265625
19205,6132.962890625
19206,4877.3203125
19207,5527.06005859375
19208,4877.3203125
19209,5666.3095703125
19210,5066.8359375
19211,6876.5107421875
19212,4877.3203125
19213,5152.72265625
19214,5304.93115234375
19215,6876.5107421875
19216,5804.04150390625
19217,6876.5107421875
19218,4988.1806640625
19219,4877.3203125
19220,5818.51806640625
19221,5666.3095703125
19222,5066.8359375
19223,6132.962890625
19224,5655.0927734375
19225,7294.62939453125
19226,5143.2060546875
19227,5818.51806640625
19228,5431.9619140625
19229,6209.56298828125
19230,5818.51806640625
19231,5247.2451171875
19232,5304.93115234375
19233,5351.28369140625
19234,5818.51806640625
19235,6107.65478515625
19236,6526.3193359375
19237,7272.1533203125
19238,6526.3193359375
19239,6319.28466796875
19240,6526.3193359375
19241,7269.8671875
19242,6526.3193359375
19243,5270.6767578125
19244,5778.419921875
19245,5698.28759765625
19246,5270.6767578125
19247,6136.341796875
19248,5270.6767578125
19249,5546.0791015625
19250,7269.8671875
19251,5460.1923828125
19252,6136.341796875
19253,5698.28759765625
19254,6211.87451171875
19255,6526.3193359375
19256,5829.333984375
19257,6563.06591796875
19258,5829.333984375
19259,4763.20703125
19260,4455.87060546875
19261,6572.8818359375
19262,4573.69140625
19263,6030.25830078125
19264,5081.4345703125
19265,5181.736328125
19266,14701.44921875
19267,4573.69140625
19268,5001.30224609375
19269,7769.51513671875
19270,4455.87060546875
19271,4573.69140625
19272,5001.30224609375
19273,6319.94970703125
19274,4863.3828125
19275,5804.58056640625
19276,4863.3828125
19277,5678.46240234375
19278,4863.3828125
19279,5360.9140625
19280,5678.46240234375
19281,5755.0625
19282,8059.20654296875
19283,5678.46240234375
19284,6319.94970703125
19285,4863.3828125
19286,6862.5732421875
19287,8059.20654296875
19288,6288.22265625
19289,5911.99072265625
19290,5249.6455078125
19291,5290.99365234375
19292,5513.12255859375
19293,5641.1552734375
19294,5700.36083984375
19295,5790.10400390625
19296,4863.3828125
19297,6581.224609375
19298,5052.8984375
19299,5015.59130859375
19300,4974.2431640625
19301,5678.46240234375
19302,5052.8984375
19303,5729.0478515625
19304,5052.8984375
19305,5804.58056640625
19306,5729.0478515625
19307,5804.58056640625
19308,6119.025390625
19309,4863.3828125
19310,5290.99365234375
19311,5057.08984375
19312,5700.36083984375
19313,5052.8984375
19314,6119.025390625
19315,4863.3828125
19316,6119.025390625
19317,6119.025390625
19318,4863.3828125
19319,5513.12255859375
19320,5371.1259765625
19321,5052.8984375
19322,4863.3828125
19323,5804.58056640625
19324,5678.46240234375
19325,5678.46240234375
19326,6119.025390625
19327,5138.78515625
19328,5081.09912109375
19329,5790.10400390625
19330,5052.8984375
19331,6246.19091796875
19332,5729.0478515625
19333,6119.025390625
19334,4863.3828125
19335,6319.94970703125
19336,5804.58056640625
19337,5138.78515625
19338,4747.5166015625
19339,6392.1962890625
19340,5652.3720703125
19341,5729.0478515625
19342,4863.3828125
19343,6119.025390625
19344,5729.0478515625
19345,6119.025390625
19346,5737.7900390625
19347,5233.3076171875
19348,6119.025390625
19349,5337.34619140625
19350,4863.3828125
19351,5652.3720703125
19352,5575.44140625
19353,5015.59130859375
19354,4863.3828125
19355,6971.7373046875
19356,4863.3828125
19357,4745.56201171875
19358,5563.37744140625
19359,5138.78515625
19360,5360.9140625
19361,4863.3828125
19362,6119.025390625
19363,5471.427734375
19364,5949.619140625
19365,5804.58056640625
19366,5944.22021484375
19367,4863.3828125
19368,5138.78515625
19369,4863.3828125
19370,7307.4892578125
19371,5052.8984375
19372,5790.10400390625
19373,5138.78515625
19374,4863.3828125
19375,5052.8984375
19376,5949.619140625
19377,5052.8984375
19378,5052.8984375
19379,6119.025390625
19380,4863.3828125
19381,5337.34619140625
19382,5052.8984375
19383,6671.23681640625
19384,5290.99365234375
19385,4745.56201171875
19386,6288.22265625
19387,5729.0478515625
19388,5233.3076171875
19389,5575.44140625
19390,5513.12255859375
19391,8020.1552734375
19392,5290.99365234375
19393,6119.025390625
19394,5911.99072265625
19395,5641.1552734375
19396,5061.6123046875
19397,6119.025390625
19398,5337.34619140625
19399,5700.36083984375
19400,11745.5341796875
19401,5790.10400390625
19402,5081.09912109375
19403,5475.6767578125
19404,6119.025390625
19405,5804.58056640625
19406,5678.46240234375
19407,6119.025390625
19408,6119.025390625
19409,4863.3828125
19410,5804.58056640625
19411,5015.59130859375
19412,4745.56201171875
19413,5052.8984375
19414,5729.0478515625
19415,4863.3828125
19416,5652.3720703125
19417,10149.00390625
19418,6119.025390625
19419,5911.99072265625
19420,5475.6767578125
19421,5138.78515625
19422,5700.36083984375
19423,5363.8115234375
19424,6864.859375
19425,6119.025390625
19426,6119.025390625
19427,6119.025390625
19428,7294.62939453125
19429,7688.8759765625
19430,5755.0625
19431,6561.62890625
19432,6319.94970703125
19433,6862.5732421875
19434,5804.58056640625
19435,4863.3828125
19436,5290.99365234375
19437,4974.2431640625
19438,5233.3076171875
19439,4863.3828125
19440,5138.78515625
19441,6119.025390625
19442,6119.025390625
19443,5678.46240234375
19444,5337.34619140625
19445,5641.1552734375
19446,4863.3828125
19447,6119.025390625
19448,4863.3828125
19449,6119.025390625
19450,5641.1552734375
19451,4372.18408203125
19452,5652.3720703125
19453,4863.3828125
19454,5138.78515625
19455,5620.98095703125
19456,5563.37744140625
19457,5678.46240234375
19458,5678.46240234375
19459,6119.025390625
19460,6173.9638671875
19461,5729.0478515625
19462,4863.3828125
19463,6862.5732421875
19464,4863.3828125
19465,6862.5732421875
19466,5138.78515625
19467,5763.232421875
19468,5911.99072265625
19469,5471.427734375
19470,4974.2431640625
19471,6119.025390625
19472,5722.892578125
19473,5729.0478515625
19474,5052.8984375
19475,5746.16650390625
19476,4957.17724609375
19477,5853.57666015625
19478,5670.6337890625
19479,6804.1591796875
19480,4804.96875
19481,4994.484375
19482,5746.16650390625
19483,6386.09619140625
19484,5704.818359375
19485,6060.611328125
19486,4804.96875
19487,5080.37109375
19488,4804.96875
19489,5413.013671875
19490,4687.14794921875
19491,5312.7119140625
19492,4994.484375
19493,4687.14794921875
19494,5696.6484375
19495,6060.611328125
19496,5080.37109375
19497,5746.16650390625
19498,6137.21142578125
19499,4804.96875
19500,6060.611328125
19501,4994.484375
19502,6137.21142578125
19503,5080.37109375
19504,6060.611328125
19505,5232.57958984375
19506,5312.7119140625
19507,4994.484375
19508,5641.94677734375
19509,3797.22314453125
19510,6060.611328125
19511,5731.68994140625
19512,5100.240234375
19513,5312.7119140625
19514,6060.611328125
19515,5670.6337890625
19516,6060.611328125
19517,5278.93212890625
19518,4994.484375
19519,4994.484375
19520,5587.482421875
19521,5731.68994140625
19522,6261.53564453125
19523,6060.611328125
19524,8000.79248046875
19525,5232.57958984375
19526,4994.484375
19527,6060.611328125
19528,4915.8291015625
19529,6060.611328125
19530,5593.9580078125
19531,5891.205078125
19532,5891.205078125
19533,8000.79248046875
19534,4804.96875
19535,5593.9580078125
19536,5853.57666015625
19537,6060.611328125
19538,6261.53564453125
19539,5223.06298828125
19540,5080.37109375
19541,5891.205078125
19542,5620.04833984375
19543,4957.17724609375
19544,4804.96875
19545,5582.7412109375
19546,4994.484375
19547,4804.96875
19548,5746.16650390625
19549,5670.6337890625
19550,5080.37109375
19551,6060.611328125
19552,6513.49072265625
19553,5593.9580078125
19554,5278.93212890625
19555,5746.16650390625
19556,6137.21142578125
19557,5670.6337890625
19558,4957.17724609375
19559,5582.7412109375
19560,5670.6337890625
19561,4804.96875
19562,5746.16650390625
19563,5853.57666015625
19564,5670.6337890625
19565,6060.611328125
19566,4804.96875
19567,4804.96875
19568,6913.3232421875
19569,5620.04833984375
19570,5593.9580078125
19571,6060.611328125
19572,4915.8291015625
19573,5080.37109375
19574,4804.96875
19575,4994.484375
19576,6060.611328125
19577,6034.80908203125
19578,5731.68994140625
19579,7630.4619140625
19580,5670.6337890625
19581,5232.57958984375
19582,5080.37109375
19583,4804.96875
19584,5938.3505859375
19585,5731.68994140625
19586,5746.16650390625
19587,5620.04833984375
19588,4804.96875
19589,5620.04833984375
19590,7016.005859375
19591,4804.96875
19592,5022.68505859375
19593,4804.96875
19594,4455.7529296875
19595,4804.96875
19596,5670.6337890625
19597,5582.7412109375
19598,4804.96875
19599,5746.16650390625
19600,4804.96875
19601,5080.37109375
19602,5731.68994140625
19603,5593.9580078125
19604,5620.04833984375
19605,6060.611328125
19606,5119.685546875
19607,5731.68994140625
19608,5746.16650390625
19609,5593.9580078125
19610,5746.16650390625
19611,4804.96875
19612,6612.82275390625
19613,5746.16650390625
19614,5022.68505859375
19615,5746.16650390625
19616,7133.05517578125
19617,6804.1591796875
19618,6060.611328125
19619,5670.6337890625
19620,4804.96875
19621,7126.40966796875
19622,5731.68994140625
19623,5670.6337890625
19624,5232.57958984375
19625,7316.49658203125
19626,5871.05859375
19627,6720.62744140625
19628,5452.529296875
19629,4804.96875
19630,4687.14794921875
19631,5504.96337890625
19632,5641.94677734375
19633,4687.14794921875
19634,5080.37109375
19635,4915.8291015625
19636,5754.88037109375
19637,5504.96337890625
19638,5232.57958984375
19639,5670.6337890625
19640,5241.29345703125
19641,5232.57958984375
19642,6060.611328125
19643,6442.11376953125
19644,5312.7119140625
19645,5232.57958984375
19646,6060.611328125
19647,5504.96337890625
19648,6060.611328125
19649,7249.0751953125
19650,4804.96875
19651,5312.7119140625
19652,6060.611328125
19653,5232.57958984375
19654,7022.3486328125
19655,4804.96875
19656,5746.16650390625
19657,5080.37109375
19658,5876.212890625
19659,4687.14794921875
19660,5593.9580078125
19661,5736.97705078125
19662,4957.17724609375
19663,5232.57958984375
19664,5731.68994140625
19665,5731.68994140625
19666,6568.52490234375
19667,5452.529296875
19668,6078.09326171875
19669,6568.52490234375
19670,4915.8291015625
19671,4957.17724609375
19672,5080.37109375
19673,11687.12109375
19674,5928.52685546875
19675,4804.96875
19676,6568.52490234375
19677,4804.96875
19678,5080.37109375
19679,5504.96337890625
19680,5031.92578125
19681,5232.57958984375
19682,4804.96875
19683,4687.14794921875
19684,4804.96875
19685,7723.14404296875
19686,7280.54052734375
19687,8024.08837890625
19688,6166.72412109375
19689,5317.10205078125
19690,4925.400390625
19691,6128.8671875
19692,5266.5166015625
19693,6052.26708984375
19694,4959.18017578125
19695,5585.61376953125
19696,5585.61376953125
19697,4449.39013671875
19698,4451.43701171875
19699,5882.984375
19700,6052.26708984375
19701,5737.822265625
19702,4596.59912109375
19703,5014.3408203125
19704,4451.43701171875
19705,6455.2353515625
19706,5737.822265625
19707,6578.84814453125
19708,6022.8447265625
19709,6197.42919921875
19710,4979.2880859375
19711,6197.42919921875
19712,4333.6162109375
19713,6795.81494140625
19714,5882.984375
19715,5364.970703125
19716,5430.92138671875
19717,4942.22119140625
19718,4942.22119140625
19719,5478.7900390625
19720,6448.19091796875
19721,4786.11474609375
19722,5411.6787109375
19723,5494.99365234375
19724,6607.47119140625
19725,5317.10205078125
19726,5990.39453125
19727,5411.6787109375
19728,5737.822265625
19729,5699.43310546875
19730,5633.6025390625
19731,5662.34130859375
19732,5446.3642578125
19733,6092.72509765625
19734,5229.20947265625
19735,5166.54931640625
19736,6230.423828125
19737,4786.11474609375
19738,7240.73095703125
19739,6536.65625
19740,5014.3408203125
19741,6052.26708984375
19742,4925.400390625
19743,4451.43701171875
19744,6494.87060546875
19745,5762.01806640625
19746,6274.029296875
19747,5990.39453125
19748,5478.7900390625
19749,4959.18017578125
19750,5660.4140625
19751,4852.380859375
19752,5457.7705078125
19753,5477.94482421875
19754,6052.26708984375
19755,4700.17236328125
19756,4852.380859375
19757,6010.75341796875
19758,4852.380859375
19759,5110.2158203125
19760,5174.1357421875
19761,5990.39453125
19762,6399.9658203125
19763,5062.51025390625
19764,5453.37939453125
19765,5591.5263671875
19766,5336.9423828125
19767,5224.2353515625
19768,5477.94482421875
19769,6197.42919921875
19770,6052.26708984375
19771,5633.6025390625
19772,5882.984375
19773,5565.83740234375
19774,6274.029296875
19775,5369.3974609375
19776,5207.91552734375
19777,6197.42919921875
19778,6052.26708984375
19779,4845.33447265625
19780,5633.6025390625
19781,5565.83740234375
19782,4727.513671875
19783,4813.99169921875
19784,5217.18896484375
19785,4852.380859375
19786,4700.17236328125
19787,5565.83740234375
19788,5407.97509765625
19789,5034.85009765625
19790,5294.15576171875
19791,4700.17236328125
19792,4700.17236328125
19793,5072.02685546875
19794,5062.51025390625
19795,5565.83740234375
19796,5353.07763671875
19797,5845.232421875
19798,5336.9423828125
19799,5369.3974609375
19800,6197.42919921875
19801,4997.54296875
19802,5633.6025390625
19803,5565.83740234375
19804,5174.1357421875
19805,5990.39453125
19806,4727.513671875
19807,6052.26708984375
19808,5882.984375
19809,5660.4140625
19810,5990.39453125
19811,6052.26708984375
19812,5882.984375
19813,4700.17236328125
19814,4582.3515625
19815,6508.5009765625
19816,5515.251953125
19817,4813.99169921875
19818,4700.17236328125
19819,5477.94482421875
19820,5530.916015625
19821,4889.68798828125
19822,5515.251953125
19823,5515.251953125
19824,6795.81494140625
19825,5660.4140625
19826,4889.68798828125
19827,5282.58642578125
19828,5515.251953125
19829,6197.42919921875
19830,4811.03271484375
19831,5845.232421875
19832,4397.14501953125
19833,5660.4140625
19834,4700.17236328125
19835,4700.17236328125
19836,5369.3974609375
19837,5565.83740234375
19838,5653.84521484375
19839,7992.4482421875
19840,5515.251953125
19841,5882.984375
19842,5565.83740234375
19843,5602.9326171875
19844,6197.42919921875
19845,4889.68798828125
19846,5696.47412109375
19847,5515.251953125
19848,5224.2353515625
19849,4397.14501953125
19850,5845.232421875
19851,5369.3974609375
19852,5034.85009765625
19853,4807.1884765625
19854,5110.2158203125
19855,5207.91552734375
19856,5585.61376953125
19857,5565.83740234375
19858,5565.83740234375
19859,5990.39453125
19860,5369.3974609375
19861,5565.83740234375
19862,5477.94482421875
19863,5882.984375
19864,6659.62841796875
19865,6197.42919921875
19866,5882.984375
19867,5565.83740234375
19868,5660.4140625
19869,4889.68798828125
19870,4811.03271484375
19871,6492.78759765625
19872,6492.78759765625
19873,5034.85009765625
19874,4811.03271484375
19875,4397.14501953125
19876,6795.81494140625
19877,5515.251953125
19878,6003.37255859375
19879,5579.13818359375
19880,5990.39453125
19881,4727.513671875
19882,9610.68359375
19883,6943.26318359375
19884,6314.52734375
19885,4281.27880859375
19886,5166.54931640625
19887,6770.6142578125
19888,4315.6044921875
19889,10994.6044921875
19890,15906.06640625
19891,5072.02685546875
19892,4889.68798828125
19893,5477.94482421875
19894,5515.251953125
19895,9363.7734375
19896,5080.99072265625
19897,5959.1220703125
19898,4572.3125
19899,4281.27880859375
19900,5882.984375
19901,5959.1220703125
19902,5217.18896484375
19903,5653.84521484375
19904,6197.42919921875
19905,4607.02734375
19906,4397.14501953125
19907,5384.7998046875
19908,4759.23583984375
19909,4397.14501953125
19910,5660.4140625
19911,5422.10693359375
19912,5114.7705078125
19913,5243.79736328125
19914,4796.54296875
19915,5384.7998046875
19916,5453.37939453125
19917,5778.7646484375
19918,6734.96923828125
19919,5959.1220703125
19920,5730.77587890625
19921,5080.99072265625
19922,5384.7998046875
19923,5131.09033203125
19924,4796.54296875
19925,4607.02734375
19926,5034.85009765625
19927,4978.8818359375
19928,6702.669921875
19929,5660.4140625
19930,4489.20654296875
19931,4699.74267578125
19932,5660.4140625
19933,4727.513671875
19934,5201.0107421875
19935,7899.30322265625
19936,5369.3974609375
19937,5999.580078125
19938,5034.85009765625
19939,5114.7705078125
19940,4607.02734375
19941,5311.87109375
19942,4978.8818359375
19943,6711.291015625
19944,5883.25927734375
19945,10202.7568359375
19946,8375.8837890625
19947,5241.54345703125
19948,5602.921875
19949,5089.3349609375
19950,6069.5751953125
19951,6270.49951171875
19952,5525.9912109375
19953,5287.89599609375
19954,6465.4990234375
19955,5450.70263671875
19956,6069.5751953125
19957,5463.67236328125
19958,5287.89599609375
19959,5003.4482421875
19960,5003.4482421875
19961,5241.54345703125
19962,7231.24169921875
19963,6813.123046875
19964,6069.5751953125
19965,5463.67236328125
19966,5591.705078125
19967,6069.5751953125
19968,9401.2646484375
19969,5250.25732421875
19970,4966.14111328125
19971,6069.5751953125
19972,5602.921875
19973,6069.5751953125
19974,5003.4482421875
19975,5089.3349609375
19976,5241.54345703125
19977,5463.67236328125
19978,7039.39599609375
19979,6069.5751953125
19980,5629.01220703125
19981,6194.7978515625
19982,11008.8564453125
19983,6187.22265625
19984,5647.54541015625
19985,5782.1865234375
19986,6149.91552734375
19987,6627.78564453125
19988,5372.14306640625
19989,6149.91552734375
19990,5795.1142578125
19991,6141.04150390625
19992,5047.21484375
19993,6057.37451171875
19994,4757.18798828125
19995,4728.9873046875
19996,5354.55126953125
19997,4814.8740234375
19998,4539.4716796875
19999,4967.08251953125
20000,4728.9873046875
20001,4539.4716796875
20002,4814.8740234375
20003,5704.99169921875
20004,6132.962890625
20005,5818.51806640625
20006,6876.5107421875
20007,5304.93115234375
20008,6132.962890625
20009,6132.962890625
20010,5152.72265625
20011,4877.3203125
20012,6390.62548828125
20013,5295.41455078125
20014,6132.962890625
20015,5666.3095703125
20016,6876.5107421875
20017,6333.88720703125
20018,7127.4091796875
20019,4759.49951171875
20020,5589.37890625
20021,6132.962890625
20022,6132.962890625
20023,5742.9853515625
20024,5714.29833984375
20025,5066.8359375
20026,5742.9853515625
20027,5066.8359375
20028,5655.0927734375
20029,4877.3203125
20030,6333.88720703125
20031,4988.1806640625
20032,6876.5107421875
20033,6132.962890625
20034,7198.76123046875
20035,5066.8359375
20036,5029.52880859375
20037,5666.3095703125
20038,5714.29833984375
20039,6132.962890625
20040,8073.14404296875
20041,5304.93115234375
20042,5385.0634765625
20043,5804.04150390625
20044,5152.72265625
20045,5692.39990234375
20046,6132.962890625
20047,6132.962890625
20048,6209.56298828125
20049,6132.962890625
20050,9444.46875
20051,5066.8359375
20052,6132.962890625
20053,5958.15771484375
20054,6333.88720703125
20055,4877.3203125
20056,5304.93115234375
20057,5925.92822265625
20058,5527.06005859375
20059,4877.3203125
20060,5152.72265625
20061,6132.962890625
20062,4877.3203125
20063,5527.06005859375
20064,4877.3203125
20065,5666.3095703125
20066,5066.8359375
20067,6876.5107421875
20068,4877.3203125
20069,5152.72265625
20070,5304.93115234375
20071,6876.5107421875
20072,5804.04150390625
20073,6876.5107421875
20074,4988.1806640625
20075,4877.3203125
20076,5818.51806640625
20077,5666.3095703125
20078,5066.8359375
20079,6132.962890625
20080,5655.0927734375
20081,7294.62939453125
20082,5143.2060546875
20083,5818.51806640625
20084,5431.9619140625
20085,6209.56298828125
20086,5818.51806640625
20087,5247.2451171875
20088,5304.93115234375
20089,5351.28369140625
20090,5818.51806640625
20091,6107.65478515625
20092,6526.3193359375
20093,7272.1533203125
20094,6526.3193359375
20095,6319.28466796875
20096,6526.3193359375
20097,7269.8671875
20098,6526.3193359375
20099,5270.6767578125
20100,5778.419921875
20101,5698.28759765625
20102,5270.6767578125
20103,6136.341796875
20104,5270.6767578125
20105,5546.0791015625
20106,7269.8671875
20107,5460.1923828125
20108,6136.341796875
20109,5698.28759765625
20110,6211.87451171875
20111,6526.3193359375
20112,5829.333984375
20113,6563.06591796875
20114,5829.333984375
20115,4763.20703125
20116,4455.87060546875
20117,6572.8818359375
20118,4573.69140625
20119,6030.25830078125
20120,5081.4345703125
20121,5181.736328125
20122,14701.44921875
20123,4573.69140625
20124,5001.30224609375
20125,7769.51513671875
20126,4455.87060546875
20127,4573.69140625
20128,5001.30224609375
20129,6319.94970703125
20130,4863.3828125
20131,5804.58056640625
20132,4863.3828125
20133,5678.46240234375
20134,4863.3828125
20135,5360.9140625
20136,5678.46240234375
20137,5755.0625
20138,8059.20654296875
20139,5678.46240234375
20140,6319.94970703125
20141,4863.3828125
20142,6862.5732421875
20143,8059.20654296875
20144,6288.22265625
20145,5911.99072265625
20146,5249.6455078125
20147,5290.99365234375
20148,5513.12255859375
20149,5641.1552734375
20150,5700.36083984375
20151,5790.10400390625
20152,4863.3828125
20153,6581.224609375
20154,5052.8984375
20155,5015.59130859375
20156,4974.2431640625
20157,5678.46240234375
20158,5052.8984375
20159,5729.0478515625
20160,5052.8984375
20161,5804.58056640625
20162,5729.0478515625
20163,5804.58056640625
20164,6119.025390625
20165,4863.3828125
20166,5290.99365234375
20167,5057.08984375
20168,5700.36083984375
20169,5052.8984375
20170,6119.025390625
20171,4863.3828125
20172,6119.025390625
20173,6119.025390625
20174,4863.3828125
20175,5513.12255859375
20176,5371.1259765625
20177,5052.8984375
20178,4863.3828125
20179,5804.58056640625
20180,5678.46240234375
20181,5678.46240234375
20182,6119.025390625
20183,5138.78515625
20184,5081.09912109375
20185,5790.10400390625
20186,5052.8984375
20187,6246.19091796875
20188,5729.0478515625
20189,6119.025390625
20190,4863.3828125
20191,6319.94970703125
20192,5804.58056640625
20193,5138.78515625
20194,4747.5166015625
20195,6392.1962890625
20196,5652.3720703125
20197,5729.0478515625
20198,4863.3828125
20199,6119.025390625
20200,5729.0478515625
20201,6119.025390625
20202,5737.7900390625
20203,5233.3076171875
20204,6119.025390625
20205,5337.34619140625
20206,4863.3828125
20207,5652.3720703125
20208,5575.44140625
20209,5015.59130859375
20210,4863.3828125
20211,6971.7373046875
20212,4863.3828125
20213,4745.56201171875
20214,5563.37744140625
20215,5138.78515625
20216,5360.9140625
20217,4863.3828125
20218,6119.025390625
20219,5471.427734375
20220,5949.619140625
20221,5804.58056640625
20222,5944.22021484375
20223,4863.3828125
20224,5138.78515625
20225,4863.3828125
20226,7307.4892578125
20227,5052.8984375
20228,5790.10400390625
20229,5138.78515625
20230,4863.3828125
20231,5052.8984375
20232,5949.619140625
20233,5052.8984375
20234,5052.8984375
20235,6119.025390625
20236,4863.3828125
20237,5337.34619140625
20238,5052.8984375
20239,6671.23681640625
20240,5290.99365234375
20241,4745.56201171875
20242,6288.22265625
20243,5729.0478515625
20244,5233.3076171875
20245,5575.44140625
20246,5513.12255859375
20247,8020.1552734375
20248,5290.99365234375
20249,6119.025390625
20250,5911.99072265625
20251,5641.1552734375
20252,5061.6123046875
20253,6119.025390625
20254,5337.34619140625
20255,5700.36083984375
20256,11745.5341796875
20257,5790.10400390625
20258,5081.09912109375
20259,5475.6767578125
20260,6119.025390625
20261,5804.58056640625
20262,5678.46240234375
20263,6119.025390625
20264,6119.025390625
20265,4863.3828125
20266,5804.58056640625
20267,5015.59130859375
20268,4745.56201171875
20269,5052.8984375
20270,5729.0478515625
20271,4863.3828125
20272,5652.3720703125
20273,10149.00390625
20274,6119.025390625
20275,5911.99072265625
20276,5475.6767578125
20277,5138.78515625
20278,5700.36083984375
20279,5363.8115234375
20280,6864.859375
20281,6119.025390625
20282,6119.025390625
20283,6119.025390625
20284,7294.62939453125
20285,7688.8759765625
20286,5755.0625
20287,6561.62890625
20288,6319.94970703125
20289,6862.5732421875
20290,5804.58056640625
20291,4863.3828125
20292,5290.99365234375
20293,4974.2431640625
20294,5233.3076171875
20295,4863.3828125
20296,5138.78515625
20297,6119.025390625
20298,6119.025390625
20299,5678.46240234375
20300,5337.34619140625
20301,5641.1552734375
20302,4863.3828125
20303,6119.025390625
20304,4863.3828125
20305,6119.025390625
20306,5641.1552734375
20307,4372.18408203125
20308,5652.3720703125
20309,4863.3828125
20310,5138.78515625
20311,5620.98095703125
20312,5563.37744140625
20313,5678.46240234375
20314,5678.46240234375
20315,6119.025390625
20316,6173.9638671875
20317,5729.0478515625
20318,4863.3828125
20319,6862.5732421875
20320,4863.3828125
20321,6862.5732421875
20322,5138.78515625
20323,5763.232421875
20324,5911.99072265625
20325,5471.427734375
20326,4974.2431640625
20327,6119.025390625
20328,5722.892578125
20329,5729.0478515625
20330,5052.8984375
20331,5746.16650390625
20332,4957.17724609375
20333,5853.57666015625
20334,5670.6337890625
20335,6804.1591796875
20336,4804.96875
20337,4994.484375
20338,5746.16650390625
20339,6386.09619140625
20340,5704.818359375
20341,6060.611328125
20342,4804.96875
20343,5080.37109375
20344,4804.96875
20345,5413.013671875
20346,4687.14794921875
20347,5312.7119140625
20348,4994.484375
20349,4687.14794921875
20350,5696.6484375
20351,6060.611328125
20352,5080.37109375
20353,5746.16650390625
20354,6137.21142578125
20355,4804.96875
20356,6060.611328125
20357,4994.484375
20358,6137.21142578125
20359,5080.37109375
20360,6060.611328125
20361,5232.57958984375
20362,5312.7119140625
20363,4994.484375
20364,5641.94677734375
20365,3797.22314453125
20366,6060.611328125
20367,5731.68994140625
20368,5100.240234375
20369,5312.7119140625
20370,6060.611328125
20371,5670.6337890625
20372,6060.611328125
20373,5278.93212890625
20374,4994.484375
20375,4994.484375
20376,5587.482421875
20377,5731.68994140625
20378,6261.53564453125
20379,6060.611328125
20380,8000.79248046875
20381,5232.57958984375
20382,4994.484375
20383,6060.611328125
20384,4915.8291015625
20385,6060.611328125
20386,5593.9580078125
20387,5891.205078125
20388,5891.205078125
20389,8000.79248046875
20390,4804.96875
20391,5593.9580078125
20392,5853.57666015625
20393,6060.611328125
20394,6261.53564453125
20395,5223.06298828125
20396,5080.37109375
20397,5891.205078125
20398,5620.04833984375
20399,4957.17724609375
20400,4804.96875
20401,5582.7412109375
20402,4994.484375
20403,4804.96875
20404,5746.16650390625
20405,5670.6337890625
20406,5080.37109375
20407,6060.611328125
20408,6513.49072265625
20409,5593.9580078125
20410,5278.93212890625
20411,5746.16650390625
20412,6137.21142578125
20413,5670.6337890625
20414,4957.17724609375
20415,5582.7412109375
20416,5670.6337890625
20417,4804.96875
20418,5746.16650390625
20419,5853.57666015625
20420,5670.6337890625
20421,6060.611328125
20422,4804.96875
20423,4804.96875
20424,6913.3232421875
20425,5620.04833984375
20426,5593.9580078125
20427,6060.611328125
20428,4915.8291015625
20429,5080.37109375
20430,4804.96875
20431,4994.484375
20432,6060.611328125
20433,6034.80908203125
20434,5731.68994140625
20435,7630.4619140625
20436,5670.6337890625
20437,5232.57958984375
20438,5080.37109375
20439,4804.96875
20440,5938.3505859375
20441,5731.68994140625
20442,5746.16650390625
20443,5620.04833984375
20444,4804.96875
20445,5620.04833984375
20446,7016.005859375
20447,4804.96875
20448,5022.68505859375
20449,4804.96875
20450,4455.7529296875
20451,4804.96875
20452,5670.6337890625
20453,5582.7412109375
20454,4804.96875
20455,5746.16650390625
20456,4804.96875
20457,5080.37109375
20458,5731.68994140625
20459,5593.9580078125
20460,5620.04833984375
20461,6060.611328125
20462,5119.685546875
20463,5731.68994140625
20464,5746.16650390625
20465,5593.9580078125
20466,5746.16650390625
20467,4804.96875
20468,6612.82275390625
20469,5746.16650390625
20470,5022.68505859375
20471,5746.16650390625
20472,7133.05517578125
20473,6804.1591796875
20474,6060.611328125
20475,5670.6337890625
20476,4804.96875
20477,7126.40966796875
20478,5731.68994140625
20479,5670.6337890625
20480,5232.57958984375
20481,7316.49658203125
20482,5871.05859375
20483,6720.62744140625
20484,5452.529296875
20485,4804.96875
20486,4687.14794921875
20487,5504.96337890625
20488,5641.94677734375
20489,4687.14794921875
20490,5080.37109375
20491,4915.8291015625
20492,5754.88037109375
20493,5504.96337890625
20494,5232.57958984375
20495,5670.6337890625
20496,5241.29345703125
20497,5232.57958984375
20498,6060.611328125
20499,6442.11376953125
20500,5312.7119140625
20501,5232.57958984375
20502,6060.611328125
20503,5504.96337890625
20504,6060.611328125
20505,7249.0751953125
20506,4804.96875
20507,5312.7119140625
20508,6060.611328125
20509,5232.57958984375
20510,7022.3486328125
20511,4804.96875
20512,5746.16650390625
20513,5080.37109375
20514,5876.212890625
20515,4687.14794921875
20516,5593.9580078125
20517,5736.97705078125
20518,4957.17724609375
20519,5232.57958984375
20520,5731.68994140625
20521,5731.68994140625
20522,6568.52490234375
20523,5452.529296875
20524,6078.09326171875
20525,6568.52490234375
20526,4915.8291015625
20527,4957.17724609375
20528,5080.37109375
20529,11687.12109375
20530,5928.52685546875
20531,4804.96875
20532,6568.52490234375
20533,4804.96875
20534,5080.37109375
20535,5504.96337890625
20536,5031.92578125
20537,5232.57958984375
20538,4804.96875
20539,4687.14794921875
20540,4804.96875
20541,7723.14404296875
20542,7280.54052734375
20543,8024.08837890625
20544,6166.72412109375
20545,5451.9306640625
20546,5060.22900390625
20547,5980.06103515625
20548,5401.34521484375
20549,6187.095703125
20550,5094.0087890625
20551,5720.4423828125
20552,5720.4423828125
20553,4584.21875
20554,4586.265625
20555,6017.81298828125
20556,6187.095703125
20557,5872.65087890625
20558,4731.427734375
20559,5149.16943359375
20560,4586.265625
20561,6590.06396484375
20562,5872.65087890625
20563,6713.6767578125
20564,6157.67333984375
20565,6332.2578125
20566,5114.11669921875
20567,6332.2578125
20568,4468.44482421875
20569,6930.6435546875
20570,6017.81298828125
20571,5499.79931640625
20572,5565.75
20573,5077.0498046875
20574,5077.0498046875
20575,5613.61865234375
20576,6583.01953125
20577,4920.943359375
20578,5546.50732421875
20579,5629.822265625
20580,6742.2998046875
20581,5451.9306640625
20582,6125.22314453125
20583,5546.50732421875
20584,5872.65087890625
20585,5834.26171875
20586,5980.06103515625
20587,5797.169921875
20588,5581.19287109375
20589,6227.5537109375
20590,5364.0380859375
20591,5301.3779296875
20592,6081.61767578125
20593,4920.943359375
20594,7375.5595703125
20595,6671.48486328125
20596,5149.16943359375
20597,6187.095703125
20598,5060.22900390625
20599,4586.265625
20600,6629.69921875
20601,5896.8466796875
20602,6125.22314453125
20603,6125.22314453125
20604,5613.61865234375
20605,5094.0087890625
20606,5795.24267578125
20607,4987.20947265625
20608,5308.96435546875
20609,5612.7734375
20610,6187.095703125
20611,4835.0009765625
20612,4987.20947265625
20613,6145.58203125
20614,4987.20947265625
20615,5245.04443359375
20616,5308.96435546875
20617,6125.22314453125
20618,6534.79443359375
20619,5197.3388671875
20620,5588.2080078125
20621,5726.35498046875
20622,5471.77099609375
20623,5359.06396484375
20624,5612.7734375
20625,6332.2578125
20626,6187.095703125
20627,5980.06103515625
20628,6017.81298828125
20629,5700.666015625
20630,6125.22314453125
20631,5504.22607421875
20632,5342.744140625
20633,6332.2578125
20634,6187.095703125
20635,4980.1630859375
20636,5980.06103515625
20637,5700.666015625
20638,4862.34228515625
20639,4948.8203125
20640,5352.017578125
20641,4987.20947265625
20642,4835.0009765625
20643,5700.666015625
20644,5542.8037109375
20645,5169.6787109375
20646,5428.984375
20647,4835.0009765625
20648,4835.0009765625
20649,5206.85546875
20650,5197.3388671875
20651,5700.666015625
20652,5487.90625
20653,5980.06103515625
20654,5471.77099609375
20655,5504.22607421875
20656,6332.2578125
20657,5132.37158203125
20658,5980.06103515625
20659,5700.666015625
20660,5308.96435546875
20661,6125.22314453125
20662,4862.34228515625
20663,6187.095703125
20664,6017.81298828125
20665,5795.24267578125
20666,6125.22314453125
20667,6187.095703125
20668,6017.81298828125
20669,4835.0009765625
20670,4717.18017578125
20671,6643.32958984375
20672,5650.08056640625
20673,4948.8203125
20674,4835.0009765625
20675,5612.7734375
20676,5665.74462890625
20677,5024.5166015625
20678,5650.08056640625
20679,5650.08056640625
20680,6930.6435546875
20681,5795.24267578125
20682,5024.5166015625
20683,5417.4150390625
20684,5650.08056640625
20685,6332.2578125
20686,4945.861328125
20687,5980.06103515625
20688,4531.9736328125
20689,5795.24267578125
20690,4835.0009765625
20691,4835.0009765625
20692,5504.22607421875
20693,5700.666015625
20694,5788.673828125
20695,8127.27685546875
20696,5650.08056640625
20697,6017.81298828125
20698,5700.666015625
20699,5454.12646484375
20700,6332.2578125
20701,5024.5166015625
20702,5831.302734375
20703,5650.08056640625
20704,5359.06396484375
20705,4531.9736328125
20706,5980.06103515625
20707,5504.22607421875
20708,5169.6787109375
20709,4942.01708984375
20710,5245.04443359375
20711,5342.744140625
20712,5720.4423828125
20713,5700.666015625
20714,5700.666015625
20715,6125.22314453125
20716,5504.22607421875
20717,5700.666015625
20718,5612.7734375
20719,6017.81298828125
20720,6794.45703125
20721,6332.2578125
20722,6017.81298828125
20723,5700.666015625
20724,5795.24267578125
20725,5024.5166015625
20726,4945.861328125
20727,6627.6162109375
20728,6627.6162109375
20729,5169.6787109375
20730,4945.861328125
20731,4531.9736328125
20732,6930.6435546875
20733,5650.08056640625
20734,6138.201171875
20735,5713.966796875
20736,6125.22314453125
20737,4862.34228515625
20738,9745.5126953125
20739,6794.45703125
20740,6449.35595703125
20741,4416.107421875
20742,5301.3779296875
20743,6905.44287109375
20744,4662.06298828125
20745,11129.43359375
20746,16040.8955078125
20747,5206.85546875
20748,5024.5166015625
20749,5612.7734375
20750,5650.08056640625
20751,9498.6025390625
20752,5215.8193359375
20753,6093.95068359375
20754,4707.140625
20755,4416.107421875
20756,6017.81298828125
20757,6093.95068359375
20758,5352.017578125
20759,5788.673828125
20760,6332.2578125
20761,4741.85595703125
20762,4531.9736328125
20763,5519.62841796875
20764,4894.064453125
20765,4531.9736328125
20766,5795.24267578125
20767,5556.935546875
20768,5249.59912109375
20769,5378.6259765625
20770,4931.37158203125
20771,5519.62841796875
20772,5588.2080078125
20773,6125.22314453125
20774,6869.7978515625
20775,6093.95068359375
20776,5865.6044921875
20777,5215.8193359375
20778,5519.62841796875
20779,5265.9189453125
20780,4931.37158203125
20781,4741.85595703125
20782,5169.6787109375
20783,5113.71044921875
20784,6837.49853515625
20785,5795.24267578125
20786,4624.03515625
20787,5046.201171875
20788,5795.24267578125
20789,4862.34228515625
20790,5335.83935546875
20791,8034.1318359375
20792,5504.22607421875
20793,6134.40869140625
20794,5169.6787109375
20795,5249.59912109375
20796,4741.85595703125
20797,5446.69970703125
20798,5113.71044921875
20799,6846.11962890625
20800,6018.087890625
20801,10337.5859375
20802,8510.7119140625
20803,5376.3720703125
20804,5737.75048828125
20805,5224.16357421875
20806,6204.40380859375
20807,6405.328125
20808,5660.81982421875
20809,5422.724609375
20810,6600.32763671875
20811,5585.53125
20812,6204.40380859375
20813,5598.5009765625
20814,5422.724609375
20815,5138.27685546875
20816,5138.27685546875
20817,5376.3720703125
20818,7366.0703125
20819,6947.95166015625
20820,6204.40380859375
20821,5598.5009765625
20822,5726.53369140625
20823,6204.40380859375
20824,9536.09375
20825,5385.0859375
20826,5100.9697265625
20827,6204.40380859375
20828,5737.75048828125
20829,6204.40380859375
20830,5138.27685546875
20831,5224.16357421875
20832,5376.3720703125
20833,5598.5009765625
20834,7174.224609375
20835,6204.40380859375
20836,5763.8408203125
20837,6329.6259765625
20838,11143.685546875
20839,6322.05126953125
20840,5782.3740234375
20841,5917.01513671875
20842,6284.744140625
20843,6762.6142578125
20844,5506.9716796875
20845,6284.744140625
20846,5929.94287109375
20847,6275.8701171875
20848,5182.04345703125
20849,6192.203125
20850,4892.0166015625
20851,4863.81591796875
20852,5489.3798828125
20853,4949.70263671875
20854,4674.30029296875
20855,5101.9111328125
20856,4863.81591796875
20857,4674.30029296875
20858,4949.70263671875
20859,5839.8203125
20860,6267.79150390625
20861,5953.3466796875
20862,7011.33935546875
20863,5439.759765625
20864,6267.79150390625
20865,6267.79150390625
20866,5287.55126953125
20867,5012.14892578125
20868,6525.4541015625
20869,5430.2431640625
20870,6267.79150390625
20871,5801.13818359375
20872,7011.33935546875
20873,6468.7158203125
20874,7262.23779296875
20875,4894.328125
20876,5724.20751953125
20877,6267.79150390625
20878,6267.79150390625
20879,5877.81396484375
20880,6060.7568359375
20881,5201.66455078125
20882,5877.81396484375
20883,5201.66455078125
20884,5789.92138671875
20885,5012.14892578125
20886,6468.7158203125
20887,5123.00927734375
20888,7011.33935546875
20889,6267.79150390625
20890,7333.58984375
20891,5201.66455078125
20892,5164.357421875
20893,5801.13818359375
20894,6060.7568359375
20895,6267.79150390625
20896,8207.97265625
20897,5439.759765625
20898,5519.89208984375
20899,5938.8701171875
20900,5287.55126953125
20901,5827.228515625
20902,6267.79150390625
20903,6267.79150390625
20904,6060.7568359375
20905,6267.79150390625
20906,9579.2978515625
20907,5201.66455078125
20908,6267.79150390625
20909,6092.986328125
20910,6468.7158203125
20911,5012.14892578125
20912,5439.759765625
20913,6060.7568359375
20914,5661.888671875
20915,5012.14892578125
20916,5287.55126953125
20917,6267.79150390625
20918,5012.14892578125
20919,5661.888671875
20920,5012.14892578125
20921,5801.13818359375
20922,5201.66455078125
20923,7011.33935546875
20924,5012.14892578125
20925,5287.55126953125
20926,5439.759765625
20927,7011.33935546875
20928,5938.8701171875
20929,7011.33935546875
20930,5123.00927734375
20931,5012.14892578125
20932,5953.3466796875
20933,5801.13818359375
20934,5201.66455078125
20935,6267.79150390625
20936,5789.92138671875
20937,7429.4580078125
20938,5278.03466796875
20939,5953.3466796875
20940,6058.3095703125
20941,6060.7568359375
20942,5953.3466796875
20943,5382.07373046875
20944,5439.759765625
20945,5486.1123046875
20946,5953.3466796875
20947,6454.11328125
20948,6661.14794921875
20949,7123.34716796875
20950,6661.14794921875
20951,6454.11328125
20952,6661.14794921875
20953,7404.69580078125
20954,6661.14794921875
20955,5405.50537109375
20956,5913.24853515625
20957,5833.1162109375
20958,5405.50537109375
20959,6271.17041015625
20960,5405.50537109375
20961,5680.90771484375
20962,7404.69580078125
20963,5595.02099609375
20964,6271.17041015625
20965,5833.1162109375
20966,6346.703125
20967,6661.14794921875
20968,5964.16259765625
20969,6697.89453125
20970,5964.16259765625
20971,4898.03564453125
20972,4590.69921875
20973,6707.71044921875
20974,4708.52001953125
20975,6165.0869140625
20976,5216.26318359375
20977,5316.56494140625
20978,14836.2783203125
20979,4708.52001953125
20980,5136.130859375
20981,7904.34423828125
20982,4590.69921875
20983,4708.52001953125
20984,5136.130859375
20985,6454.7783203125
20986,4998.21142578125
20987,5939.4091796875
20988,4998.21142578125
20989,5813.291015625
20990,4998.21142578125
20991,5495.74267578125
20992,5813.291015625
20993,5606.25634765625
20994,8194.0361328125
20995,5813.291015625
20996,6454.7783203125
20997,4998.21142578125
20998,6997.40185546875
20999,8194.0361328125
21000,6423.05126953125
21001,6046.8193359375
21002,5384.47412109375
21003,5425.822265625
21004,5647.951171875
21005,5775.98388671875
21006,6046.8193359375
21007,5924.9326171875
21008,4998.21142578125
21009,6716.05322265625
21010,5187.72705078125
21011,5150.419921875
21012,5109.07177734375
21013,5813.291015625
21014,5187.72705078125
21015,5863.87646484375
21016,5187.72705078125
21017,5939.4091796875
21018,5863.87646484375
21019,5939.4091796875
21020,6253.85400390625
21021,4998.21142578125
21022,5425.822265625
21023,5419.2802734375
21024,6046.8193359375
21025,5187.72705078125
21026,6253.85400390625
21027,4998.21142578125
21028,6253.85400390625
21029,6253.85400390625
21030,4998.21142578125
21031,5647.951171875
21032,5505.95458984375
21033,5187.72705078125
21034,4998.21142578125
21035,5939.4091796875
21036,5813.291015625
21037,5813.291015625
21038,6253.85400390625
21039,5273.61376953125
21040,5215.927734375
21041,5924.9326171875
21042,5187.72705078125
21043,6381.01953125
21044,5863.87646484375
21045,6253.85400390625
21046,4998.21142578125
21047,6454.7783203125
21048,5939.4091796875
21049,5273.61376953125
21050,4882.34521484375
21051,6527.02490234375
21052,5787.20068359375
21053,5863.87646484375
21054,4998.21142578125
21055,6253.85400390625
21056,5863.87646484375
21057,6253.85400390625
21058,5872.61865234375
21059,5368.13623046875
21060,6253.85400390625
21061,5472.1748046875
21062,4998.21142578125
21063,5787.20068359375
21064,5710.27001953125
21065,5150.419921875
21066,4998.21142578125
21067,7106.5654296875
21068,4998.21142578125
21069,4880.390625
21070,5698.2060546875
21071,5273.61376953125
21072,5495.74267578125
21073,4998.21142578125
21074,6253.85400390625
21075,5606.25634765625
21076,6084.44775390625
21077,5939.4091796875
21078,6079.048828125
21079,4998.21142578125
21080,5273.61376953125
21081,4998.21142578125
21082,7442.31787109375
21083,5187.72705078125
21084,5924.9326171875
21085,5273.61376953125
21086,4998.21142578125
21087,5187.72705078125
21088,6084.44775390625
21089,5187.72705078125
21090,5187.72705078125
21091,6253.85400390625
21092,4998.21142578125
21093,5472.1748046875
21094,5187.72705078125
21095,6806.0654296875
21096,5425.822265625
21097,4880.390625
21098,6423.05126953125
21099,5863.87646484375
21100,5368.13623046875
21101,5710.27001953125
21102,5647.951171875
21103,8154.984375
21104,5425.822265625
21105,6253.85400390625
21106,6046.8193359375
21107,5775.98388671875
21108,5196.44091796875
21109,6253.85400390625
21110,5472.1748046875
21111,6046.8193359375
21112,11880.36328125
21113,5924.9326171875
21114,5215.927734375
21115,5610.50537109375
21116,6253.85400390625
21117,5939.4091796875
21118,5813.291015625
21119,6253.85400390625
21120,6253.85400390625
21121,4998.21142578125
21122,5939.4091796875
21123,5150.419921875
21124,4880.390625
21125,5187.72705078125
21126,5863.87646484375
21127,4998.21142578125
21128,5787.20068359375
21129,10283.8330078125
21130,6253.85400390625
21131,6046.8193359375
21132,5610.50537109375
21133,5273.61376953125
21134,6046.8193359375
21135,5710.27001953125
21136,6716.05322265625
21137,6253.85400390625
21138,6253.85400390625
21139,6253.85400390625
21140,7429.4580078125
21141,7823.70556640625
21142,5606.25634765625
21143,6696.45751953125
21144,6454.7783203125
21145,6997.40185546875
21146,5939.4091796875
21147,4998.21142578125
21148,5425.822265625
21149,5109.07177734375
21150,5368.13623046875
21151,4998.21142578125
21152,5273.61376953125
21153,6253.85400390625
21154,6253.85400390625
21155,5813.291015625
21156,5472.1748046875
21157,5775.98388671875
21158,4998.21142578125
21159,6253.85400390625
21160,4998.21142578125
21161,6253.85400390625
21162,5775.98388671875
21163,4718.642578125
21164,5787.20068359375
21165,4998.21142578125
21166,5273.61376953125
21167,5472.1748046875
21168,5698.2060546875
21169,5813.291015625
21170,5813.291015625
21171,6253.85400390625
21172,6308.79248046875
21173,5863.87646484375
21174,4998.21142578125
21175,6997.40185546875
21176,4998.21142578125
21177,6997.40185546875
21178,5273.61376953125
21179,5898.06103515625
21180,6046.8193359375
21181,5606.25634765625
21182,5109.07177734375
21183,6253.85400390625
21184,5857.72119140625
21185,5863.87646484375
21186,5187.72705078125
21187,5880.9951171875
21188,5092.005859375
21189,5988.4052734375
21190,5805.46240234375
21191,6938.98779296875
21192,4939.79736328125
21193,5129.31298828125
21194,5880.9951171875
21195,6520.9248046875
21196,5839.64697265625
21197,6195.43994140625
21198,4939.79736328125
21199,5215.19970703125
21200,4939.79736328125
21201,5547.84228515625
21202,4821.9765625
21203,5447.54052734375
21204,5129.31298828125
21205,4821.9765625
21206,5547.84228515625
21207,6195.43994140625
21208,5215.19970703125
21209,5880.9951171875
21210,5988.4052734375
21211,4939.79736328125
21212,6195.43994140625
21213,5129.31298828125
21214,5988.4052734375
21215,5215.19970703125
21216,6195.43994140625
21217,5367.408203125
21218,5447.54052734375
21219,5129.31298828125
21220,5988.4052734375
21221,4143.6806640625
21222,6195.43994140625
21223,5866.5185546875
21224,5462.4296875
21225,5447.54052734375
21226,6195.43994140625
21227,5805.46240234375
21228,6195.43994140625
21229,5413.7607421875
21230,5129.31298828125
21231,5129.31298828125
21232,5722.31103515625
21233,5866.5185546875
21234,6396.3642578125
21235,6195.43994140625
21236,8135.6220703125
21237,5367.408203125
21238,5129.31298828125
21239,6195.43994140625
21240,5050.65771484375
21241,6195.43994140625
21242,5728.78662109375
21243,6026.03369140625
21244,6026.03369140625
21245,8135.6220703125
21246,4939.79736328125
21247,5728.78662109375
21248,5988.4052734375
21249,6195.43994140625
21250,6396.3642578125
21251,5357.8916015625
21252,5215.19970703125
21253,6026.03369140625
21254,5754.876953125
21255,5092.005859375
21256,4939.79736328125
21257,5717.56982421875
21258,5129.31298828125
21259,4939.79736328125
21260,5880.9951171875
21261,5805.46240234375
21262,5215.19970703125
21263,6195.43994140625
21264,6648.3193359375
21265,5728.78662109375
21266,5413.7607421875
21267,5880.9951171875
21268,5988.4052734375
21269,5805.46240234375
21270,5092.005859375
21271,5717.56982421875
21272,5805.46240234375
21273,4939.79736328125
21274,5880.9951171875
21275,5988.4052734375
21276,5805.46240234375
21277,6195.43994140625
21278,4939.79736328125
21279,4939.79736328125
21280,7048.1513671875
21281,5754.876953125
21282,5728.78662109375
21283,6195.43994140625
21284,5050.65771484375
21285,5215.19970703125
21286,4939.79736328125
21287,5129.31298828125
21288,6195.43994140625
21289,6169.6376953125
21290,5866.5185546875
21291,7765.29150390625
21292,5805.46240234375
21293,5367.408203125
21294,5215.19970703125
21295,4939.79736328125
21296,6073.17919921875
21297,5866.5185546875
21298,5880.9951171875
21299,5754.876953125
21300,4939.79736328125
21301,5754.876953125
21302,7150.83447265625
21303,4939.79736328125
21304,5157.513671875
21305,4939.79736328125
21306,5154.79296875
21307,4939.79736328125
21308,5805.46240234375
21309,5717.56982421875
21310,4939.79736328125
21311,5880.9951171875
21312,4939.79736328125
21313,5215.19970703125
21314,5866.5185546875
21315,5728.78662109375
21316,5754.876953125
21317,6195.43994140625
21318,5915.943359375
21319,5866.5185546875
21320,5880.9951171875
21321,5728.78662109375
21322,5880.9951171875
21323,4939.79736328125
21324,6747.6513671875
21325,5880.9951171875
21326,5157.513671875
21327,5880.9951171875
21328,7267.8837890625
21329,6938.98779296875
21330,6195.43994140625
21331,5805.46240234375
21332,4939.79736328125
21333,7261.23828125
21334,5866.5185546875
21335,5805.46240234375
21336,5367.408203125
21337,7451.3251953125
21338,6005.88720703125
21339,6855.4560546875
21340,5587.35791015625
21341,4939.79736328125
21342,4821.9765625
21343,5639.7919921875
21344,5988.4052734375
21345,4821.9765625
21346,5215.19970703125
21347,5050.65771484375
21348,5889.708984375
21349,5639.7919921875
21350,5367.408203125
21351,5805.46240234375
21352,5376.1220703125
21353,5367.408203125
21354,6195.43994140625
21355,6576.9423828125
21356,5447.54052734375
21357,5367.408203125
21358,6195.43994140625
21359,5639.7919921875
21360,6195.43994140625
21361,7383.90380859375
21362,4939.79736328125
21363,5447.54052734375
21364,6195.43994140625
21365,5367.408203125
21366,7157.17724609375
21367,4939.79736328125
21368,5880.9951171875
21369,5215.19970703125
21370,6011.04150390625
21371,4821.9765625
21372,5728.78662109375
21373,5871.8056640625
21374,5092.005859375
21375,5367.408203125
21376,5866.5185546875
21377,5866.5185546875
21378,6703.353515625
21379,5587.35791015625
21380,6212.921875
21381,6703.353515625
21382,5050.65771484375
21383,5092.005859375
21384,5215.19970703125
21385,11821.9501953125
21386,6063.35546875
21387,4939.79736328125
21388,6703.353515625
21389,4939.79736328125
21390,5215.19970703125
21391,5639.7919921875
21392,5166.75439453125
21393,5367.408203125
21394,4939.79736328125
21395,4821.9765625
21396,4939.79736328125
21397,7857.97265625
21398,7415.369140625
21399,8158.91796875
21400,6301.552734375
21401,0.0
21402,0.0
21403,0.0
21404,0.0
21405,0.0
21406,0.0
21407,0.0
21408,0.0
21409,0.0
21410,0.0
21411,0.0
21412,0.0
21413,0.0
21414,0.0
21415,0.0
21416,0.0
21417,0.0
21418,0.0
21419,0.0
21420,0.0
21421,0.0
21422,0.0
21423,0.0
21424,0.0
21425,0.0
21426,0.0
21427,0.0
21428,0.0
21429,0.0
21430,0.0
21431,0.0
21432,0.0
21433,0.0
21434,0.0
21435,0.0
21436,0.0
21437,0.0
21438,0.0
21439,0.0
21440,0.0
21441,0.0
21442,0.0
21443,0.0
21444,0.0
21445,0.0
21446,0.0
21447,0.0
21448,0.0
21449,0.0
21450,0.0
21451,0.0
21452,0.0
21453,0.0
21454,0.0
21455,0.0
21456,0.0
21457,0.0
21458,0.0
21459,0.0
21460,0.0
21461,0.0
21462,0.0
21463,0.0
21464,0.0
21465,0.0
21466,0.0
21467,0.0
21468,0.0
21469,0.0
21470,0.0
21471,0.0
21472,0.0
21473,0.0
21474,0.0
21475,0.0
21476,0.0
21477,0.0
21478,0.0
21479,0.0
21480,0.0
21481,0.0
21482,0.0
21483,0.0
21484,0.0
21485,0.0
21486,0.0
21487,0.0
21488,0.0
21489,0.0
21490,0.0
21491,0.0
21492,4908.2919921875
21493,0.0
21494,0.0
21495,0.0
21496,0.0
21497,0.0
21498,0.0
21499,0.0
21500,0.0
21501,0.0
21502,0.0
21503,0.0
21504,0.0
21505,0.0
21506,0.0
21507,0.0
21508,0.0
21509,0.0
21510,0.0
21511,0.0
21512,0.0
21513,0.0
21514,0.0
21515,0.0
21516,0.0
21517,0.0
21518,0.0
21519,0.0
21520,0.0
21521,0.0
21522,0.0
21523,0.0
21524,0.0
21525,0.0
21526,0.0
21527,0.0
21528,0.0
21529,0.0
21530,0.0
21531,0.0
21532,0.0
21533,0.0
21534,0.0
21535,0.0
21536,0.0
21537,0.0
21538,0.0
21539,0.0
21540,0.0
21541,0.0
21542,0.0
21543,0.0
21544,0.0
21545,0.0
21546,0.0
21547,0.0
21548,0.0
21549,0.0
21550,0.0
21551,0.0
21552,0.0
21553,0.0
21554,0.0
21555,0.0
21556,0.0
21557,0.0
21558,0.0
21559,0.0
21560,4012.71142578125
21561,0.0
21562,0.0
21563,0.0
21564,0.0
21565,0.0
21566,0.0
21567,0.0
21568,0.0
21569,0.0
21570,0.0
21571,0.0
21572,0.0
21573,0.0
21574,0.0
21575,0.0
21576,0.0
21577,0.0
21578,0.0
21579,0.0
21580,0.0
21581,0.0
21582,0.0
21583,0.0
21584,0.0
21585,0.0
21586,0.0
21587,0.0
21588,0.0
21589,0.0
21590,0.0
21591,0.0
21592,0.0
21593,0.0
21594,0.0
21595,0.0
21596,0.0
21597,0.0
21598,0.0
21599,0.0
21600,0.0
21601,12755.4638671875
21602,17666.927734375
21603,0.0
21604,0.0
21605,0.0
21606,0.0
21607,0.0
21608,0.0
21609,0.0
21610,7455.77294921875
21611,0.0
21612,0.0
21613,0.0
21614,0.0
21615,0.0
21616,0.0
21617,0.0
21618,0.0
21619,0.0
21620,0.0
21621,0.0
21622,0.0
21623,0.0
21624,0.0
21625,0.0
21626,0.0
21627,0.0
21628,0.0
21629,5053.4541015625
21630,0.0
21631,0.0
21632,0.0
21633,0.0
21634,0.0
21635,0.0
21636,0.0
21637,0.0
21638,0.0
21639,4150.70263671875
21640,0.0
21641,0.0
21642,0.0
21643,0.0
21644,0.0
21645,0.0
21646,0.0
21647,0.0
21648,0.0
21649,0.0
21650,0.0
21651,0.0
21652,0.0
21653,0.0
21654,0.0
21655,0.0
21656,0.0
21657,10202.7568359375
21658,0.0
21659,0.0
21660,0.0
21661,0.0
21662,0.0
21663,0.0
21664,0.0
21665,0.0
21666,0.0
21667,0.0
21668,0.0
21669,0.0
21670,0.0
21671,0.0
21672,0.0
21673,0.0
21674,7231.24169921875
21675,0.0
21676,0.0
21677,0.0
21678,0.0
21679,0.0
21680,0.0
21681,0.0
21682,0.0
21683,0.0
21684,0.0
21685,0.0
21686,0.0
21687,0.0
21688,0.0
21689,0.0
21690,0.0
21691,0.0
21692,0.0
21693,0.0
21694,0.0
21695,0.0
21696,0.0
21697,0.0
21698,0.0
21699,0.0
21700,0.0
21701,0.0
21702,0.0
21703,0.0
21704,0.0
21705,0.0
21706,0.0
21707,0.0
21708,0.0
21709,0.0
21710,0.0
21711,0.0
21712,0.0
21713,0.0
21714,0.0
21715,0.0
21716,0.0
21717,0.0
21718,0.0
21719,0.0
21720,0.0
21721,0.0
21722,0.0
21723,0.0
21724,0.0
21725,0.0
21726,0.0
21727,0.0
21728,0.0
21729,0.0
21730,0.0
21731,0.0
21732,0.0
21733,0.0
21734,0.0
21735,0.0
21736,4502.7744140625
21737,0.0
21738,0.0
21739,0.0
21740,0.0
21741,0.0
21742,0.0
21743,0.0
21744,0.0
21745,0.0
21746,0.0
21747,0.0
21748,0.0
21749,0.0
21750,4886.119140625
21751,0.0
21752,0.0
21753,0.0
21754,0.0
21755,0.0
21756,0.0
21757,0.0
21758,0.0
21759,0.0
21760,0.0
21761,0.0
21762,0.0
21763,0.0
21764,0.0
21765,0.0
21766,0.0
21767,0.0
21768,0.0
21769,0.0
21770,0.0
21771,0.0
21772,0.0
21773,0.0
21774,0.0
21775,0.0
21776,0.0
21777,0.0
21778,0.0
21779,0.0
21780,0.0
21781,0.0
21782,0.0
21783,0.0
21784,0.0
21785,0.0
21786,0.0
21787,0.0
21788,0.0
21789,0.0
21790,0.0
21791,0.0
21792,0.0
21793,7294.62939453125
21794,0.0
21795,0.0
21796,0.0
21797,0.0
21798,0.0
21799,0.0
21800,0.0
21801,0.0
21802,0.0
21803,4886.119140625
21804,0.0
21805,0.0
21806,0.0
21807,5097.7490234375
21808,0.0
21809,0.0
21810,0.0
21811,0.0
21812,0.0
21813,0.0
21814,0.0
21815,0.0
21816,0.0
21817,0.0
21818,0.0
21819,0.0
21820,0.0
21821,0.0
21822,0.0
21823,0.0
21824,0.0
21825,0.0
21826,0.0
21827,0.0
21828,0.0
21829,0.0
21830,0.0
21831,0.0
21832,0.0
21833,0.0
21834,14701.44921875
21835,0.0
21836,0.0
21837,0.0
21838,0.0
21839,0.0
21840,0.0
21841,0.0
21842,0.0
21843,0.0
21844,0.0
21845,0.0
21846,0.0
21847,0.0
21848,4480.8759765625
21849,0.0
21850,0.0
21851,0.0
21852,0.0
21853,0.0
21854,0.0
21855,0.0
21856,0.0
21857,0.0
21858,0.0
21859,0.0
21860,0.0
21861,0.0
21862,0.0
21863,0.0
21864,0.0
21865,0.0
21866,0.0
21867,0.0
21868,0.0
21869,0.0
21870,0.0
21871,0.0
21872,0.0
21873,0.0
21874,0.0
21875,0.0
21876,0.0
21877,0.0
21878,0.0
21879,0.0
21880,0.0
21881,0.0
21882,0.0
21883,0.0
21884,0.0
21885,0.0
21886,0.0
21887,0.0
21888,0.0
21889,0.0
21890,0.0
21891,0.0
21892,0.0
21893,0.0
21894,0.0
21895,0.0
21896,0.0
21897,0.0
21898,0.0
21899,0.0
21900,0.0
21901,0.0
21902,0.0
21903,0.0
21904,0.0
21905,0.0
21906,0.0
21907,0.0
21908,0.0
21909,0.0
21910,0.0
21911,0.0
21912,0.0
21913,0.0
21914,0.0
21915,0.0
21916,0.0
21917,0.0
21918,0.0
21919,0.0
21920,0.0
21921,0.0
21922,0.0
21923,9061.34375
21924,0.0
21925,0.0
21926,0.0
21927,0.0
21928,0.0
21929,0.0
21930,0.0
21931,0.0
21932,0.0
21933,0.0
21934,0.0
21935,0.0
21936,0.0
21937,0.0
21938,0.0
21939,0.0
21940,0.0
21941,0.0
21942,0.0
21943,0.0
21944,0.0
21945,0.0
21946,0.0
21947,0.0
21948,0.0
21949,0.0
21950,0.0
21951,0.0
21952,0.0
21953,0.0
21954,0.0
21955,0.0
21956,0.0
21957,0.0
21958,0.0
21959,0.0
21960,0.0
21961,0.0
21962,0.0
21963,0.0
21964,0.0
21965,0.0
21966,0.0
21967,4886.119140625
21968,11745.5341796875
21969,0.0
21970,0.0
21971,0.0
21972,0.0
21973,0.0
21974,0.0
21975,0.0
21976,0.0
21977,0.0
21978,0.0
21979,0.0
21980,0.0
21981,0.0
21982,0.0
21983,0.0
21984,0.0
21985,0.0
21986,0.0
21987,0.0
21988,0.0
21989,0.0
21990,0.0
21991,0.0
21992,0.0
21993,0.0
21994,0.0
21995,0.0
21996,7294.62939453125
21997,0.0
21998,0.0
21999,0.0
22000,0.0
22001,0.0
22002,0.0
22003,0.0
22004,0.0
22005,0.0
22006,0.0
22007,0.0
22008,0.0
22009,0.0
22010,0.0
22011,0.0
22012,0.0
22013,0.0
22014,0.0
22015,0.0
22016,0.0
22017,0.0
22018,0.0
22019,0.0
22020,0.0
22021,0.0
22022,0.0
22023,0.0
22024,0.0
22025,0.0
22026,0.0
22027,0.0
22028,0.0
22029,0.0
22030,0.0
22031,0.0
22032,0.0
22033,0.0
22034,0.0
22035,0.0
22036,0.0
22037,0.0
22038,0.0
22039,0.0
22040,0.0
22041,0.0
22042,0.0
22043,0.0
22044,0.0
22045,0.0
22046,0.0
22047,0.0
22048,0.0
22049,0.0
22050,0.0
22051,0.0
22052,0.0
22053,0.0
22054,0.0
22055,0.0
22056,0.0
22057,0.0
22058,0.0
22059,0.0
22060,0.0
22061,0.0
22062,0.0
22063,0.0
22064,0.0
22065,0.0
22066,4939.625
22067,0.0
22068,0.0
22069,0.0
22070,4939.625
22071,0.0
22072,0.0
22073,0.0
22074,0.0
22075,0.0
22076,0.0
22077,0.0
22078,0.0
22079,0.0
22080,0.0
22081,0.0
22082,0.0
22083,0.0
22084,0.0
22085,0.0
22086,0.0
22087,0.0
22088,0.0
22089,0.0
22090,0.0
22091,0.0
22092,0.0
22093,0.0
22094,0.0
22095,0.0
22096,0.0
22097,0.0
22098,0.0
22099,0.0
22100,0.0
22101,0.0
22102,0.0
22103,0.0
22104,0.0
22105,0.0
22106,0.0
22107,0.0
22108,0.0
22109,0.0
22110,0.0
22111,0.0
22112,0.0
22113,0.0
22114,0.0
22115,0.0
22116,0.0
22117,0.0
22118,0.0
22119,0.0
22120,0.0
22121,4396.37109375
22122,0.0
22123,0.0
22124,0.0
22125,0.0
22126,0.0
22127,0.0
22128,0.0
22129,0.0
22130,0.0
22131,0.0
22132,0.0
22133,0.0
22134,0.0
22135,0.0
22136,9002.9306640625
22137,0.0
22138,0.0
22139,0.0
22140,0.0
22141,0.0
22142,0.0
22143,0.0
22144,0.0
22145,0.0
22146,0.0
22147,0.0
22148,0.0
22149,0.0
22150,0.0
22151,0.0
22152,0.0
22153,0.0
22154,0.0
22155,0.0
22156,0.0
22157,0.0
22158,0.0
22159,0.0
22160,0.0
22161,0.0
22162,0.0
22163,0.0
22164,0.0
22165,0.0
22166,0.0
22167,0.0
22168,0.0
22169,0.0
22170,0.0
22171,0.0
22172,0.0
22173,0.0
22174,0.0
22175,0.0
22176,0.0
22177,0.0
22178,0.0
22179,0.0
22180,0.0
22181,0.0
22182,0.0
22183,0.0
22184,0.0
22185,0.0
22186,0.0
22187,0.0
22188,0.0
22189,0.0
22190,0.0
22191,0.0
22192,0.0
22193,0.0
22194,0.0
22195,0.0
22196,0.0
22197,0.0
22198,0.0
22199,0.0
22200,4827.705078125
22201,0.0
22202,0.0
22203,0.0
22204,0.0
22205,0.0
22206,0.0
22207,0.0
22208,0.0
22209,0.0
22210,0.0
22211,0.0
22212,0.0
22213,0.0
22214,0.0
22215,0.0
22216,0.0
22217,0.0
22218,0.0
22219,0.0
22220,0.0
22221,0.0
22222,0.0
22223,0.0
22224,0.0
22225,0.0
22226,0.0
22227,0.0
22228,0.0
22229,0.0
22230,0.0
22231,0.0
22232,0.0
22233,0.0
22234,0.0
22235,0.0
22236,0.0
22237,0.0
22238,0.0
22239,0.0
22240,0.0
22241,11687.12109375
22242,4730.9404296875
22243,0.0
22244,0.0
22245,0.0
22246,0.0
22247,0.0
22248,0.0
22249,0.0
22250,0.0
22251,0.0
22252,0.0
22253,0.0
22254,0.0
22255,0.0
22256,0.0
22257,5538.35498046875
22258,4374.4580078125
22259,5940.42919921875
22260,4966.14599609375
22261,6114.40087890625
22262,4966.14599609375
22263,5647.74755859375
22264,5647.74755859375
22265,4670.64306640625
22266,4188.37353515625
22267,5945.1181640625
22268,6114.40087890625
22269,5799.9560546875
22270,4817.85205078125
22271,5076.474609375
22272,4188.37353515625
22273,6639.18115234375
22274,5799.9560546875
22275,6800.10107421875
22276,6024.1533203125
22277,6259.56298828125
22278,4980.5966796875
22279,6259.56298828125
22280,4340.58203125
22281,6857.94873046875
22282,5945.1181640625
22283,5427.1044921875
22284,5652.17431640625
22285,4943.52978515625
22286,4943.52978515625
22287,5540.923828125
22288,6510.32470703125
22289,4970.060546875
22290,5595.62451171875
22291,5716.24658203125
22292,6669.60498046875
22293,5054.03857421875
22294,5801.95654296875
22295,5595.62451171875
22296,5799.9560546875
22297,5761.56689453125
22298,5445.16455078125
22299,5724.47509765625
22300,5508.498046875
22301,6154.85888671875
22302,4966.14599609375
22303,5228.68310546875
22304,6041.98583984375
22305,4970.060546875
22306,7302.86474609375
22307,6598.7900390625
22308,5076.474609375
22309,6114.40087890625
22310,4374.4580078125
22311,4188.37353515625
22312,6557.00439453125
22313,5763.32666015625
22314,6085.59130859375
22315,5801.95654296875
22316,5540.923828125
22317,4966.14599609375
22318,5844.35986328125
22319,4589.3173828125
22320,4906.828125
22321,5214.88134765625
22322,6114.40087890625
22323,4701.48095703125
22324,4589.3173828125
22325,6012.06201171875
22326,5073.6337890625
22327,5331.46875
22328,4623.193359375
22329,5801.95654296875
22330,6211.52783203125
22331,5124.64404296875
22332,5386.75341796875
22333,5653.66015625
22334,5338.2509765625
22335,5286.369140625
22336,5214.88134765625
22337,6259.56298828125
22338,6114.40087890625
22339,5445.16455078125
22340,5945.1181640625
22341,5302.77392578125
22342,6085.59130859375
22343,5431.53125
22344,5214.88134765625
22345,6259.56298828125
22346,6114.40087890625
22347,5066.58740234375
22348,5445.16455078125
22349,5302.77392578125
22350,5218.7958984375
22351,5035.24462890625
22352,5279.32275390625
22353,4589.3173828125
22354,4921.42529296875
22355,5787.09033203125
22356,5470.10888671875
22357,5218.7958984375
22358,5356.28955078125
22359,4437.10888671875
22360,4437.10888671875
22361,5134.16064453125
22362,5124.64404296875
22363,5302.77392578125
22364,5844.35986328125
22365,5656.79443359375
22366,5338.2509765625
22367,5431.53125
22368,6259.56298828125
22369,5218.7958984375
22370,5445.16455078125
22371,5302.77392578125
22372,4623.193359375
22373,5801.95654296875
22374,5218.7958984375
22375,6114.40087890625
22376,5945.1181640625
22377,5844.35986328125
22378,5801.95654296875
22379,6114.40087890625
22380,5945.1181640625
22381,4437.10888671875
22382,4589.3173828125
22383,6570.634765625
22384,5214.88134765625
22385,5035.24462890625
22386,4437.10888671875
22387,5214.88134765625
22388,5532.224609375
22389,4589.3173828125
22390,5699.19775390625
22391,5214.88134765625
22392,6857.94873046875
22393,5844.35986328125
22394,4589.3173828125
22395,5344.72021484375
22396,5214.88134765625
22397,6259.56298828125
22398,4812.34130859375
22399,5656.79443359375
22400,4618.39794921875
22401,5844.35986328125
22402,4437.10888671875
22403,4437.10888671875
22404,5431.53125
22405,5567.14599609375
22406,5465.4072265625
22407,8054.58203125
22408,5699.19775390625
22409,5945.1181640625
22410,5302.77392578125
22411,5536.306640625
22412,6259.56298828125
22413,4589.3173828125
22414,5758.60791015625
22415,5214.88134765625
22416,5286.369140625
22417,4618.39794921875
22418,5656.79443359375
22419,5431.53125
22420,5218.7958984375
22421,5028.44140625
22422,5331.46875
22423,5699.19775390625
22424,5647.74755859375
22425,5302.77392578125
22426,5302.77392578125
22427,5801.95654296875
22428,5431.53125
22429,5567.14599609375
22430,5214.88134765625
22431,5945.1181640625
22432,6471.1904296875
22433,6259.56298828125
22434,5945.1181640625
22435,5302.77392578125
22436,5844.35986328125
22437,4589.3173828125
22438,4812.34130859375
22439,6554.92138671875
22440,6554.92138671875
22441,5218.7958984375
22442,4812.34130859375
22443,4618.39794921875
22444,6857.94873046875
22445,5699.19775390625
22446,6065.50634765625
22447,5641.27197265625
22448,5801.95654296875
22449,5218.7958984375
22450,9672.8173828125
22451,6754.8251953125
22452,6376.6611328125
22453,4502.53173828125
22454,5228.68310546875
22455,6832.748046875
22456,3764.662109375
22457,10719.978515625
22458,15631.4404296875
22459,5134.16064453125
22460,4589.3173828125
22461,5699.19775390625
22462,5214.88134765625
22463,9425.9072265625
22464,4530.04833984375
22465,6021.255859375
22466,4567.71484375
22467,4502.53173828125
22468,5945.1181640625
22469,6021.255859375
22470,5279.32275390625
22471,5465.4072265625
22472,6259.56298828125
22473,4343.9638671875
22474,4618.39794921875
22475,5121.736328125
22476,4980.48876953125
22477,4618.39794921875
22478,5844.35986328125
22479,5121.736328125
22480,5121.736328125
22481,5245.10595703125
22482,4496.17236328125
22483,5121.736328125
22484,5386.75341796875
22485,5590.32666015625
22486,6797.10302734375
22487,6021.255859375
22488,5792.90966796875
22489,4530.04833984375
22490,5121.736328125
22491,5193.22412109375
22492,4496.17236328125
22493,4343.9638671875
22494,5218.7958984375
22495,5041.015625
22496,6764.8037109375
22497,5844.35986328125
22498,4496.17236328125
22499,4511.3046875
22500,5844.35986328125
22501,5218.7958984375
22502,5263.14453125
22503,7961.43701171875
22504,5431.53125
22505,6061.7138671875
22506,5218.7958984375
22507,5121.736328125
22508,4343.9638671875
22509,5374.0048828125
22510,5041.015625
22511,6773.4248046875
22512,5945.39306640625
22513,9928.130859375
22514,8377.1923828125
22515,5303.67724609375
22516,5665.0556640625
22517,5151.46875
22518,6131.708984375
22519,6271.80810546875
22520,5337.55322265625
22521,5221.27001953125
22522,6527.6328125
22523,5452.01123046875
22524,6131.708984375
22525,5525.80615234375
22526,4736.95361328125
22527,5187.39404296875
22528,4703.07763671875
22529,5303.67724609375
22530,6956.61474609375
22531,6875.2568359375
22532,6131.708984375
22533,5525.80615234375
22534,5328.6416015625
22535,6131.708984375
22536,9463.3984375
22537,5061.8193359375
22538,5187.39404296875
22539,6131.708984375
22540,5665.0556640625
22541,6131.708984375
22542,5187.39404296875
22543,5151.46875
22544,5303.67724609375
22545,5525.80615234375
22546,7101.52978515625
22547,6131.708984375
22548,5812.9580078125
22549,5931.734375
22550,11070.990234375
22551,6371.16845703125
22552,5709.67919921875
22553,6003.439453125
22554,5886.85205078125
22555,6689.91943359375
22556,5373.45166015625
22557,5886.85205078125
22558,5857.248046875
22559,6324.9873046875
22560,5054.1806640625
22561,6119.50830078125
22562,4819.32177734375
22563,4428.61669921875
22564,5054.1806640625
22565,4877.0078125
22566,4276.408203125
22567,5029.21630859375
22568,4428.61669921875
22569,4760.724609375
22570,4877.0078125
22571,5926.24462890625
22572,6195.0966796875
22573,5880.65185546875
22574,6938.64453125
22575,5367.06494140625
22576,6195.0966796875
22577,6195.0966796875
22578,5214.8564453125
22579,4614.2568359375
22580,6452.75927734375
22581,5357.54833984375
22582,6195.0966796875
22583,5728.443359375
22584,6938.64453125
22585,6335.19580078125
22586,7189.54296875
22587,5250.78173828125
22588,5400.94091796875
22589,6195.0966796875
22590,6195.0966796875
22591,5744.2939453125
22592,5525.8603515625
22593,4766.46533203125
22594,5479.921875
22595,5250.78173828125
22596,5876.345703125
22597,5098.5732421875
22598,6335.19580078125
22599,4989.4892578125
22600,6938.64453125
22601,6195.0966796875
22602,7260.89501953125
22603,5250.78173828125
22604,4766.46533203125
22605,5728.443359375
22606,5525.8603515625
22607,6195.0966796875
22608,8135.27783203125
22609,5367.06494140625
22610,5876.345703125
22611,5805.35009765625
22612,5214.8564453125
22613,5392.029296875
22614,6195.0966796875
22615,6195.0966796875
22616,6021.125
22617,6195.0966796875
22618,9506.6025390625
22619,5250.78173828125
22620,6195.0966796875
22621,5959.46630859375
22622,6335.19580078125
22623,5098.5732421875
22624,5367.06494140625
22625,5737.490234375
22626,5589.19384765625
22627,4614.2568359375
22628,5214.8564453125
22629,6195.0966796875
22630,4878.62890625
22631,5589.19384765625
22632,4614.2568359375
22633,5728.443359375
22634,5250.78173828125
22635,6938.64453125
22636,4614.2568359375
22637,5214.8564453125
22638,5367.06494140625
22639,6938.64453125
22640,5805.35009765625
22641,6938.64453125
22642,4989.4892578125
22643,4614.2568359375
22644,5880.65185546875
22645,5728.443359375
22646,4766.46533203125
22647,6195.0966796875
22648,5392.029296875
22649,7020.00244140625
22650,5205.33984375
22651,5880.65185546875
22652,5494.095703125
22653,6021.125
22654,5880.65185546875
22655,5309.37890625
22656,5367.06494140625
22657,5284.65771484375
22658,5880.65185546875
22659,5919.216796875
22660,6588.453125
22661,7083.71533203125
22662,6588.453125
22663,6130.8466796875
22664,6588.453125
22665,7332.0009765625
22666,6588.453125
22667,5491.9296875
22668,5785.3857421875
22669,5760.42138671875
22670,5271.9853515625
22671,5873.2783203125
22672,5271.9853515625
22673,5608.212890625
22674,7332.0009765625
22675,5159.82177734375
22676,6357.5947265625
22677,5760.42138671875
22678,6274.00830078125
22679,6588.453125
22680,5891.4677734375
22681,6625.19970703125
22682,5891.4677734375
22683,4462.83642578125
22684,4947.15283203125
22685,6635.015625
22686,4794.9443359375
22687,6031.56689453125
22688,5088.400390625
22689,5115.1103515625
22690,14763.5830078125
22691,4575.0
22692,5063.43603515625
22693,7831.64892578125
22694,4462.83642578125
22695,4794.9443359375
22696,5063.43603515625
22697,6321.25830078125
22698,5084.6357421875
22699,5866.71435546875
22700,4600.3193359375
22701,5862.408203125
22702,4600.3193359375
22703,5423.0478515625
22704,5862.408203125
22705,5688.4365234375
22706,8121.34033203125
22707,5378.091796875
22708,6321.25830078125
22709,5084.6357421875
22710,6924.70703125
22711,8121.34033203125
22712,6350.3564453125
22713,5723.552734375
22714,5311.779296875
22715,5353.12744140625
22716,5575.25634765625
22717,5378.091796875
22718,5511.9228515625
22719,5791.41259765625
22720,5084.6357421875
22721,6392.78662109375
22722,5236.84423828125
22723,4752.52783203125
22724,4975.5517578125
22725,5862.408203125
22726,5236.84423828125
22727,5730.3564453125
22728,4752.52783203125
22729,5866.71435546875
22730,5950.30078125
22731,5866.71435546875
22732,6181.1591796875
22733,4600.3193359375
22734,5353.12744140625
22735,5058.3984375
22736,5511.9228515625
22737,4752.52783203125
22738,6181.1591796875
22739,4600.3193359375
22740,6181.1591796875
22741,6181.1591796875
22742,5084.6357421875
22743,5575.25634765625
22744,5378.091796875
22745,5236.84423828125
22746,5084.6357421875
22747,5866.71435546875
22748,5862.408203125
22749,5378.091796875
22750,6181.1591796875
22751,5200.9189453125
22752,5143.23291015625
22753,5791.41259765625
22754,5236.84423828125
22755,6247.49951171875
22756,5730.3564453125
22757,6181.1591796875
22758,4600.3193359375
22759,6321.25830078125
22760,5866.71435546875
22761,5200.9189453125
22762,4968.76953125
22763,6454.330078125
22764,5714.505859375
22765,5950.30078125
22766,4600.3193359375
22767,6181.1591796875
22768,5950.30078125
22769,6181.1591796875
22770,5739.0986328125
22771,5295.44140625
22772,6181.1591796875
22773,5270.72021484375
22774,4600.3193359375
22775,5714.505859375
22776,5387.00341796875
22777,4752.52783203125
22778,4600.3193359375
22779,6697.1103515625
22780,5084.6357421875
22781,5236.84423828125
22782,5784.63037109375
22783,5200.9189453125
22784,5423.0478515625
22785,4864.69140625
22786,6181.1591796875
22787,5404.8017578125
22788,5950.927734375
22789,5866.71435546875
22790,5945.52880859375
22791,5084.6357421875
22792,5200.9189453125
22793,4864.69140625
22794,7369.623046875
22795,5236.84423828125
22796,5791.41259765625
22797,5200.9189453125
22798,5084.6357421875
22799,4752.52783203125
22800,5950.927734375
22801,4752.52783203125
22802,5236.84423828125
22803,6181.1591796875
22804,5084.6357421875
22805,5270.72021484375
22806,4752.52783203125
22807,6733.37060546875
22808,5353.12744140625
22809,5236.84423828125
22810,6350.3564453125
22811,5465.984375
22812,5295.44140625
22813,5387.00341796875
22814,5575.25634765625
22815,8021.4638671875
22816,5353.12744140625
22817,6181.1591796875
22818,5723.552734375
22819,5378.091796875
22820,4994.986328125
22821,6181.1591796875
22822,4786.40380859375
22823,5511.9228515625
22824,11470.908203125
22825,5791.41259765625
22826,5143.23291015625
22827,5476.9853515625
22828,6181.1591796875
22829,5866.71435546875
22830,5862.408203125
22831,6181.1591796875
22832,6181.1591796875
22833,4600.3193359375
22834,5866.71435546875
22835,5236.84423828125
22836,4752.52783203125
22837,5236.84423828125
22838,5730.3564453125
22839,4600.3193359375
22840,5714.505859375
22841,10211.1376953125
22842,6181.1591796875
22843,5723.552734375
22844,5476.9853515625
22845,5200.9189453125
22846,5511.9228515625
22847,5175.37353515625
22848,6676.42138671875
22849,6181.1591796875
22850,6181.1591796875
22851,6181.1591796875
22852,7020.00244140625
22853,7751.009765625
22854,5204.1201171875
22855,6623.7626953125
22856,6321.25830078125
22857,6924.70703125
22858,5866.71435546875
22859,5084.6357421875
22860,5353.12744140625
22861,4975.5517578125
22862,5295.44140625
22863,4864.69140625
22864,5200.9189453125
22865,6181.1591796875
22866,6181.1591796875
22867,5378.091796875
22868,5270.72021484375
22869,5862.408203125
22870,5084.6357421875
22871,6181.1591796875
22872,4600.3193359375
22873,6181.1591796875
22874,5862.408203125
22875,4305.55810546875
22876,5714.505859375
22877,5084.6357421875
22878,5200.9189453125
22879,5554.35498046875
22880,5784.63037109375
22881,5378.091796875
22882,5378.091796875
22883,6181.1591796875
22884,6175.2724609375
22885,5465.984375
22886,4864.69140625
22887,6924.70703125
22888,5084.6357421875
22889,6924.70703125
22890,5200.9189453125
22891,5825.3662109375
22892,5723.552734375
22893,4920.4853515625
22894,4975.5517578125
22895,6181.1591796875
22896,5944.1455078125
22897,5730.3564453125
22898,5236.84423828125
22899,5808.30029296875
22900,4694.11376953125
22901,5665.138671875
22902,5407.5703125
22903,6866.29296875
22904,4541.9052734375
22905,5178.43017578125
22906,5808.30029296875
22907,6448.22998046875
22908,5766.9521484375
22909,6122.7451171875
22910,5026.2216796875
22911,5142.5048828125
22912,5026.2216796875
22913,4862.0712890625
22914,4694.11376953125
22915,5319.677734375
22916,5178.43017578125
22917,4694.11376953125
22918,5630.0224609375
22919,6122.7451171875
22920,5142.5048828125
22921,5808.30029296875
22922,5948.7734375
22923,4541.9052734375
22924,6122.7451171875
22925,5178.43017578125
22926,5948.7734375
22927,5142.5048828125
22928,6122.7451171875
22929,5294.71337890625
22930,5319.677734375
22931,5178.43017578125
22932,5453.5087890625
22933,3730.59716796875
22934,6122.7451171875
22935,5732.99853515625
22936,5101.548828125
22937,5319.677734375
22938,6122.7451171875
22939,5671.9423828125
22940,6122.7451171875
22941,5212.30615234375
22942,5178.43017578125
22943,4694.11376953125
22944,5649.6162109375
22945,5732.99853515625
22946,6262.84423828125
22947,6122.7451171875
22948,8062.92626953125
22949,5294.71337890625
22950,4694.11376953125
22951,6122.7451171875
22952,4917.1376953125
22953,6122.7451171875
22954,5656.091796875
22955,5892.513671875
22956,5892.513671875
22957,8062.92626953125
22958,4541.9052734375
22959,5656.091796875
22960,5665.138671875
22961,6122.7451171875
22962,6262.84423828125
22963,5285.19677734375
22964,5142.5048828125
22965,5892.513671875
22966,5319.677734375
22967,4694.11376953125
22968,4806.27734375
22969,5803.994140625
22970,4694.11376953125
22971,5026.2216796875
22972,5808.30029296875
22973,5671.9423828125
22974,5142.5048828125
22975,6122.7451171875
22976,6514.79931640625
22977,5656.091796875
22978,4727.98974609375
22979,5808.30029296875
22980,5948.7734375
22981,5671.9423828125
22982,5178.43017578125
22983,5319.677734375
22984,5891.88671875
22985,4541.9052734375
22986,5808.30029296875
22987,5665.138671875
22988,5891.88671875
22989,6122.7451171875
22990,4541.9052734375
22991,4806.27734375
22992,6638.6962890625
22993,5319.677734375
22994,5656.091796875
22995,6122.7451171875
22996,4917.1376953125
22997,5142.5048828125
22998,4541.9052734375
22999,5178.43017578125
23000,6122.7451171875
23001,6256.06201171875
23002,5732.99853515625
23003,7692.595703125
23004,5671.9423828125
23005,5294.71337890625
23006,5142.5048828125
23007,4541.9052734375
23008,6000.484375
23009,5732.99853515625
23010,5808.30029296875
23011,5319.677734375
23012,4806.27734375
23013,5319.677734375
23014,7017.314453125
23015,5026.2216796875
23016,5084.81884765625
23017,4806.27734375
23018,4457.0615234375
23019,4541.9052734375
23020,5407.5703125
23021,5319.677734375
23022,4541.9052734375
23023,5808.30029296875
23024,4806.27734375
23025,5142.5048828125
23026,5732.99853515625
23027,5656.091796875
23028,5319.677734375
23029,6122.7451171875
23030,5181.8193359375
23031,5732.99853515625
23032,5808.30029296875
23033,5656.091796875
23034,5808.30029296875
23035,4806.27734375
23036,6674.95654296875
23037,5808.30029296875
23038,5084.81884765625
23039,5808.30029296875
23040,7134.36376953125
23041,6866.29296875
23042,6122.7451171875
23043,5671.9423828125
23044,5026.2216796875
23045,7188.54345703125
23046,5732.99853515625
23047,5891.88671875
23048,5294.71337890625
23049,7378.63037109375
23050,5346.3876953125
23051,6782.76123046875
23052,4694.11376953125
23053,5026.2216796875
23054,4694.11376953125
23055,5726.21630859375
23056,5453.5087890625
23057,4694.11376953125
23058,5142.5048828125
23059,4917.1376953125
23060,5566.4423828125
23061,5726.21630859375
23062,5294.71337890625
23063,5407.5703125
23064,5052.85546875
23065,5294.71337890625
23066,6122.7451171875
23067,6504.24755859375
23068,5803.994140625
23069,5294.71337890625
23070,6122.7451171875
23071,5726.21630859375
23072,6122.7451171875
23073,7311.208984375
23074,4541.9052734375
23075,5319.677734375
23076,6122.7451171875
23077,5294.71337890625
23078,7084.482421875
23079,4806.27734375
23080,5808.30029296875
23081,5142.5048828125
23082,5938.3466796875
23083,4694.11376953125
23084,5656.091796875
23085,4727.98974609375
23086,4694.11376953125
23087,5294.71337890625
23088,5732.99853515625
23089,5732.99853515625
23090,6630.65869140625
23091,4694.11376953125
23092,5803.994140625
23093,6630.65869140625
23094,4917.1376953125
23095,5178.43017578125
23096,5142.5048828125
23097,11412.4951171875
23098,5990.66064453125
23099,4806.27734375
23100,6630.65869140625
23101,4806.27734375
23102,5142.5048828125
23103,5726.21630859375
23104,5094.0595703125
23105,5294.71337890625
23106,4541.9052734375
23107,5178.43017578125
23108,4541.9052734375
23109,7785.27783203125
23110,7342.67431640625
23111,8086.22216796875
23112,6228.85791015625
23113,6978.4404296875
23114,6730.23828125
23115,7923.900390625
23116,7015.74755859375
23117,7640.265625
23118,6708.4111328125
23119,7390.14208984375
23120,7390.14208984375
23121,6535.37890625
23122,6417.197265625
23123,7535.30419921875
23124,7640.265625
23125,7390.14208984375
23126,6562.359375
23127,6843.591796875
23128,6417.197265625
23129,8204.4658203125
23130,7390.14208984375
23131,8026.359375
23132,8256.32421875
23133,7785.427734375
23134,7212.76708984375
23135,7785.427734375
23136,6147.16796875
23137,7941.2099609375
23138,7535.30419921875
23139,7194.2216796875
23140,7092.259765625
23141,7127.35595703125
23142,7127.35595703125
23143,7283.318359375
23144,8116.47998046875
23145,6599.66650390625
23146,7160.90966796875
23147,7460.75390625
23148,8374.90625
23149,6978.4404296875
23150,7785.427734375
23151,7160.90966796875
23152,7390.14208984375
23153,7528.68408203125
23154,7428.6357421875
23155,7314.6611328125
23156,7098.68408203125
23157,7761.01416015625
23158,6978.4404296875
23159,6818.869140625
23160,7874.02978515625
23161,6599.66650390625
23162,8172.298828125
23163,8304.0908203125
23164,6818.869140625
23165,7640.265625
23166,6730.23828125
23167,6417.197265625
23168,7640.265625
23169,7209.529296875
23170,8069.0625
23171,7785.427734375
23172,7283.318359375
23173,6708.4111328125
23174,7409.64501953125
23175,6665.9326171875
23176,7262.6083984375
23177,7227.17578125
23178,7640.265625
23179,6690.6552734375
23180,6665.9326171875
23181,7458.2646484375
23182,6665.9326171875
23183,7295.3505859375
23184,6978.9736328125
23185,7785.427734375
23186,8795.720703125
23187,6867.03857421875
23188,7409.64501953125
23189,7243.84619140625
23190,7832.53466796875
23191,6876.55517578125
23192,7227.17578125
23193,7785.427734375
23194,7640.265625
23195,7428.6357421875
23196,7535.30419921875
23197,7227.17578125
23198,8069.0625
23199,7021.71728515625
23200,6957.146484375
23201,7785.427734375
23202,7640.265625
23203,6811.0947265625
23204,7428.6357421875
23205,7227.17578125
23206,6541.0654296875
23207,6779.751953125
23208,7021.71728515625
23209,6665.9326171875
23210,6665.9326171875
23211,7227.17578125
23212,7212.50341796875
23213,6848.40185546875
23214,7098.68408203125
23215,6665.9326171875
23216,6665.9326171875
23217,6876.55517578125
23218,6867.03857421875
23219,7227.17578125
23220,7102.30859375
23221,7640.265625
23222,7522.0771484375
23223,7021.71728515625
23224,7785.427734375
23225,6811.0947265625
23226,7428.6357421875
23227,7227.17578125
23228,6978.9736328125
23229,7785.427734375
23230,6541.0654296875
23231,7640.265625
23232,7535.30419921875
23233,7409.64501953125
23234,7785.427734375
23235,7640.265625
23236,7535.30419921875
23237,6665.9326171875
23238,6395.9033203125
23239,8275.9365234375
23240,7264.48291015625
23241,6779.751953125
23242,6665.9326171875
23243,7227.17578125
23244,8026.50830078125
23245,6703.23974609375
23246,7264.48291015625
23247,7264.48291015625
23248,7965.9326171875
23249,7409.64501953125
23250,6703.23974609375
23251,7087.11474609375
23252,7264.48291015625
23253,7785.427734375
23254,6897.021484375
23255,7640.265625
23256,6656.353515625
23257,7409.64501953125
23258,6665.9326171875
23259,6665.9326171875
23260,7021.71728515625
23261,7251.8984375
23262,7297.451171875
23263,9563.8994140625
23264,7264.48291015625
23265,7535.30419921875
23266,7227.17578125
23267,7407.7705078125
23268,7785.427734375
23269,6703.23974609375
23270,7621.23095703125
23271,7264.48291015625
23272,6876.55517578125
23273,6362.9052734375
23274,7640.265625
23275,7021.71728515625
23276,6848.40185546875
23277,7302.78076171875
23278,7295.3505859375
23279,6957.146484375
23280,7047.248046875
23281,7227.17578125
23282,7227.17578125
23283,7785.427734375
23284,7021.71728515625
23285,7251.8984375
23286,7227.17578125
23287,7535.30419921875
23288,9055.3837890625
23289,7785.427734375
23290,7535.30419921875
23291,7227.17578125
23292,7409.64501953125
23293,6703.23974609375
23294,6897.021484375
23295,7295.28857421875
23296,7931.630859375
23297,6848.40185546875
23298,6897.021484375
23299,6656.353515625
23300,7941.2099609375
23301,7264.48291015625
23302,7508.6953125
23303,7247.42724609375
23304,7785.427734375
23305,6541.0654296875
23306,10955.244140625
23307,9339.0185546875
23308,8081.96337890625
23309,6367.267578125
23310,6818.869140625
23311,8275.9365234375
23312,6120.4423828125
23313,11707.8115234375
23314,12380.875
23315,6876.55517578125
23316,6703.23974609375
23317,7227.17578125
23318,7264.48291015625
23319,10935.2255859375
23320,6885.82861328125
23321,7547.12060546875
23322,7061.107421875
23323,6367.267578125
23324,7535.30419921875
23325,7547.12060546875
23326,7021.71728515625
23327,7297.451171875
23328,7785.427734375
23329,6572.78759765625
23330,6362.9052734375
23331,7134.03076171875
23332,6572.78759765625
23333,6656.353515625
23334,7409.64501953125
23335,7171.337890625
23336,6864.00146484375
23337,7428.93212890625
23338,6610.0947265625
23339,7134.03076171875
23340,7409.64501953125
23341,7573.7978515625
23342,8502.404296875
23343,7547.12060546875
23344,7535.30419921875
23345,6885.82861328125
23346,7134.03076171875
23347,6783.41015625
23348,6610.0947265625
23349,6572.78759765625
23350,6848.40185546875
23351,6783.41015625
23352,7505.1708984375
23353,7409.64501953125
23354,6302.75830078125
23355,6494.77587890625
23356,7409.64501953125
23357,6541.0654296875
23358,7030.26171875
23359,9470.75390625
23360,7021.71728515625
23361,7667.869140625
23362,6848.40185546875
23363,6864.00146484375
23364,6572.78759765625
23365,7236.6279296875
23366,6440.51611328125
23367,8299.2900390625
23368,7535.5791015625
23369,14498.61328125
23370,10050.28515625
23371,6893.86328125
23372,7407.4501953125
23373,6893.86328125
23374,7657.57373046875
23375,7944.9013671875
23376,7169.59716796875
23377,7092.73388671875
23378,8133.7880859375
23379,7946.294921875
23380,7657.57373046875
23381,7115.9921875
23382,7092.73388671875
23383,6817.0
23384,6817.0
23385,6893.86328125
23386,8251.4462890625
23387,7958.51806640625
23388,7657.57373046875
23389,7115.9921875
23390,7340.93603515625
23391,7657.57373046875
23392,10745.8251953125
23393,6893.86328125
23394,6779.69287109375
23395,7657.57373046875
23396,7407.4501953125
23397,7657.57373046875
23398,6817.0
23399,6893.86328125
23400,6893.86328125
23401,7115.9921875
23402,8806.8310546875
23403,7657.57373046875
23404,7378.2431640625
23405,8160.5576171875
23406,12353.4169921875
23407,7936.45361328125
23408,7452.07373046875
23409,7967.3212890625
23410,7899.146484375
23411,8215.7841796875
23412,7362.6259765625
23413,7899.146484375
23414,7383.11279296875
23415,7890.2724609375
23416,6796.44580078125
23417,7824.810546875
23418,6561.71630859375
23419,6542.5390625
23420,7103.7822265625
23421,6619.40234375
23422,6505.23193359375
23423,6619.40234375
23424,6542.5390625
23425,6505.23193359375
23426,6912.8505859375
23427,7938.470703125
23428,7720.96142578125
23429,7470.837890625
23430,8315.353515625
23431,6957.2509765625
23432,7720.96142578125
23433,7720.96142578125
23434,7250.69921875
23435,6843.08056640625
23436,8158.0615234375
23437,6947.734375
23438,7720.96142578125
23439,7470.837890625
23440,8021.90576171875
23441,8008.2890625
23442,8632.7314453125
23443,6573.05126953125
23444,7232.98486328125
23445,7720.96142578125
23446,7720.96142578125
23447,7697.77197265625
23448,7509.33154296875
23449,6880.3876953125
23450,7404.32373046875
23451,6880.3876953125
23452,7404.32373046875
23453,6867.80322265625
23454,8008.2890625
23455,7074.16943359375
23456,8021.90576171875
23457,7720.96142578125
23458,8676.2451171875
23459,6880.3876953125
23460,6843.08056640625
23461,7470.837890625
23462,7509.33154296875
23463,7720.96142578125
23464,9644.5947265625
23465,6957.2509765625
23466,7134.29443359375
23467,7699.22509765625
23468,6957.2509765625
23469,7441.630859375
23470,7720.96142578125
23471,7720.96142578125
23472,8004.59619140625
23473,7720.96142578125
23474,11015.9208984375
23475,6880.3876953125
23476,7720.96142578125
23477,7943.0166015625
23478,8318.744140625
23479,7136.52880859375
23480,6957.2509765625
23481,7720.96142578125
23482,7179.3798828125
23483,6843.08056640625
23484,6957.2509765625
23485,7720.96142578125
23486,6500.1865234375
23487,7179.3798828125
23488,6843.08056640625
23489,7470.837890625
23490,6880.3876953125
23491,8021.90576171875
23492,6843.08056640625
23493,6981.9736328125
23494,6957.2509765625
23495,8021.90576171875
23496,7699.22509765625
23497,8315.353515625
23498,7074.16943359375
23499,6843.08056640625
23500,7470.837890625
23501,7470.837890625
23502,6880.3876953125
23503,7720.96142578125
23504,7404.32373046875
23505,7971.94091796875
23506,6947.734375
23507,7470.837890625
23508,7984.36083984375
23509,8004.59619140625
23510,7470.837890625
23511,6899.56494140625
23512,6957.2509765625
23513,7156.12158203125
23514,7470.837890625
23515,7902.68798828125
23516,8114.31787109375
23517,9667.9091796875
23518,8114.31787109375
23519,8114.31787109375
23520,8114.31787109375
23521,8415.26171875
23522,8114.31787109375
23523,7236.43701171875
23524,7527.65087890625
23525,7350.607421875
23526,6893.54296875
23527,7797.68017578125
23528,7529.88525390625
23529,7644.0556640625
23530,8072.36865234375
23531,7273.744140625
23532,7797.68017578125
23533,7350.607421875
23534,7864.1943359375
23535,8114.31787109375
23536,7417.33251953125
23537,7203.13427734375
23538,7417.33251953125
23539,6576.7587890625
23540,6269.42236328125
23541,7718.27685546875
23542,6539.45166015625
23543,6773.27587890625
23544,6830.66552734375
23545,7138.001953125
23546,15384.638671875
23547,6196.5576171875
23548,6653.6220703125
23549,8409.58203125
23550,6269.42236328125
23551,6539.45166015625
23552,6653.6220703125
23553,7062.96728515625
23554,6829.14306640625
23555,7456.900390625
23556,6829.14306640625
23557,7427.693359375
23558,6829.14306640625
23559,7165.4423828125
23560,7427.693359375
23561,7711.328125
23562,9548.6962890625
23563,7427.693359375
23564,8222.845703125
23565,6829.14306640625
23566,8032.69091796875
23567,9548.6962890625
23568,7874.54931640625
23569,7707.02392578125
23570,7092.43994140625
23571,6943.3134765625
23572,7165.4423828125
23573,7390.38623046875
23574,7495.39404296875
23575,7913.78271484375
23576,6853.86572265625
23577,8976.98046875
23578,6866.4501953125
23579,6829.14306640625
23580,6978.26953125
23581,7427.693359375
23582,6866.4501953125
23583,7047.4921875
23584,6866.4501953125
23585,7456.900390625
23586,7683.83447265625
23587,7456.900390625
23588,7707.02392578125
23589,6829.14306640625
23590,6943.3134765625
23591,6853.70751953125
23592,7495.39404296875
23593,6866.4501953125
23594,7707.02392578125
23595,6829.14306640625
23596,7707.02392578125
23597,7707.02392578125
23598,6853.86572265625
23599,7165.4423828125
23600,7120.35693359375
23601,6866.4501953125
23602,7122.59130859375
23603,7456.900390625
23604,7427.693359375
23605,7427.693359375
23606,7707.02392578125
23607,6600.41943359375
23608,6910.35009765625
23609,7603.3251953125
23610,6866.4501953125
23611,8107.75634765625
23612,7047.4921875
23613,7707.02392578125
23614,6829.14306640625
23615,7912.38916015625
23616,7456.900390625
23617,6943.3134765625
23618,6751.54296875
23619,7525.60546875
23620,7481.623046875
23621,7390.38623046875
23622,6829.14306640625
23623,7707.02392578125
23624,7390.38623046875
23625,7707.02392578125
23626,7599.35546875
23627,6885.62744140625
23628,7707.02392578125
23629,7142.18408203125
23630,6829.14306640625
23631,7456.900390625
23632,7219.04736328125
23633,6829.14306640625
23634,6829.14306640625
23635,8560.35546875
23636,6829.14306640625
23637,6559.11376953125
23638,7376.5986328125
23639,6600.41943359375
23640,6822.54833984375
23641,6486.2490234375
23642,7707.02392578125
23643,7427.693359375
23644,7852.51611328125
23645,7456.900390625
23646,7847.11669921875
23647,6853.86572265625
23648,6968.0361328125
23649,6853.86572265625
23650,8157.0947265625
23651,6866.4501953125
23652,7603.3251953125
23653,7236.76171875
23654,6829.14306640625
23655,6866.4501953125
23656,7852.51611328125
23657,6866.4501953125
23658,6866.4501953125
23659,7707.02392578125
23660,6829.14306640625
23661,7142.18408203125
23662,6866.4501953125
23663,8066.75927734375
23664,6943.3134765625
23665,6559.11376953125
23666,7874.54931640625
23667,7390.38623046875
23668,6885.62744140625
23669,7219.04736328125
23670,7165.4423828125
23671,9923.052734375
23672,6943.3134765625
23673,7707.02392578125
23674,7707.02392578125
23675,7390.38623046875
23676,6866.4501953125
23677,7707.02392578125
23678,7142.18408203125
23679,7495.39404296875
23680,10996.87109375
23681,7603.3251953125
23682,6885.62744140625
23683,7599.35546875
23684,7707.02392578125
23685,7456.900390625
23686,7427.693359375
23687,7707.02392578125
23688,7707.02392578125
23689,6829.14306640625
23690,7456.900390625
23691,6829.14306640625
23692,6559.11376953125
23693,6866.4501953125
23694,7047.4921875
23695,6829.14306640625
23696,7481.623046875
23697,11282.4130859375
23698,7707.02392578125
23699,7707.02392578125
23700,7599.35546875
23701,6943.3134765625
23702,7495.39404296875
23703,7007.41748046875
23704,9260.615234375
23705,7707.02392578125
23706,7707.02392578125
23707,7707.02392578125
23708,8608.2822265625
23709,9178.3662109375
23710,7711.328125
23711,7707.02392578125
23712,7912.38916015625
23713,7665.07421875
23714,7456.900390625
23715,6486.2490234375
23716,6943.3134765625
23717,6978.26953125
23718,6885.62744140625
23719,6853.86572265625
23720,6943.3134765625
23721,7707.02392578125
23722,7707.02392578125
23723,7427.693359375
23724,7142.18408203125
23725,7390.38623046875
23726,6853.86572265625
23727,7707.02392578125
23728,6829.14306640625
23729,7707.02392578125
23730,7390.38623046875
23731,6328.44970703125
23732,7456.900390625
23733,6829.14306640625
23734,6943.3134765625
23735,7425.81884765625
23736,7376.5986328125
23737,7427.693359375
23738,7427.693359375
23739,7707.02392578125
23740,7539.5126953125
23741,7390.38623046875
23742,6486.2490234375
23743,8032.69091796875
23744,6853.86572265625
23745,8301.416015625
23746,6943.3134765625
23747,7606.02685546875
23748,7707.02392578125
23749,7427.693359375
23750,6978.26953125
23751,7707.02392578125
23752,7625.7890625
23753,7683.83447265625
23754,6866.4501953125
23755,7398.486328125
23756,6770.72900390625
23757,7648.60986328125
23758,7331.97216796875
23759,7949.55419921875
23760,6770.72900390625
23761,6808.0361328125
23762,7398.486328125
23763,7781.61865234375
23764,7547.61279296875
23765,7648.60986328125
23766,6770.72900390625
23767,6884.8994140625
23768,6770.72900390625
23769,7369.279296875
23770,6500.69970703125
23771,7061.94287109375
23772,6808.0361328125
23773,6500.69970703125
23774,7652.9140625
23775,7648.60986328125
23776,7178.34765625
23777,7398.486328125
23778,7932.24462890625
23779,6770.72900390625
23780,7648.60986328125
23781,6808.0361328125
23782,7932.24462890625
23783,6884.8994140625
23784,7648.60986328125
23785,6884.8994140625
23786,7061.94287109375
23787,6808.0361328125
23788,7436.97998046875
23789,5602.06005859375
23790,7648.60986328125
23791,7544.9111328125
23792,6896.85693359375
23793,7061.94287109375
23794,7648.60986328125
23795,7356.69482421875
23796,7648.60986328125
23797,7083.77001953125
23798,6808.0361328125
23799,6808.0361328125
23800,7173.80908203125
23801,7855.36865234375
23802,7853.97509765625
23803,7648.60986328125
23804,9490.283203125
23805,6884.8994140625
23806,6808.0361328125
23807,7648.60986328125
23808,6919.85546875
23809,7648.60986328125
23810,7423.208984375
23811,7794.10205078125
23812,7794.10205078125
23813,9490.283203125
23814,6770.72900390625
23815,7398.486328125
23816,7648.60986328125
23817,7648.60986328125
23818,7853.97509765625
23819,6875.3828125
23820,6542.00537109375
23821,7794.10205078125
23822,7369.279296875
23823,6770.72900390625
23824,7064.17724609375
23825,7331.97216796875
23826,6808.0361328125
23827,6795.45166015625
23828,7398.486328125
23829,7356.69482421875
23830,6884.8994140625
23831,7648.60986328125
23832,8416.3876953125
23833,7398.486328125
23834,7083.77001953125
23835,7398.486328125
23836,7932.24462890625
23837,7356.69482421875
23838,6770.72900390625
23839,7331.97216796875
23840,7331.97216796875
23841,6770.72900390625
23842,7398.486328125
23843,7648.60986328125
23844,7331.97216796875
23845,7648.60986328125
23846,6770.72900390625
23847,6795.45166015625
23848,8501.9423828125
23849,7369.279296875
23850,7691.9345703125
23851,7648.60986328125
23852,6919.85546875
23853,6884.8994140625
23854,6770.72900390625
23855,6808.0361328125
23856,7648.60986328125
23857,7627.24853515625
23858,7544.9111328125
23859,9119.953125
23860,7625.42041015625
23861,6884.8994140625
23862,6542.00537109375
23863,6770.72900390625
23864,7524.67724609375
23865,7855.36865234375
23866,7398.486328125
23867,7369.279296875
23868,6795.45166015625
23869,7369.279296875
23870,8877.572265625
23871,6795.45166015625
23872,6851.93603515625
23873,6427.8349609375
23874,5667.86572265625
23875,6770.72900390625
23876,7331.97216796875
23877,7331.97216796875
23878,6770.72900390625
23879,7398.486328125
23880,7064.17724609375
23881,6884.8994140625
23882,7544.9111328125
23883,7398.486328125
23884,7369.279296875
23885,7648.60986328125
23886,6609.1748046875
23887,7544.9111328125
23888,7398.486328125
23889,7423.208984375
23890,7398.486328125
23891,6427.8349609375
23892,8008.34521484375
23893,7398.486328125
23894,6851.93603515625
23895,7398.486328125
23896,9035.953125
23897,7949.55419921875
23898,7648.60986328125
23899,7625.42041015625
23900,6795.45166015625
23901,8521.93359375
23902,7855.36865234375
23903,6989.078125
23904,6884.8994140625
23905,8805.9873046875
23906,7827.32421875
23907,7854.0361328125
23908,7266.0810546875
23909,6770.72900390625
23910,6500.69970703125
23911,7318.1845703125
23912,7436.97998046875
23913,6500.69970703125
23914,6884.8994140625
23915,6919.85546875
23916,7398.486328125
23917,7318.1845703125
23918,6884.8994140625
23919,7331.97216796875
23920,6884.8994140625
23921,6884.8994140625
23922,7648.60986328125
23923,7837.6357421875
23924,7061.94287109375
23925,6884.8994140625
23926,7648.60986328125
23927,7318.1845703125
23928,7648.60986328125
23929,8098.6806640625
23930,6770.72900390625
23931,7061.94287109375
23932,7648.60986328125
23933,6884.8994140625
23934,7871.9541015625
23935,7064.17724609375
23936,7398.486328125
23937,6884.8994140625
23938,7009.62158203125
23939,6500.69970703125
23940,7055.59228515625
23941,7541.81494140625
23942,6770.72900390625
23943,6884.8994140625
23944,7544.9111328125
23945,7544.9111328125
23946,8156.5244140625
23947,7266.0810546875
23948,7827.32421875
23949,8156.5244140625
23950,6919.85546875
23951,6770.72900390625
23952,6884.8994140625
23953,10938.4580078125
23954,7324.048828125
23955,6795.45166015625
23956,8156.5244140625
23957,7064.17724609375
23958,6884.8994140625
23959,7318.1845703125
23960,6618.25244140625
23961,6884.8994140625
23962,6770.72900390625
23963,6500.69970703125
23964,6770.72900390625
23965,8868.5400390625
23966,8868.5400390625
23967,9462.9326171875
23968,7819.0439453125
23969,6978.4404296875
23970,6730.23828125
23971,7923.900390625
23972,7015.74755859375
23973,7640.265625
23974,6708.4111328125
23975,7390.14208984375
23976,7390.14208984375
23977,6535.37890625
23978,6417.197265625
23979,7535.30419921875
23980,7640.265625
23981,7390.14208984375
23982,6562.359375
23983,6843.591796875
23984,6417.197265625
23985,8204.4658203125
23986,7390.14208984375
23987,8026.359375
23988,8256.32421875
23989,7785.427734375
23990,7212.76708984375
23991,7785.427734375
23992,6147.16796875
23993,7941.2099609375
23994,7535.30419921875
23995,7194.2216796875
23996,7092.259765625
23997,7127.35595703125
23998,7127.35595703125
23999,7283.318359375
24000,8116.47998046875
24001,6599.66650390625
24002,7160.90966796875
24003,7460.75390625
24004,8374.90625
24005,6978.4404296875
24006,7785.427734375
24007,7160.90966796875
24008,7390.14208984375
24009,7528.68408203125
24010,7428.6357421875
24011,7314.6611328125
24012,7098.68408203125
24013,7761.01416015625
24014,6978.4404296875
24015,6818.869140625
24016,7874.02978515625
24017,6599.66650390625
24018,8172.298828125
24019,8304.0908203125
24020,6818.869140625
24021,7640.265625
24022,6730.23828125
24023,6417.197265625
24024,7640.265625
24025,7209.529296875
24026,8069.0625
24027,7785.427734375
24028,7283.318359375
24029,6708.4111328125
24030,7409.64501953125
24031,6665.9326171875
24032,7262.6083984375
24033,7227.17578125
24034,7640.265625
24035,6690.6552734375
24036,6665.9326171875
24037,7458.2646484375
24038,6665.9326171875
24039,7295.3505859375
24040,6978.9736328125
24041,7785.427734375
24042,8795.720703125
24043,6867.03857421875
24044,7409.64501953125
24045,7243.84619140625
24046,7832.53466796875
24047,6876.55517578125
24048,7227.17578125
24049,7785.427734375
24050,7640.265625
24051,7428.6357421875
24052,7535.30419921875
24053,7227.17578125
24054,8069.0625
24055,7021.71728515625
24056,6957.146484375
24057,7785.427734375
24058,7640.265625
24059,6811.0947265625
24060,7428.6357421875
24061,7227.17578125
24062,6541.0654296875
24063,6779.751953125
24064,7021.71728515625
24065,6665.9326171875
24066,6665.9326171875
24067,7227.17578125
24068,7212.50341796875
24069,6848.40185546875
24070,7098.68408203125
24071,6665.9326171875
24072,6665.9326171875
24073,6876.55517578125
24074,6867.03857421875
24075,7227.17578125
24076,7102.30859375
24077,7640.265625
24078,7522.0771484375
24079,7021.71728515625
24080,7785.427734375
24081,6811.0947265625
24082,7428.6357421875
24083,7227.17578125
24084,6978.9736328125
24085,7785.427734375
24086,6541.0654296875
24087,7640.265625
24088,7535.30419921875
24089,7409.64501953125
24090,7785.427734375
24091,7640.265625
24092,7535.30419921875
24093,6665.9326171875
24094,6395.9033203125
24095,8275.9365234375
24096,7264.48291015625
24097,6779.751953125
24098,6665.9326171875
24099,7227.17578125
24100,8026.50830078125
24101,6703.23974609375
24102,7264.48291015625
24103,7264.48291015625
24104,7965.9326171875
24105,7409.64501953125
24106,6703.23974609375
24107,7087.11474609375
24108,7264.48291015625
24109,7785.427734375
24110,6897.021484375
24111,7640.265625
24112,6656.353515625
24113,7409.64501953125
24114,6665.9326171875
24115,6665.9326171875
24116,7021.71728515625
24117,7251.8984375
24118,7297.451171875
24119,9563.8994140625
24120,7264.48291015625
24121,7535.30419921875
24122,7227.17578125
24123,7407.7705078125
24124,7785.427734375
24125,6703.23974609375
24126,7621.23095703125
24127,7264.48291015625
24128,6876.55517578125
24129,6362.9052734375
24130,7640.265625
24131,7021.71728515625
24132,6848.40185546875
24133,7302.78076171875
24134,7295.3505859375
24135,6957.146484375
24136,7047.248046875
24137,7227.17578125
24138,7227.17578125
24139,7785.427734375
24140,7021.71728515625
24141,7251.8984375
24142,7227.17578125
24143,7535.30419921875
24144,9055.3837890625
24145,7785.427734375
24146,7535.30419921875
24147,7227.17578125
24148,7409.64501953125
24149,6703.23974609375
24150,6897.021484375
24151,7295.28857421875
24152,7931.630859375
24153,6848.40185546875
24154,6897.021484375
24155,6656.353515625
24156,7941.2099609375
24157,7264.48291015625
24158,7508.6953125
24159,7247.42724609375
24160,7785.427734375
24161,6541.0654296875
24162,10955.244140625
24163,9339.0185546875
24164,8081.96337890625
24165,6367.267578125
24166,6818.869140625
24167,8275.9365234375
24168,6120.4423828125
24169,11707.8115234375
24170,12380.875
24171,6876.55517578125
24172,6703.23974609375
24173,7227.17578125
24174,7264.48291015625
24175,10935.2255859375
24176,6885.82861328125
24177,7547.12060546875
24178,7061.107421875
24179,6367.267578125
24180,7535.30419921875
24181,7547.12060546875
24182,7021.71728515625
24183,7297.451171875
24184,7785.427734375
24185,6572.78759765625
24186,6362.9052734375
24187,7134.03076171875
24188,6572.78759765625
24189,6656.353515625
24190,7409.64501953125
24191,7171.337890625
24192,6864.00146484375
24193,7428.93212890625
24194,6610.0947265625
24195,7134.03076171875
24196,7409.64501953125
24197,7573.7978515625
24198,8502.404296875
24199,7547.12060546875
24200,7535.30419921875
24201,6885.82861328125
24202,7134.03076171875
24203,6783.41015625
24204,6610.0947265625
24205,6572.78759765625
24206,6848.40185546875
24207,6783.41015625
24208,7505.1708984375
24209,7409.64501953125
24210,6302.75830078125
24211,6494.77587890625
24212,7409.64501953125
24213,6541.0654296875
24214,7030.26171875
24215,9470.75390625
24216,7021.71728515625
24217,7667.869140625
24218,6848.40185546875
24219,6864.00146484375
24220,6572.78759765625
24221,7236.6279296875
24222,6440.51611328125
24223,8299.2900390625
24224,7535.5791015625
24225,14498.61328125
24226,10050.28515625
24227,6893.86328125
24228,7407.4501953125
24229,6893.86328125
24230,7657.57373046875
24231,7944.9013671875
24232,7169.59716796875
24233,7092.73388671875
24234,8133.7880859375
24235,7946.294921875
24236,7657.57373046875
24237,7115.9921875
24238,7092.73388671875
24239,6817.0
24240,6817.0
24241,6893.86328125
24242,8251.4462890625
24243,7958.51806640625
24244,7657.57373046875
24245,7115.9921875
24246,7340.93603515625
24247,7657.57373046875
24248,10745.8251953125
24249,6893.86328125
24250,6779.69287109375
24251,7657.57373046875
24252,7407.4501953125
24253,7657.57373046875
24254,6817.0
24255,6893.86328125
24256,6893.86328125
24257,7115.9921875
24258,8806.8310546875
24259,7657.57373046875
24260,7378.2431640625
24261,8160.5576171875
24262,12353.4169921875
24263,7936.45361328125
24264,7452.07373046875
24265,7967.3212890625
24266,7899.146484375
24267,8215.7841796875
24268,7362.6259765625
24269,7899.146484375
24270,7383.11279296875
24271,7890.2724609375
24272,6796.44580078125
24273,7824.810546875
24274,6561.71630859375
24275,6542.5390625
24276,7103.7822265625
24277,6619.40234375
24278,6505.23193359375
24279,6619.40234375
24280,6542.5390625
24281,6505.23193359375
24282,6912.8505859375
24283,7938.470703125
24284,7720.96142578125
24285,7470.837890625
24286,8315.353515625
24287,6957.2509765625
24288,7720.96142578125
24289,7720.96142578125
24290,7250.69921875
24291,6843.08056640625
24292,8158.0615234375
24293,6947.734375
24294,7720.96142578125
24295,7470.837890625
24296,8021.90576171875
24297,8008.2890625
24298,8632.7314453125
24299,6573.05126953125
24300,7232.98486328125
24301,7720.96142578125
24302,7720.96142578125
24303,7697.77197265625
24304,7509.33154296875
24305,6880.3876953125
24306,7404.32373046875
24307,6880.3876953125
24308,7404.32373046875
24309,6867.80322265625
24310,8008.2890625
24311,7074.16943359375
24312,8021.90576171875
24313,7720.96142578125
24314,8676.2451171875
24315,6880.3876953125
24316,6843.08056640625
24317,7470.837890625
24318,7509.33154296875
24319,7720.96142578125
24320,9644.5947265625
24321,6957.2509765625
24322,7134.29443359375
24323,7699.22509765625
24324,6957.2509765625
24325,7441.630859375
24326,7720.96142578125
24327,7720.96142578125
24328,8004.59619140625
24329,7720.96142578125
24330,11015.9208984375
24331,6880.3876953125
24332,7720.96142578125
24333,7943.0166015625
24334,8318.744140625
24335,7136.52880859375
24336,6957.2509765625
24337,7720.96142578125
24338,7179.3798828125
24339,6843.08056640625
24340,6957.2509765625
24341,7720.96142578125
24342,6500.1865234375
24343,7179.3798828125
24344,6843.08056640625
24345,7470.837890625
24346,6880.3876953125
24347,8021.90576171875
24348,6843.08056640625
24349,6981.9736328125
24350,6957.2509765625
24351,8021.90576171875
24352,7699.22509765625
24353,8315.353515625
24354,7074.16943359375
24355,6843.08056640625
24356,7470.837890625
24357,7470.837890625
24358,6880.3876953125
24359,7720.96142578125
24360,7404.32373046875
24361,7971.94091796875
24362,6947.734375
24363,7470.837890625
24364,7984.36083984375
24365,8004.59619140625
24366,7470.837890625
24367,6899.56494140625
24368,6957.2509765625
24369,7156.12158203125
24370,7470.837890625
24371,7902.68798828125
24372,8114.31787109375
24373,9667.9091796875
24374,8114.31787109375
24375,8114.31787109375
24376,8114.31787109375
24377,8415.26171875
24378,8114.31787109375
24379,7236.43701171875
24380,7527.65087890625
24381,7350.607421875
24382,6893.54296875
24383,7797.68017578125
24384,7529.88525390625
24385,7644.0556640625
24386,8072.36865234375
24387,7273.744140625
24388,7797.68017578125
24389,7350.607421875
24390,7864.1943359375
24391,8114.31787109375
24392,7417.33251953125
24393,7203.13427734375
24394,7417.33251953125
24395,6576.7587890625
24396,6269.42236328125
24397,7718.27685546875
24398,6539.45166015625
24399,6773.27587890625
24400,6830.66552734375
24401,7138.001953125
24402,15384.638671875
24403,6196.5576171875
24404,6653.6220703125
24405,8409.58203125
24406,6269.42236328125
24407,6539.45166015625
24408,6653.6220703125
24409,7062.96728515625
24410,6829.14306640625
24411,7456.900390625
24412,6829.14306640625
24413,7427.693359375
24414,6829.14306640625
24415,7165.4423828125
24416,7427.693359375
24417,7711.328125
24418,9548.6962890625
24419,7427.693359375
24420,8222.845703125
24421,6829.14306640625
24422,8032.69091796875
24423,9548.6962890625
24424,7874.54931640625
24425,7707.02392578125
24426,7092.43994140625
24427,6943.3134765625
24428,7165.4423828125
24429,7390.38623046875
24430,7495.39404296875
24431,7913.78271484375
24432,6853.86572265625
24433,8976.98046875
24434,6866.4501953125
24435,6829.14306640625
24436,6978.26953125
24437,7427.693359375
24438,6866.4501953125
24439,7047.4921875
24440,6866.4501953125
24441,7456.900390625
24442,7683.83447265625
24443,7456.900390625
24444,7707.02392578125
24445,6829.14306640625
24446,6943.3134765625
24447,6853.70751953125
24448,7495.39404296875
24449,6866.4501953125
24450,7707.02392578125
24451,6829.14306640625
24452,7707.02392578125
24453,7707.02392578125
24454,6853.86572265625
24455,7165.4423828125
24456,7120.35693359375
24457,6866.4501953125
24458,7122.59130859375
24459,7456.900390625
24460,7427.693359375
24461,7427.693359375
24462,7707.02392578125
24463,6600.41943359375
24464,6910.35009765625
24465,7603.3251953125
24466,6866.4501953125
24467,8107.75634765625
24468,7047.4921875
24469,7707.02392578125
24470,6829.14306640625
24471,7912.38916015625
24472,7456.900390625
24473,6943.3134765625
24474,6751.54296875
24475,7525.60546875
24476,7481.623046875
24477,7390.38623046875
24478,6829.14306640625
24479,7707.02392578125
24480,7390.38623046875
24481,7707.02392578125
24482,7599.35546875
24483,6885.62744140625
24484,7707.02392578125
24485,7142.18408203125
24486,6829.14306640625
24487,7456.900390625
24488,7219.04736328125
24489,6829.14306640625
24490,6829.14306640625
24491,8560.35546875
24492,6829.14306640625
24493,6559.11376953125
24494,7376.5986328125
24495,6600.41943359375
24496,6822.54833984375
24497,6486.2490234375
24498,7707.02392578125
24499,7427.693359375
24500,7852.51611328125
24501,7456.900390625
24502,7847.11669921875
24503,6853.86572265625
24504,6968.0361328125
24505,6853.86572265625
24506,8157.0947265625
24507,6866.4501953125
24508,7603.3251953125
24509,7236.76171875
24510,6829.14306640625
24511,6866.4501953125
24512,7852.51611328125
24513,6866.4501953125
24514,6866.4501953125
24515,7707.02392578125
24516,6829.14306640625
24517,7142.18408203125
24518,6866.4501953125
24519,8066.75927734375
24520,6943.3134765625
24521,6559.11376953125
24522,7874.54931640625
24523,7390.38623046875
24524,6885.62744140625
24525,7219.04736328125
24526,7165.4423828125
24527,9923.052734375
24528,6943.3134765625
24529,7707.02392578125
24530,7707.02392578125
24531,7390.38623046875
24532,6866.4501953125
24533,7707.02392578125
24534,7142.18408203125
24535,7495.39404296875
24536,10996.87109375
24537,7603.3251953125
24538,6885.62744140625
24539,7599.35546875
24540,7707.02392578125
24541,7456.900390625
24542,7427.693359375
24543,7707.02392578125
24544,7707.02392578125
24545,6829.14306640625
24546,7456.900390625
24547,6829.14306640625
24548,6559.11376953125
24549,6866.4501953125
24550,7047.4921875
24551,6829.14306640625
24552,7481.623046875
24553,11282.4130859375
24554,7707.02392578125
24555,7707.02392578125
24556,7599.35546875
24557,6943.3134765625
24558,7495.39404296875
24559,7007.41748046875
24560,9260.615234375
24561,7707.02392578125
24562,7707.02392578125
24563,7707.02392578125
24564,8608.2822265625
24565,9178.3662109375
24566,7711.328125
24567,7707.02392578125
24568,7912.38916015625
24569,7665.07421875
24570,7456.900390625
24571,6486.2490234375
24572,6943.3134765625
24573,6978.26953125
24574,6885.62744140625
24575,6853.86572265625
24576,6943.3134765625
24577,7707.02392578125
24578,7707.02392578125
24579,7427.693359375
24580,7142.18408203125
24581,7390.38623046875
24582,6853.86572265625
24583,7707.02392578125
24584,6829.14306640625
24585,7707.02392578125
24586,7390.38623046875
24587,6328.44970703125
24588,7456.900390625
24589,6829.14306640625
24590,6943.3134765625
24591,7425.81884765625
24592,7376.5986328125
24593,7427.693359375
24594,7427.693359375
24595,7707.02392578125
24596,7539.5126953125
24597,7390.38623046875
24598,6486.2490234375
24599,8032.69091796875
24600,6853.86572265625
24601,8301.416015625
24602,6943.3134765625
24603,7606.02685546875
24604,7707.02392578125
24605,7427.693359375
24606,6978.26953125
24607,7707.02392578125
24608,7625.7890625
24609,7683.83447265625
24610,6866.4501953125
24611,7398.486328125
24612,6770.72900390625
24613,7648.60986328125
24614,7331.97216796875
24615,7949.55419921875
24616,6770.72900390625
24617,6808.0361328125
24618,7398.486328125
24619,7781.61865234375
24620,7547.61279296875
24621,7648.60986328125
24622,6770.72900390625
24623,6884.8994140625
24624,6770.72900390625
24625,7369.279296875
24626,6500.69970703125
24627,7061.94287109375
24628,6808.0361328125
24629,6500.69970703125
24630,7652.9140625
24631,7648.60986328125
24632,7178.34765625
24633,7398.486328125
24634,7932.24462890625
24635,6770.72900390625
24636,7648.60986328125
24637,6808.0361328125
24638,7932.24462890625
24639,6884.8994140625
24640,7648.60986328125
24641,6884.8994140625
24642,7061.94287109375
24643,6808.0361328125
24644,7436.97998046875
24645,5602.06005859375
24646,7648.60986328125
24647,7544.9111328125
24648,6896.85693359375
24649,7061.94287109375
24650,7648.60986328125
24651,7356.69482421875
24652,7648.60986328125
24653,7083.77001953125
24654,6808.0361328125
24655,6808.0361328125
24656,7173.80908203125
24657,7855.36865234375
24658,7853.97509765625
24659,7648.60986328125
24660,9490.283203125
24661,6884.8994140625
24662,6808.0361328125
24663,7648.60986328125
24664,6919.85546875
24665,7648.60986328125
24666,7423.208984375
24667,7794.10205078125
24668,7794.10205078125
24669,9490.283203125
24670,6770.72900390625
24671,7398.486328125
24672,7648.60986328125
24673,7648.60986328125
24674,7853.97509765625
24675,6875.3828125
24676,6542.00537109375
24677,7794.10205078125
24678,7369.279296875
24679,6770.72900390625
24680,7064.17724609375
24681,7331.97216796875
24682,6808.0361328125
24683,6795.45166015625
24684,7398.486328125
24685,7356.69482421875
24686,6884.8994140625
24687,7648.60986328125
24688,8416.3876953125
24689,7398.486328125
24690,7083.77001953125
24691,7398.486328125
24692,7932.24462890625
24693,7356.69482421875
24694,6770.72900390625
24695,7331.97216796875
24696,7331.97216796875
24697,6770.72900390625
24698,7398.486328125
24699,7648.60986328125
24700,7331.97216796875
24701,7648.60986328125
24702,6770.72900390625
24703,6795.45166015625
24704,8501.9423828125
24705,7369.279296875
24706,7691.9345703125
24707,7648.60986328125
24708,6919.85546875
24709,6884.8994140625
24710,6770.72900390625
24711,6808.0361328125
24712,7648.60986328125
24713,7627.24853515625
24714,7544.9111328125
24715,9119.953125
24716,7625.42041015625
24717,6884.8994140625
24718,6542.00537109375
24719,6770.72900390625
24720,7524.67724609375
24721,7855.36865234375
24722,7398.486328125
24723,7369.279296875
24724,6795.45166015625
24725,7369.279296875
24726,8877.572265625
24727,6795.45166015625
24728,6851.93603515625
24729,6427.8349609375
24730,5667.86572265625
24731,6770.72900390625
24732,7331.97216796875
24733,7331.97216796875
24734,6770.72900390625
24735,7398.486328125
24736,7064.17724609375
24737,6884.8994140625
24738,7544.9111328125
24739,7398.486328125
24740,7369.279296875
24741,7648.60986328125
24742,6609.1748046875
24743,7544.9111328125
24744,7398.486328125
24745,7423.208984375
24746,7398.486328125
24747,6427.8349609375
24748,8008.34521484375
24749,7398.486328125
24750,6851.93603515625
24751,7398.486328125
24752,9035.953125
24753,7949.55419921875
24754,7648.60986328125
24755,7625.42041015625
24756,6795.45166015625
24757,8521.93359375
24758,7855.36865234375
24759,6989.078125
24760,6884.8994140625
24761,8805.9873046875
24762,7827.32421875
24763,7854.0361328125
24764,7266.0810546875
24765,6770.72900390625
24766,6500.69970703125
24767,7318.1845703125
24768,7436.97998046875
24769,6500.69970703125
24770,6884.8994140625
24771,6919.85546875
24772,7398.486328125
24773,7318.1845703125
24774,6884.8994140625
24775,7331.97216796875
24776,6884.8994140625
24777,6884.8994140625
24778,7648.60986328125
24779,7837.6357421875
24780,7061.94287109375
24781,6884.8994140625
24782,7648.60986328125
24783,7318.1845703125
24784,7648.60986328125
24785,8098.6806640625
24786,6770.72900390625
24787,7061.94287109375
24788,7648.60986328125
24789,6884.8994140625
24790,7871.9541015625
24791,7064.17724609375
24792,7398.486328125
24793,6884.8994140625
24794,7009.62158203125
24795,6500.69970703125
24796,7055.59228515625
24797,7541.81494140625
24798,6770.72900390625
24799,6884.8994140625
24800,7544.9111328125
24801,7544.9111328125
24802,8156.5244140625
24803,7266.0810546875
24804,7827.32421875
24805,8156.5244140625
24806,6919.85546875
24807,6770.72900390625
24808,6884.8994140625
24809,10938.4580078125
24810,7324.048828125
24811,6795.45166015625
24812,8156.5244140625
24813,7064.17724609375
24814,6884.8994140625
24815,7318.1845703125
24816,6618.25244140625
24817,6884.8994140625
24818,6770.72900390625
24819,6500.69970703125
24820,6770.72900390625
24821,8868.5400390625
24822,8868.5400390625
24823,9462.9326171875
24824,7819.0439453125
24825,6978.4404296875
24826,6730.23828125
24827,7923.900390625
24828,7015.74755859375
24829,7640.265625
24830,6708.4111328125
24831,7390.14208984375
24832,7390.14208984375
24833,6535.37890625
24834,6417.197265625
24835,7535.30419921875
24836,7640.265625
24837,7390.14208984375
24838,6562.359375
24839,6843.591796875
24840,6417.197265625
24841,8204.4658203125
24842,7390.14208984375
24843,8026.359375
24844,8256.32421875
24845,7785.427734375
24846,7212.76708984375
24847,7785.427734375
24848,6147.16796875
24849,7941.2099609375
24850,7535.30419921875
24851,7194.2216796875
24852,7092.259765625
24853,7127.35595703125
24854,7127.35595703125
24855,7283.318359375
24856,8116.47998046875
24857,6599.66650390625
24858,7160.90966796875
24859,7460.75390625
24860,8374.90625
24861,6978.4404296875
24862,7785.427734375
24863,7160.90966796875
24864,7390.14208984375
24865,7528.68408203125
24866,7428.6357421875
24867,7314.6611328125
24868,7098.68408203125
24869,7761.01416015625
24870,6978.4404296875
24871,6818.869140625
24872,7874.02978515625
24873,6599.66650390625
24874,8172.298828125
24875,8304.0908203125
24876,6818.869140625
24877,7640.265625
24878,6730.23828125
24879,6417.197265625
24880,7640.265625
24881,7209.529296875
24882,8069.0625
24883,7785.427734375
24884,7283.318359375
24885,6708.4111328125
24886,7409.64501953125
24887,6665.9326171875
24888,7262.6083984375
24889,7227.17578125
24890,7640.265625
24891,6690.6552734375
24892,6665.9326171875
24893,7458.2646484375
24894,6665.9326171875
24895,7295.3505859375
24896,6978.9736328125
24897,7785.427734375
24898,8795.720703125
24899,6867.03857421875
24900,7409.64501953125
24901,7243.84619140625
24902,7832.53466796875
24903,6876.55517578125
24904,7227.17578125
24905,7785.427734375
24906,7640.265625
24907,7428.6357421875
24908,7535.30419921875
24909,7227.17578125
24910,8069.0625
24911,7021.71728515625
24912,6957.146484375
24913,7785.427734375
24914,7640.265625
24915,6811.0947265625
24916,7428.6357421875
24917,7227.17578125
24918,6541.0654296875
24919,6779.751953125
24920,7021.71728515625
24921,6665.9326171875
24922,6665.9326171875
24923,7227.17578125
24924,7212.50341796875
24925,6848.40185546875
24926,7098.68408203125
24927,6665.9326171875
24928,6665.9326171875
24929,6876.55517578125
24930,6867.03857421875
24931,7227.17578125
24932,7102.30859375
24933,7640.265625
24934,7522.0771484375
24935,7021.71728515625
24936,7785.427734375
24937,6811.0947265625
24938,7428.6357421875
24939,7227.17578125
24940,6978.9736328125
24941,7785.427734375
24942,6541.0654296875
24943,7640.265625
24944,7535.30419921875
24945,7409.64501953125
24946,7785.427734375
24947,7640.265625
24948,7535.30419921875
24949,6665.9326171875
24950,6395.9033203125
24951,8275.9365234375
24952,7264.48291015625
24953,6779.751953125
24954,6665.9326171875
24955,7227.17578125
24956,8026.50830078125
24957,6703.23974609375
24958,7264.48291015625
24959,7264.48291015625
24960,7965.9326171875
24961,7409.64501953125
24962,6703.23974609375
24963,7087.11474609375
24964,7264.48291015625
24965,7785.427734375
24966,6897.021484375
24967,7640.265625
24968,6656.353515625
24969,7409.64501953125
24970,6665.9326171875
24971,6665.9326171875
24972,7021.71728515625
24973,7251.8984375
24974,7297.451171875
24975,9563.8994140625
24976,7264.48291015625
24977,7535.30419921875
24978,7227.17578125
24979,7407.7705078125
24980,7785.427734375
24981,6703.23974609375
24982,7621.23095703125
24983,7264.48291015625
24984,6876.55517578125
24985,6362.9052734375
24986,7640.265625
24987,7021.71728515625
24988,6848.40185546875
24989,7302.78076171875
24990,7295.3505859375
24991,6957.146484375
24992,7047.248046875
24993,7227.17578125
24994,7227.17578125
24995,7785.427734375
24996,7021.71728515625
24997,7251.8984375
24998,7227.17578125
24999,7535.30419921875
25000,9055.3837890625
25001,7785.427734375
25002,7535.30419921875
25003,7227.17578125
25004,7409.64501953125
25005,6703.23974609375
25006,6897.021484375
25007,7295.28857421875
25008,7931.630859375
25009,6848.40185546875
25010,6897.021484375
25011,6656.353515625
25012,7941.2099609375
25013,7264.48291015625
25014,7508.6953125
25015,7247.42724609375
25016,7785.427734375
25017,6541.0654296875
25018,10955.244140625
25019,9339.0185546875
25020,8081.96337890625
25021,6367.267578125
25022,6818.869140625
25023,8275.9365234375
25024,6120.4423828125
25025,11707.8115234375
25026,12380.875
25027,6876.55517578125
25028,6703.23974609375
25029,7227.17578125
25030,7264.48291015625
25031,10935.2255859375
25032,6885.82861328125
25033,7547.12060546875
25034,7061.107421875
25035,6367.267578125
25036,7535.30419921875
25037,7547.12060546875
25038,7021.71728515625
25039,7297.451171875
25040,7785.427734375
25041,6572.78759765625
25042,6362.9052734375
25043,7134.03076171875
25044,6572.78759765625
25045,6656.353515625
25046,7409.64501953125
25047,7171.337890625
25048,6864.00146484375
25049,7428.93212890625
25050,6610.0947265625
25051,7134.03076171875
25052,7409.64501953125
25053,7573.7978515625
25054,8502.404296875
25055,7547.12060546875
25056,7535.30419921875
25057,6885.82861328125
25058,7134.03076171875
25059,6783.41015625
25060,6610.0947265625
25061,6572.78759765625
25062,6848.40185546875
25063,6783.41015625
25064,7505.1708984375
25065,7409.64501953125
25066,6302.75830078125
25067,6494.77587890625
25068,7409.64501953125
25069,6541.0654296875
25070,7030.26171875
25071,9470.75390625
25072,7021.71728515625
25073,7667.869140625
25074,6848.40185546875
25075,6864.00146484375
25076,6572.78759765625
25077,7236.6279296875
25078,6440.51611328125
25079,8299.2900390625
25080,7535.5791015625
25081,14498.61328125
25082,10050.28515625
25083,6893.86328125
25084,7407.4501953125
25085,6893.86328125
25086,7657.57373046875
25087,7944.9013671875
25088,7169.59716796875
25089,7092.73388671875
25090,8133.7880859375
25091,7946.294921875
25092,7657.57373046875
25093,7115.9921875
25094,7092.73388671875
25095,6817.0
25096,6817.0
25097,6893.86328125
25098,8251.4462890625
25099,7958.51806640625
25100,7657.57373046875
25101,7115.9921875
25102,7340.93603515625
25103,7657.57373046875
25104,10745.8251953125
25105,6893.86328125
25106,6779.69287109375
25107,7657.57373046875
25108,7407.4501953125
25109,7657.57373046875
25110,6817.0
25111,6893.86328125
25112,6893.86328125
25113,7115.9921875
25114,8806.8310546875
25115,7657.57373046875
25116,7378.2431640625
25117,8160.5576171875
25118,12353.4169921875
25119,7936.45361328125
25120,7452.07373046875
25121,7967.3212890625
25122,7899.146484375
25123,8215.7841796875
25124,7362.6259765625
25125,7899.146484375
25126,7383.11279296875
25127,7890.2724609375
25128,6796.44580078125
25129,7824.810546875
25130,6561.71630859375
25131,6542.5390625
25132,7103.7822265625
25133,6619.40234375
25134,6505.23193359375
25135,6619.40234375
25136,6542.5390625
25137,6505.23193359375
25138,6912.8505859375
25139,7938.470703125
25140,7720.96142578125
25141,7470.837890625
25142,8315.353515625
25143,6957.2509765625
25144,7720.96142578125
25145,7720.96142578125
25146,7250.69921875
25147,6843.08056640625
25148,8158.0615234375
25149,6947.734375
25150,7720.96142578125
25151,7470.837890625
25152,8021.90576171875
25153,8008.2890625
25154,8632.7314453125
25155,6573.05126953125
25156,7232.98486328125
25157,7720.96142578125
25158,7720.96142578125
25159,7697.77197265625
25160,7509.33154296875
25161,6880.3876953125
25162,7404.32373046875
25163,6880.3876953125
25164,7404.32373046875
25165,6867.80322265625
25166,8008.2890625
25167,7074.16943359375
25168,8021.90576171875
25169,7720.96142578125
25170,8676.2451171875
25171,6880.3876953125
25172,6843.08056640625
25173,7470.837890625
25174,7509.33154296875
25175,7720.96142578125
25176,9644.5947265625
25177,6957.2509765625
25178,7134.29443359375
25179,7699.22509765625
25180,6957.2509765625
25181,7441.630859375
25182,7720.96142578125
25183,7720.96142578125
25184,8004.59619140625
25185,7720.96142578125
25186,11015.9208984375
25187,6880.3876953125
25188,7720.96142578125
25189,7943.0166015625
25190,8318.744140625
25191,7136.52880859375
25192,6957.2509765625
25193,7720.96142578125
25194,7179.3798828125
25195,6843.08056640625
25196,6957.2509765625
25197,7720.96142578125
25198,6500.1865234375
25199,7179.3798828125
25200,6843.08056640625
25201,7470.837890625
25202,6880.3876953125
25203,8021.90576171875
25204,6843.08056640625
25205,6981.9736328125
25206,6957.2509765625
25207,8021.90576171875
25208,7699.22509765625
25209,8315.353515625
25210,7074.16943359375
25211,6843.08056640625
25212,7470.837890625
25213,7470.837890625
25214,6880.3876953125
25215,7720.96142578125
25216,7404.32373046875
25217,7971.94091796875
25218,6947.734375
25219,7470.837890625
25220,7984.36083984375
25221,8004.59619140625
25222,7470.837890625
25223,6899.56494140625
25224,6957.2509765625
25225,7156.12158203125
25226,7470.837890625
25227,7902.68798828125
25228,8114.31787109375
25229,9667.9091796875
25230,8114.31787109375
25231,8114.31787109375
25232,8114.31787109375
25233,8415.26171875
25234,8114.31787109375
25235,7236.43701171875
25236,7527.65087890625
25237,7350.607421875
25238,6893.54296875
25239,7797.68017578125
25240,7529.88525390625
25241,7644.0556640625
25242,8072.36865234375
25243,7273.744140625
25244,7797.68017578125
25245,7350.607421875
25246,7864.1943359375
25247,8114.31787109375
25248,7417.33251953125
25249,7203.13427734375
25250,7417.33251953125
25251,6576.7587890625
25252,6269.42236328125
25253,7718.27685546875
25254,6539.45166015625
25255,6773.27587890625
25256,6830.66552734375
25257,7138.001953125
25258,15384.638671875
25259,6196.5576171875
25260,6653.6220703125
25261,8409.58203125
25262,6269.42236328125
25263,6539.45166015625
25264,6653.6220703125
25265,7062.96728515625
25266,6829.14306640625
25267,7456.900390625
25268,6829.14306640625
25269,7427.693359375
25270,6829.14306640625
25271,7165.4423828125
25272,7427.693359375
25273,7711.328125
25274,9548.6962890625
25275,7427.693359375
25276,8222.845703125
25277,6829.14306640625
25278,8032.69091796875
25279,9548.6962890625
25280,7874.54931640625
25281,7707.02392578125
25282,7092.43994140625
25283,6943.3134765625
25284,7165.4423828125
25285,7390.38623046875
25286,7495.39404296875
25287,7913.78271484375
25288,6853.86572265625
25289,8976.98046875
25290,6866.4501953125
25291,6829.14306640625
25292,6978.26953125
25293,7427.693359375
25294,6866.4501953125
25295,7047.4921875
25296,6866.4501953125
25297,7456.900390625
25298,7683.83447265625
25299,7456.900390625
25300,7707.02392578125
25301,6829.14306640625
25302,6943.3134765625
25303,6853.70751953125
25304,7495.39404296875
25305,6866.4501953125
25306,7707.02392578125
25307,6829.14306640625
25308,7707.02392578125
25309,7707.02392578125
25310,6853.86572265625
25311,7165.4423828125
25312,7120.35693359375
25313,6866.4501953125
25314,7122.59130859375
25315,7456.900390625
25316,7427.693359375
25317,7427.693359375
25318,7707.02392578125
25319,6600.41943359375
25320,6910.35009765625
25321,7603.3251953125
25322,6866.4501953125
25323,8107.75634765625
25324,7047.4921875
25325,7707.02392578125
25326,6829.14306640625
25327,7912.38916015625
25328,7456.900390625
25329,6943.3134765625
25330,6751.54296875
25331,7525.60546875
25332,7481.623046875
25333,7390.38623046875
25334,6829.14306640625
25335,7707.02392578125
25336,7390.38623046875
25337,7707.02392578125
25338,7599.35546875
25339,6885.62744140625
25340,7707.02392578125
25341,7142.18408203125
25342,6829.14306640625
25343,7456.900390625
25344,7219.04736328125
25345,6829.14306640625
25346,6829.14306640625
25347,8560.35546875
25348,6829.14306640625
25349,6559.11376953125
25350,7376.5986328125
25351,6600.41943359375
25352,6822.54833984375
25353,6486.2490234375
25354,7707.02392578125
25355,7427.693359375
25356,7852.51611328125
25357,7456.900390625
25358,7847.11669921875
25359,6853.86572265625
25360,6968.0361328125
25361,6853.86572265625
25362,8157.0947265625
25363,6866.4501953125
25364,7603.3251953125
25365,7236.76171875
25366,6829.14306640625
25367,6866.4501953125
25368,7852.51611328125
25369,6866.4501953125
25370,6866.4501953125
25371,7707.02392578125
25372,6829.14306640625
25373,7142.18408203125
25374,6866.4501953125
25375,8066.75927734375
25376,6943.3134765625
25377,6559.11376953125
25378,7874.54931640625
25379,7390.38623046875
25380,6885.62744140625
25381,7219.04736328125
25382,7165.4423828125
25383,9923.052734375
25384,6943.3134765625
25385,7707.02392578125
25386,7707.02392578125
25387,7390.38623046875
25388,6866.4501953125
25389,7707.02392578125
25390,7142.18408203125
25391,7495.39404296875
25392,10996.87109375
25393,7603.3251953125
25394,6885.62744140625
25395,7599.35546875
25396,7707.02392578125
25397,7456.900390625
25398,7427.693359375
25399,7707.02392578125
25400,7707.02392578125
25401,6829.14306640625
25402,7456.900390625
25403,6829.14306640625
25404,6559.11376953125
25405,6866.4501953125
25406,7047.4921875
25407,6829.14306640625
25408,7481.623046875
25409,11282.4130859375
25410,7707.02392578125
25411,7707.02392578125
25412,7599.35546875
25413,6943.3134765625
25414,7495.39404296875
25415,7007.41748046875
25416,9260.615234375
25417,7707.02392578125
25418,7707.02392578125
25419,7707.02392578125
25420,8608.2822265625
25421,9178.3662109375
25422,7711.328125
25423,7707.02392578125
25424,7912.38916015625
25425,7665.07421875
25426,7456.900390625
25427,6486.2490234375
25428,6943.3134765625
25429,6978.26953125
25430,6885.62744140625
25431,6853.86572265625
25432,6943.3134765625
25433,7707.02392578125
25434,7707.02392578125
25435,7427.693359375
25436,7142.18408203125
25437,7390.38623046875
25438,6853.86572265625
25439,7707.02392578125
25440,6829.14306640625
25441,7707.02392578125
25442,7390.38623046875
25443,6328.44970703125
25444,7456.900390625
25445,6829.14306640625
25446,6943.3134765625
25447,7425.81884765625
25448,7376.5986328125
25449,7427.693359375
25450,7427.693359375
25451,7707.02392578125
25452,7539.5126953125
25453,7390.38623046875
25454,6486.2490234375
25455,8032.69091796875
25456,6853.86572265625
25457,8301.416015625
25458,6943.3134765625
25459,7606.02685546875
25460,7707.02392578125
25461,7427.693359375
25462,6978.26953125
25463,7707.02392578125
25464,7625.7890625
25465,7683.83447265625
25466,6866.4501953125
25467,7398.486328125
25468,6770.72900390625
25469,7648.60986328125
25470,7331.97216796875
25471,7949.55419921875
25472,6770.72900390625
25473,6808.0361328125
25474,7398.486328125
25475,7781.61865234375
25476,7547.61279296875
25477,7648.60986328125
25478,6770.72900390625
25479,6884.8994140625
25480,6770.72900390625
25481,7369.279296875
25482,6500.69970703125
25483,7061.94287109375
25484,6808.0361328125
25485,6500.69970703125
25486,7652.9140625
25487,7648.60986328125
25488,7178.34765625
25489,7398.486328125
25490,7932.24462890625
25491,6770.72900390625
25492,7648.60986328125
25493,6808.0361328125
25494,7932.24462890625
25495,6884.8994140625
25496,7648.60986328125
25497,6884.8994140625
25498,7061.94287109375
25499,6808.0361328125
25500,7436.97998046875
25501,5602.06005859375
25502,7648.60986328125
25503,7544.9111328125
25504,6896.85693359375
25505,7061.94287109375
25506,7648.60986328125
25507,7356.69482421875
25508,7648.60986328125
25509,7083.77001953125
25510,6808.0361328125
25511,6808.0361328125
25512,7173.80908203125
25513,7855.36865234375
25514,7853.97509765625
25515,7648.60986328125
25516,9490.283203125
25517,6884.8994140625
25518,6808.0361328125
25519,7648.60986328125
25520,6919.85546875
25521,7648.60986328125
25522,7423.208984375
25523,7794.10205078125
25524,7794.10205078125
25525,9490.283203125
25526,6770.72900390625
25527,7398.486328125
25528,7648.60986328125
25529,7648.60986328125
25530,7853.97509765625
25531,6875.3828125
25532,6542.00537109375
25533,7794.10205078125
25534,7369.279296875
25535,6770.72900390625
25536,7064.17724609375
25537,7331.97216796875
25538,6808.0361328125
25539,6795.45166015625
25540,7398.486328125
25541,7356.69482421875
25542,6884.8994140625
25543,7648.60986328125
25544,8416.3876953125
25545,7398.486328125
25546,7083.77001953125
25547,7398.486328125
25548,7932.24462890625
25549,7356.69482421875
25550,6770.72900390625
25551,7331.97216796875
25552,7331.97216796875
25553,6770.72900390625
25554,7398.486328125
25555,7648.60986328125
25556,7331.97216796875
25557,7648.60986328125
25558,6770.72900390625
25559,6795.45166015625
25560,8501.9423828125
25561,7369.279296875
25562,7691.9345703125
25563,7648.60986328125
25564,6919.85546875
25565,6884.8994140625
25566,6770.72900390625
25567,6808.0361328125
25568,7648.60986328125
25569,7627.24853515625
25570,7544.9111328125
25571,9119.953125
25572,7625.42041015625
25573,6884.8994140625
25574,6542.00537109375
25575,6770.72900390625
25576,7524.67724609375
25577,7855.36865234375
25578,7398.486328125
25579,7369.279296875
25580,6795.45166015625
25581,7369.279296875
25582,8877.572265625
25583,6795.45166015625
25584,6851.93603515625
25585,6427.8349609375
25586,5667.86572265625
25587,6770.72900390625
25588,7331.97216796875
25589,7331.97216796875
25590,6770.72900390625
25591,7398.486328125
25592,7064.17724609375
25593,6884.8994140625
25594,7544.9111328125
25595,7398.486328125
25596,7369.279296875
25597,7648.60986328125
25598,6609.1748046875
25599,7544.9111328125
25600,7398.486328125
25601,7423.208984375
25602,7398.486328125
25603,6427.8349609375
25604,8008.34521484375
25605,7398.486328125
25606,6851.93603515625
25607,7398.486328125
25608,9035.953125
25609,7949.55419921875
25610,7648.60986328125
25611,7625.42041015625
25612,6795.45166015625
25613,8521.93359375
25614,7855.36865234375
25615,6989.078125
25616,6884.8994140625
25617,8805.9873046875
25618,7827.32421875
25619,7854.0361328125
25620,7266.0810546875
25621,6770.72900390625
25622,6500.69970703125
25623,7318.1845703125
25624,7436.97998046875
25625,6500.69970703125
25626,6884.8994140625
25627,6919.85546875
25628,7398.486328125
25629,7318.1845703125
25630,6884.8994140625
25631,7331.97216796875
25632,6884.8994140625
25633,6884.8994140625
25634,7648.60986328125
25635,7837.6357421875
25636,7061.94287109375
25637,6884.8994140625
25638,7648.60986328125
25639,7318.1845703125
25640,7648.60986328125
25641,8098.6806640625
25642,6770.72900390625
25643,7061.94287109375
25644,7648.60986328125
25645,6884.8994140625
25646,7871.9541015625
25647,7064.17724609375
25648,7398.486328125
25649,6884.8994140625
25650,7009.62158203125
25651,6500.69970703125
25652,7055.59228515625
25653,7541.81494140625
25654,6770.72900390625
25655,6884.8994140625
25656,7544.9111328125
25657,7544.9111328125
25658,8156.5244140625
25659,7266.0810546875
25660,7827.32421875
25661,8156.5244140625
25662,6919.85546875
25663,6770.72900390625
25664,6884.8994140625
25665,10938.4580078125
25666,7324.048828125
25667,6795.45166015625
25668,8156.5244140625
25669,7064.17724609375
25670,6884.8994140625
25671,7318.1845703125
25672,6618.25244140625
25673,6884.8994140625
25674,6770.72900390625
25675,6500.69970703125
25676,6770.72900390625
25677,8868.5400390625
25678,8868.5400390625
25679,9462.9326171875
25680,7819.0439453125
25681,7290.09228515625
25682,7041.89013671875
25683,8235.552734375
25684,7327.3994140625
25685,7951.91748046875
25686,7020.06298828125
25687,7701.7939453125
25688,7701.7939453125
25689,7079.3994140625
25690,6728.84912109375
25691,7846.9560546875
25692,7951.91748046875
25693,7701.7939453125
25694,6874.01123046875
25695,7155.24365234375
25696,6728.84912109375
25697,8516.1181640625
25698,7701.7939453125
25699,8570.3798828125
25700,8800.345703125
25701,8097.07958984375
25702,7756.78759765625
25703,8097.07958984375
25704,6458.81982421875
25705,8252.86328125
25706,7846.9560546875
25707,7505.87353515625
25708,7403.91162109375
25709,7671.37646484375
25710,7671.37646484375
25711,7594.97021484375
25712,8660.5009765625
25713,6911.318359375
25714,7472.5615234375
25715,7772.40576171875
25716,8918.9287109375
25717,7290.09228515625
25718,8097.07958984375
25719,7472.5615234375
25720,7701.7939453125
25721,7840.3359375
25722,7740.28759765625
25723,7626.31298828125
25724,7410.3359375
25725,8305.03515625
25726,7290.09228515625
25727,7130.52099609375
25728,8185.681640625
25729,6911.318359375
25730,8716.3203125
25731,8848.11328125
25732,7130.52099609375
25733,7951.91748046875
25734,7041.89013671875
25735,6728.84912109375
25736,7951.91748046875
25737,7753.5498046875
25738,8380.71484375
25739,8097.07958984375
25740,7594.97021484375
25741,7020.06298828125
25742,7721.296875
25743,6977.58447265625
25744,7574.26025390625
25745,7538.82763671875
25746,7951.91748046875
25747,7002.30712890625
25748,6977.58447265625
25749,8002.28515625
25750,6977.58447265625
25751,7839.37109375
25752,7290.62548828125
25753,8097.07958984375
25754,9107.3740234375
25755,7178.6904296875
25756,7721.296875
25757,7555.498046875
25758,8376.5556640625
25759,7188.20703125
25760,7538.82763671875
25761,8097.07958984375
25762,7951.91748046875
25763,7740.28759765625
25764,7846.9560546875
25765,7538.82763671875
25766,8380.71484375
25767,7333.369140625
25768,7268.79833984375
25769,8097.07958984375
25770,7951.91748046875
25771,7122.74658203125
25772,7740.28759765625
25773,7538.82763671875
25774,6852.71728515625
25775,7091.40380859375
25776,7333.369140625
25777,6977.58447265625
25778,6977.58447265625
25779,7538.82763671875
25780,7524.1552734375
25781,7160.0537109375
25782,7410.3359375
25783,6977.58447265625
25784,6977.58447265625
25785,7188.20703125
25786,7178.6904296875
25787,7538.82763671875
25788,7413.96044921875
25789,7951.91748046875
25790,8066.09765625
25791,7333.369140625
25792,8097.07958984375
25793,7122.74658203125
25794,7740.28759765625
25795,7538.82763671875
25796,7290.62548828125
25797,8097.07958984375
25798,6852.71728515625
25799,7951.91748046875
25800,7846.9560546875
25801,7721.296875
25802,8097.07958984375
25803,7951.91748046875
25804,7846.9560546875
25805,6977.58447265625
25806,6707.55517578125
25807,8819.9580078125
25808,7576.134765625
25809,7091.40380859375
25810,6977.58447265625
25811,7538.82763671875
25812,8570.529296875
25813,7014.8916015625
25814,7576.134765625
25815,7576.134765625
25816,8277.5849609375
25817,7721.296875
25818,7014.8916015625
25819,7398.7666015625
25820,7576.134765625
25821,8097.07958984375
25822,7441.0419921875
25823,7951.91748046875
25824,6968.00537109375
25825,7721.296875
25826,6977.58447265625
25827,6977.58447265625
25828,7333.369140625
25829,7563.55029296875
25830,7609.10302734375
25831,10107.9208984375
25832,7576.134765625
25833,7846.9560546875
25834,7538.82763671875
25835,7719.42236328125
25836,8097.07958984375
25837,7014.8916015625
25838,8165.251953125
25839,7576.134765625
25840,7188.20703125
25841,6674.55712890625
25842,7951.91748046875
25843,7333.369140625
25844,7160.0537109375
25845,7846.8017578125
25846,7839.37109375
25847,7268.79833984375
25848,7358.89990234375
25849,7538.82763671875
25850,7538.82763671875
25851,8097.07958984375
25852,7333.369140625
25853,7563.55029296875
25854,7538.82763671875
25855,7846.9560546875
25856,9367.037109375
25857,8097.07958984375
25858,7846.9560546875
25859,7538.82763671875
25860,7721.296875
25861,7014.8916015625
25862,7441.0419921875
25863,7606.94091796875
25864,8243.2841796875
25865,7160.0537109375
25866,7441.0419921875
25867,6968.00537109375
25868,8252.86328125
25869,7576.134765625
25870,8052.716796875
25871,7791.44775390625
25872,8097.07958984375
25873,6852.71728515625
25874,11499.265625
25875,9650.671875
25876,8625.984375
25877,6911.2880859375
25878,7130.52099609375
25879,8819.9580078125
25880,6432.09423828125
25881,12251.8330078125
25882,12692.52734375
25883,7188.20703125
25884,7014.8916015625
25885,7538.82763671875
25886,7576.134765625
25887,11479.2470703125
25888,7197.48046875
25889,7858.7724609375
25890,7372.7587890625
25891,6911.2880859375
25892,7846.9560546875
25893,7858.7724609375
25894,7333.369140625
25895,7609.10302734375
25896,8097.07958984375
25897,6884.439453125
25898,6674.55712890625
25899,7445.6826171875
25900,6884.439453125
25901,6968.00537109375
25902,7721.296875
25903,7482.98974609375
25904,7175.6533203125
25905,7972.95263671875
25906,6921.74658203125
25907,7445.6826171875
25908,7721.296875
25909,7885.44970703125
25910,9046.42578125
25911,7858.7724609375
25912,7846.9560546875
25913,7197.48046875
25914,7445.6826171875
25915,7095.06201171875
25916,6921.74658203125
25917,6884.439453125
25918,7160.0537109375
25919,7095.06201171875
25920,7816.8232421875
25921,7721.296875
25922,6614.41015625
25923,6806.427734375
25924,7721.296875
25925,6852.71728515625
25926,7341.91357421875
25927,10014.775390625
25928,7333.369140625
25929,8211.890625
25930,7160.0537109375
25931,7175.6533203125
25932,6884.439453125
25933,7780.6484375
25934,6752.16796875
25935,8610.94140625
25936,7847.23095703125
25937,15042.634765625
25938,10594.3056640625
25939,7205.51513671875
25940,7719.10205078125
25941,7205.51513671875
25942,7969.2255859375
25943,8488.9208984375
25944,7481.2490234375
25945,7404.3857421875
25946,8677.80859375
25947,8490.3154296875
25948,7969.2255859375
25949,7427.64404296875
25950,7404.3857421875
25951,7128.65185546875
25952,7128.65185546875
25953,7205.51513671875
25954,8563.0986328125
25955,8270.1708984375
25956,7969.2255859375
25957,7427.64404296875
25958,7652.587890625
25959,7969.2255859375
25960,11289.8466796875
25961,7205.51513671875
25962,7091.3447265625
25963,7969.2255859375
25964,7719.10205078125
25965,7969.2255859375
25966,7128.65185546875
25967,7205.51513671875
25968,7205.51513671875
25969,7427.64404296875
25970,9350.8525390625
25971,7969.2255859375
25972,7689.89501953125
25973,8472.2099609375
25974,12897.4384765625
25975,8248.10546875
25976,7763.7255859375
25977,8511.341796875
25978,8210.798828125
25979,8527.4365234375
25980,7674.27783203125
25981,8210.798828125
25982,7694.7646484375
25983,8201.9248046875
25984,7108.09765625
25985,8368.8310546875
25986,6873.3681640625
25987,6854.19091796875
25988,7415.43408203125
25989,6931.05419921875
25990,6816.8837890625
25991,6931.05419921875
25992,6854.19091796875
25993,6816.8837890625
25994,7224.50244140625
25995,8482.4912109375
25996,8032.61328125
25997,7782.48974609375
25998,8627.0068359375
25999,7268.90283203125
26000,8032.61328125
26001,8032.61328125
26002,7562.35107421875
26003,7154.732421875
26004,8702.08203125
26005,7259.38623046875
26006,8032.61328125
26007,7782.48974609375
26008,8333.55859375
26009,8552.30859375
26010,9176.7529296875
26011,6884.703125
26012,7544.63671875
26013,8032.61328125
26014,8032.61328125
26015,8009.423828125
26016,7820.9833984375
26017,7192.03955078125
26018,7715.9755859375
26019,7192.03955078125
26020,7715.9755859375
26021,7179.455078125
26022,8552.30859375
26023,7618.18994140625
26024,8333.55859375
26025,8032.61328125
26026,9220.2666015625
26027,7192.03955078125
26028,7154.732421875
26029,7782.48974609375
26030,7820.9833984375
26031,8032.61328125
26032,10188.6162109375
26033,7268.90283203125
26034,7445.9462890625
26035,8243.2451171875
26036,7268.90283203125
26037,7753.28271484375
26038,8032.61328125
26039,8032.61328125
26040,8316.248046875
26041,8032.61328125
26042,11559.9423828125
26043,7192.03955078125
26044,8032.61328125
26045,8487.037109375
26046,8862.765625
26047,7448.1806640625
26048,7268.90283203125
26049,8032.61328125
26050,7491.03173828125
26051,7154.732421875
26052,7268.90283203125
26053,8032.61328125
26054,6811.83837890625
26055,7491.03173828125
26056,7154.732421875
26057,7782.48974609375
26058,7192.03955078125
26059,8333.55859375
26060,7154.732421875
26061,7293.62548828125
26062,7268.90283203125
26063,8333.55859375
26064,8243.2451171875
26065,8627.0068359375
26066,7618.18994140625
26067,7154.732421875
26068,7782.48974609375
26069,7782.48974609375
26070,7192.03955078125
26071,8032.61328125
26072,7715.9755859375
26073,8283.591796875
26074,7259.38623046875
26075,7782.48974609375
26076,8528.3818359375
26077,8316.248046875
26078,7782.48974609375
26079,7211.216796875
26080,7268.90283203125
26081,7467.7734375
26082,7782.48974609375
26083,8214.33984375
26084,8425.9697265625
26085,9979.5625
26086,8425.9697265625
26087,8425.9697265625
26088,8425.9697265625
26089,8726.9150390625
26090,8425.9697265625
26091,7548.0888671875
26092,7839.302734375
26093,7662.25927734375
26094,7205.19482421875
26095,8109.33203125
26096,7841.537109375
26097,7955.70751953125
26098,8384.0205078125
26099,7585.39599609375
26100,8109.33203125
26101,7662.25927734375
26102,8175.84619140625
26103,8425.9697265625
26104,7728.984375
26105,7747.154296875
26106,7728.984375
26107,6888.41064453125
26108,6581.07421875
26109,8029.92919921875
26110,6851.103515625
26111,7317.2958984375
26112,7142.3173828125
26113,7449.65380859375
26114,15696.291015625
26115,6508.20947265625
26116,6965.27392578125
26117,8953.603515625
26118,6581.07421875
26119,6851.103515625
26120,6965.27392578125
26121,7606.98779296875
26122,7140.794921875
26123,7768.55224609375
26124,7140.794921875
26125,7739.34521484375
26126,7140.794921875
26127,7477.09423828125
26128,7739.34521484375
26129,8022.97998046875
26130,10092.7177734375
26131,7739.34521484375
26132,8766.8671875
26133,7140.794921875
26134,8344.3427734375
26135,10092.7177734375
26136,8418.5712890625
26137,8018.67578125
26138,7636.46044921875
26139,7254.96533203125
26140,7477.09423828125
26141,7702.0380859375
26142,7807.0458984375
26143,8457.8046875
26144,7165.517578125
26145,9288.6337890625
26146,7178.10205078125
26147,7140.794921875
26148,7522.2900390625
26149,7739.34521484375
26150,7178.10205078125
26151,7359.14404296875
26152,7178.10205078125
26153,7768.55224609375
26154,7995.486328125
26155,7768.55224609375
26156,8018.67578125
26157,7140.794921875
26158,7254.96533203125
26159,7397.72705078125
26160,7807.0458984375
26161,7178.10205078125
26162,8018.67578125
26163,7140.794921875
26164,8018.67578125
26165,8018.67578125
26166,7165.517578125
26167,7477.09423828125
26168,7432.0087890625
26169,7178.10205078125
26170,7434.2431640625
26171,7768.55224609375
26172,7739.34521484375
26173,7739.34521484375
26174,8018.67578125
26175,6912.0712890625
26176,7222.001953125
26177,8147.345703125
26178,7178.10205078125
26179,8651.7783203125
26180,7359.14404296875
26181,8018.67578125
26182,7140.794921875
26183,8456.41015625
26184,7768.55224609375
26185,7254.96533203125
26186,7295.5634765625
26187,8069.62744140625
26188,7793.27490234375
26189,7702.0380859375
26190,7140.794921875
26191,8018.67578125
26192,7702.0380859375
26193,8018.67578125
26194,8143.37744140625
26195,7197.279296875
26196,8018.67578125
26197,7453.8359375
26198,7140.794921875
26199,7768.55224609375
26200,7530.69921875
26201,7140.794921875
26202,7140.794921875
26203,8872.0078125
26204,7140.794921875
26205,6870.765625
26206,7920.619140625
26207,6912.0712890625
26208,7134.2001953125
26209,6797.90087890625
26210,8018.67578125
26211,7739.34521484375
26212,8396.537109375
26213,7768.55224609375
26214,8391.138671875
26215,7165.517578125
26216,7279.68798828125
26217,7165.517578125
26218,8701.1171875
26219,7178.10205078125
26220,8147.345703125
26221,7548.41357421875
26222,7140.794921875
26223,7178.10205078125
26224,8396.537109375
26225,7178.10205078125
26226,7178.10205078125
26227,8018.67578125
26228,7140.794921875
26229,7453.8359375
26230,7178.10205078125
26231,8610.78125
26232,7254.96533203125
26233,6870.765625
26234,8418.5712890625
26235,7702.0380859375
26236,7197.279296875
26237,7530.69921875
26238,7477.09423828125
26239,10467.07421875
26240,7254.96533203125
26241,8018.67578125
26242,8018.67578125
26243,7702.0380859375
26244,7178.10205078125
26245,8018.67578125
26246,7453.8359375
26247,7807.0458984375
26248,11308.5234375
26249,8147.345703125
26250,7197.279296875
26251,8143.37744140625
26252,8018.67578125
26253,7768.55224609375
26254,7739.34521484375
26255,8018.67578125
26256,8018.67578125
26257,7140.794921875
26258,7768.55224609375
26259,7140.794921875
26260,6870.765625
26261,7178.10205078125
26262,7359.14404296875
26263,7140.794921875
26264,7793.27490234375
26265,11826.4345703125
26266,8018.67578125
26267,8018.67578125
26268,8143.37744140625
26269,7254.96533203125
26270,7807.0458984375
26271,7319.0693359375
26272,9572.2685546875
26273,8018.67578125
26274,8018.67578125
26275,8018.67578125
26276,8919.9345703125
26277,9722.3876953125
26278,8022.97998046875
26279,8018.67578125
26280,8456.41015625
26281,7976.7265625
26282,7768.55224609375
26283,6797.90087890625
26284,7254.96533203125
26285,7522.2900390625
26286,7197.279296875
26287,7165.517578125
26288,7254.96533203125
26289,8018.67578125
26290,8018.67578125
26291,7739.34521484375
26292,7453.8359375
26293,7702.0380859375
26294,7165.517578125
26295,8018.67578125
26296,7140.794921875
26297,8018.67578125
26298,7702.0380859375
26299,6640.1015625
26300,7768.55224609375
26301,7140.794921875
26302,7254.96533203125
26303,7737.470703125
26304,7920.619140625
26305,7739.34521484375
26306,7739.34521484375
26307,8018.67578125
26308,8083.533203125
26309,7702.0380859375
26310,6797.90087890625
26311,8344.3427734375
26312,7165.517578125
26313,8613.0693359375
26314,7254.96533203125
26315,8150.04736328125
26316,8018.67578125
26317,7739.34521484375
26318,7522.2900390625
26319,8018.67578125
26320,8169.81005859375
26321,7995.486328125
26322,7178.10205078125
26323,7710.13818359375
26324,7082.380859375
26325,7960.26171875
26326,7643.6240234375
26327,8261.2080078125
26328,7082.380859375
26329,7119.68798828125
26330,7710.13818359375
26331,8325.6416015625
26332,8091.63330078125
26333,7960.26171875
26334,7082.380859375
26335,7196.55126953125
26336,7082.380859375
26337,7680.93115234375
26338,6812.3515625
26339,7373.5947265625
26340,7119.68798828125
26341,6812.3515625
26342,7964.56591796875
26343,7960.26171875
26344,7489.99951171875
26345,7710.13818359375
26346,8243.8974609375
26347,7082.380859375
26348,7960.26171875
26349,7119.68798828125
26350,8243.8974609375
26351,7196.55126953125
26352,7960.26171875
26353,7196.55126953125
26354,7373.5947265625
26355,7119.68798828125
26356,7748.6318359375
26357,5913.7119140625
26358,7960.26171875
26359,8088.931640625
26360,7440.87744140625
26361,7373.5947265625
26362,7960.26171875
26363,7668.3466796875
26364,7960.26171875
26365,7395.421875
26366,7119.68798828125
26367,7119.68798828125
26368,7717.82958984375
26369,8399.3916015625
26370,8397.9970703125
26371,7960.26171875
26372,10034.3046875
26373,7196.55126953125
26374,7119.68798828125
26375,7960.26171875
26376,7463.8759765625
26377,7960.26171875
26378,7734.86083984375
26379,8338.1240234375
26380,8338.1240234375
26381,10034.3046875
26382,7082.380859375
26383,7710.13818359375
26384,7960.26171875
26385,7960.26171875
26386,8397.9970703125
26387,7187.03466796875
26388,6853.6572265625
26389,8338.1240234375
26390,7680.93115234375
26391,7082.380859375
26392,7375.8291015625
26393,7643.6240234375
26394,7119.68798828125
26395,7107.103515625
26396,7710.13818359375
26397,7668.3466796875
26398,7196.55126953125
26399,7960.26171875
26400,8960.4091796875
26401,7710.13818359375
26402,7395.421875
26403,7710.13818359375
26404,8243.8974609375
26405,7668.3466796875
26406,7082.380859375
26407,7643.6240234375
26408,7643.6240234375
26409,7082.380859375
26410,7710.13818359375
26411,7960.26171875
26412,7643.6240234375
26413,7960.26171875
26414,7082.380859375
26415,7107.103515625
26416,8813.5947265625
26417,7680.93115234375
26418,8003.58642578125
26419,7960.26171875
26420,7463.8759765625
26421,7196.55126953125
26422,7082.380859375
26423,7119.68798828125
26424,7960.26171875
26425,8171.26904296875
26426,8088.931640625
26427,9663.974609375
26428,7937.072265625
26429,7196.55126953125
26430,6853.6572265625
26431,7082.380859375
26432,8068.69775390625
26433,8399.3916015625
26434,7710.13818359375
26435,7680.93115234375
26436,7107.103515625
26437,7680.93115234375
26438,9421.59375
26439,7107.103515625
26440,7163.587890625
26441,6739.48681640625
26442,6211.88623046875
26443,7082.380859375
26444,7643.6240234375
26445,7643.6240234375
26446,7082.380859375
26447,7710.13818359375
26448,7375.8291015625
26449,7196.55126953125
26450,8088.931640625
26451,7710.13818359375
26452,7680.93115234375
26453,7960.26171875
26454,7153.1953125
26455,8088.931640625
26456,7710.13818359375
26457,7734.86083984375
26458,7710.13818359375
26459,6739.48681640625
26460,8552.3681640625
26461,7710.13818359375
26462,7163.587890625
26463,7710.13818359375
26464,9579.974609375
26465,8261.2080078125
26466,7960.26171875
26467,7937.072265625
26468,7107.103515625
26469,9065.955078125
26470,8399.3916015625
26471,7300.72998046875
26472,7196.55126953125
26473,9350.0087890625
26474,8138.97607421875
26475,8398.0576171875
26476,7577.73291015625
26477,7082.380859375
26478,6812.3515625
26479,7862.205078125
26480,7748.6318359375
26481,6812.3515625
26482,7196.55126953125
26483,7463.8759765625
26484,7710.13818359375
26485,7862.205078125
26486,7196.55126953125
26487,7643.6240234375
26488,7196.55126953125
26489,7196.55126953125
26490,7960.26171875
26491,8381.658203125
26492,7373.5947265625
26493,7196.55126953125
26494,7960.26171875
26495,7862.205078125
26496,7960.26171875
26497,8642.7041015625
26498,7082.380859375
26499,7373.5947265625
26500,7960.26171875
26501,7196.55126953125
26502,8415.9775390625
26503,7375.8291015625
26504,7710.13818359375
26505,7196.55126953125
26506,7553.64208984375
26507,6812.3515625
26508,7367.244140625
26509,7853.466796875
26510,7082.380859375
26511,7196.55126953125
26512,8088.931640625
26513,8088.931640625
26514,8468.1767578125
26515,7577.73291015625
26516,8138.97607421875
26517,8468.1767578125
26518,7463.8759765625
26519,7082.380859375
26520,7196.55126953125
26521,11250.1103515625
26522,7868.0693359375
26523,7107.103515625
26524,8468.1767578125
26525,7375.8291015625
26526,7196.55126953125
26527,7862.205078125
26528,7162.27294921875
26529,7196.55126953125
26530,7082.380859375
26531,6812.3515625
26532,7082.380859375
26533,9180.1923828125
26534,9180.1923828125
26535,9774.5849609375
26536,8130.69580078125
26537,9120.6572265625
26538,8939.7744140625
26539,9578.4345703125
26540,9157.96484375
26541,9578.4345703125
26542,8850.6279296875
26543,9195.5693359375
26544,9395.62890625
26545,8894.3974609375
26546,8426.673828125
26547,9540.791015625
26548,9578.4345703125
26549,9395.62890625
26550,8571.8359375
26551,8849.0791015625
26552,8426.673828125
26553,10346.68359375
26554,9195.5693359375
26555,10318.05859375
26556,10440.9091796875
26557,9723.5966796875
26558,9197.29296875
26559,9723.5966796875
26560,8356.7041015625
26561,9879.37890625
26562,9340.7314453125
26563,8999.6494140625
26564,9234.4765625
26565,8807.2451171875
26566,9515.990234375
26567,9088.74609375
26568,10553.8955078125
26569,8809.203125
26570,9303.126953125
26571,9670.2900390625
26572,10333.2529296875
26573,9120.6572265625
26574,9723.5966796875
26575,9303.126953125
26576,9395.62890625
26577,9534.1708984375
26578,9578.4345703125
26579,9120.0888671875
26580,8904.111328125
26581,10198.4296875
26582,9120.6572265625
26583,8824.3564453125
26584,9395.822265625
26585,8809.203125
26586,10742.4560546875
26587,10262.4375
26588,8624.296875
26589,9578.4345703125
26590,8939.7744140625
26591,8626.7333984375
26592,9578.4345703125
26593,9501.228515625
26594,9723.5966796875
26595,9723.5966796875
26596,9088.74609375
26597,8850.6279296875
26598,9551.861328125
26599,8675.408203125
26600,9188.5087890625
26601,9369.3916015625
26602,9578.4345703125
26603,8700.130859375
26604,8675.408203125
26605,9749.962890625
26606,8875.4677734375
26607,9175.298828125
26608,9188.5087890625
26609,9723.5966796875
26610,10601.1484375
26611,8672.4658203125
26612,9551.861328125
26613,9049.2734375
26614,9817.0595703125
26615,8681.982421875
26616,9369.3916015625
26617,9723.5966796875
26618,9578.4345703125
26619,9578.4345703125
26620,9540.791015625
26621,9369.3916015625
26622,9723.5966796875
26623,8827.14453125
26624,9099.3623046875
26625,9723.5966796875
26626,9578.4345703125
26627,9020.6298828125
26628,9578.4345703125
26629,9369.3916015625
26630,8750.6005859375
26631,8989.287109375
26632,8827.14453125
26633,8875.4677734375
26634,8875.4677734375
26635,9369.3916015625
26636,9017.9306640625
26637,8857.8779296875
26638,8904.111328125
26639,8675.408203125
26640,8875.4677734375
26641,8681.982421875
26642,8672.4658203125
26643,9369.3916015625
26644,9244.5244140625
26645,9578.4345703125
26646,9402.025390625
26647,8827.14453125
26648,9723.5966796875
26649,9020.6298828125
26650,9578.4345703125
26651,9369.3916015625
26652,9188.5087890625
26653,9723.5966796875
26654,8750.6005859375
26655,9578.4345703125
26656,9540.791015625
26657,9551.861328125
26658,9723.5966796875
26659,9578.4345703125
26660,9540.791015625
26661,8875.4677734375
26662,8605.4384765625
26663,10742.9677734375
26664,9406.69921875
26665,8789.2275390625
26666,8875.4677734375
26667,9369.3916015625
26668,10011.033203125
26669,8712.7158203125
26670,9406.69921875
26671,9406.69921875
26672,9904.1015625
26673,9551.861328125
26674,8912.775390625
26675,9092.6015625
26676,9406.69921875
26677,9723.5966796875
26678,9055.9794921875
26679,9578.4345703125
26680,8865.888671875
26681,9551.861328125
26682,8675.408203125
26683,8675.408203125
26684,8827.14453125
26685,9394.1142578125
26686,9102.8779296875
26687,12415.8515625
26688,9406.69921875
26689,9340.7314453125
26690,9369.3916015625
26691,9133.611328125
26692,9723.5966796875
26693,8712.7158203125
26694,10058.646484375
26695,9406.69921875
26696,8681.982421875
26697,8372.380859375
26698,9578.4345703125
26699,8827.14453125
26700,8857.8779296875
26701,9487.365234375
26702,9683.984375
26703,9099.3623046875
26704,9052.734375
26705,9369.3916015625
26706,9369.3916015625
26707,9723.5966796875
26708,8827.14453125
26709,9394.1142578125
26710,9369.3916015625
26711,9540.791015625
26712,11060.87109375
26713,9723.5966796875
26714,9540.791015625
26715,9369.3916015625
26716,9551.861328125
26717,8912.775390625
26718,9256.0390625
26719,9233.45703125
26720,9869.7998046875
26721,9057.9375
26722,9055.9794921875
26723,8665.8291015625
26724,9879.37890625
26725,9406.69921875
26726,9975.7265625
26727,9684.8427734375
26728,9723.5966796875
26729,8550.541015625
26730,13525.400390625
26731,11060.87109375
26732,10040.30859375
26733,8526.2255859375
26734,8824.3564453125
26735,10742.9677734375
26736,8541.607421875
26737,12356.185546875
26738,13523.6640625
26739,8681.982421875
26740,8712.7158203125
26741,9369.3916015625
26742,9406.69921875
26743,13787.1767578125
26744,9095.36328125
26745,9485.2890625
26746,8071.15478515625
26747,8526.2255859375
26748,9540.791015625
26749,9485.2890625
26750,8827.14453125
26751,9102.8779296875
26752,9723.5966796875
26753,8582.263671875
26754,8372.380859375
26755,9276.24609375
26756,8582.263671875
26757,8865.888671875
26758,9551.861328125
26759,9313.5546875
26760,9006.216796875
26761,9617.505859375
26762,8619.5703125
26763,9276.24609375
26764,9551.861328125
26765,9723.5966796875
26766,10969.435546875
26767,9485.2890625
26768,9540.791015625
26769,9095.36328125
26770,9276.24609375
26771,8588.837890625
26772,8619.5703125
26773,8782.322265625
26774,9057.9375
26775,8588.837890625
26776,9443.33984375
26777,9551.861328125
26778,8312.234375
26779,8644.57421875
26780,9551.861328125
26781,8750.6005859375
26782,8835.689453125
26783,12322.70703125
26784,8827.14453125
26785,10305.34375
26786,8857.8779296875
26787,9006.216796875
26788,8582.263671875
26789,9674.04296875
26790,8245.943359375
26791,10237.458984375
26792,9341.0068359375
26793,14075.5107421875
26794,12623.7802734375
26795,8699.2900390625
26796,9412.9365234375
26797,8699.2900390625
26798,9595.7421875
26799,10518.3955078125
26800,8975.0234375
26801,9102.208984375
26802,10771.2626953125
26803,9930.8193359375
26804,9595.7421875
26805,8921.4189453125
26806,9102.208984375
26807,9026.53515625
26808,8826.4755859375
26809,8699.2900390625
26810,9261.494140625
26811,9896.6865234375
26812,9595.7421875
26813,8921.4189453125
26814,9483.1513671875
26815,9595.7421875
26816,13315.9814453125
26817,8699.2900390625
26818,8989.2275390625
26819,9595.7421875
26820,9412.9365234375
26821,9595.7421875
26822,9026.53515625
26823,8699.2900390625
26824,8699.2900390625
26825,8921.4189453125
26826,11473.921875
26827,9595.7421875
26828,9520.458984375
26829,10170.033203125
26830,14923.5732421875
26831,10078.669921875
26832,9257.5009765625
26833,10155.8955078125
26834,10041.3623046875
26835,10153.953125
26836,9372.1015625
26837,10041.3623046875
26838,9321.28125
26839,10032.4892578125
26840,8938.6611328125
26841,10291.8408203125
26842,8367.1435546875
26843,8552.0146484375
26844,9245.998046875
26845,8424.8291015625
26846,8714.7666015625
26847,8424.8291015625
26848,8752.07421875
26849,8714.7666015625
26850,8718.27734375
26851,9922.9951171875
26852,9659.1298828125
26853,9476.32421875
26854,10253.5224609375
26855,8762.677734375
26856,9659.1298828125
26857,9659.1298828125
26858,9056.1259765625
26859,9052.615234375
26860,10116.40625
26861,8753.1611328125
26862,9659.1298828125
26863,9276.2646484375
26864,9960.07421875
26865,10073.0966796875
26866,11299.822265625
26867,8582.5263671875
26868,9038.4111328125
26869,9659.1298828125
26870,9659.1298828125
26871,9839.9873046875
26872,9659.1298828125
26873,8889.86328125
26874,9546.5390625
26875,9089.9228515625
26876,9546.5390625
26877,9077.337890625
26878,10073.0966796875
26879,9233.126953125
26880,9960.07421875
26881,9659.1298828125
26882,11343.3359375
26883,8889.86328125
26884,9052.615234375
26885,9476.32421875
26886,9659.1298828125
26887,9659.1298828125
26888,12496.546875
26889,8762.677734375
26890,9276.509765625
26891,9379.11328125
26892,8762.677734375
26893,9583.8466796875
26894,9659.1298828125
26895,9659.1298828125
26896,9659.1298828125
26897,9659.1298828125
26898,13867.8720703125
26899,9089.9228515625
26900,9659.1298828125
26901,10312.462890625
26902,10688.19140625
26903,9346.0634765625
26904,8762.677734375
26905,9659.1298828125
26906,8984.806640625
26907,8852.5556640625
26908,8762.677734375
26909,9659.1298828125
26910,8509.6611328125
26911,8984.806640625
26912,8852.5556640625
26913,9476.32421875
26914,9089.9228515625
26915,9960.07421875
26916,8852.5556640625
26917,8787.400390625
26918,8762.677734375
26919,9960.07421875
26920,10087.8583984375
26921,10253.5224609375
26922,9233.126953125
26923,9052.615234375
26924,9476.32421875
26925,9276.2646484375
26926,9089.9228515625
26927,9659.1298828125
26928,9546.5390625
26929,8981.9873046875
26930,8753.1611328125
26931,9476.32421875
26932,10488.599609375
26933,9659.1298828125
26934,9476.32421875
26935,8704.9921875
26936,8762.677734375
26937,9165.5966796875
26938,9476.32421875
26939,10052.4873046875
26940,10052.4873046875
26941,11389.76171875
26942,10052.4873046875
26943,10052.4873046875
26944,10052.4873046875
26945,10353.431640625
26946,10052.4873046875
26947,9445.97265625
26948,9669.8671875
26949,9156.03515625
26950,8903.0185546875
26951,9939.896484375
26952,9539.361328125
26953,9449.4833984375
26954,10010.537109375
26955,9283.220703125
26956,9939.896484375
26957,9156.03515625
26958,9869.681640625
26959,10052.4873046875
26960,9355.5009765625
26961,10055.0849609375
26962,9355.5009765625
26963,8786.2939453125
26964,8478.95703125
26965,9656.4453125
26966,8548.9267578125
26967,8838.083984375
26968,8972.880859375
26969,9280.2177734375
26970,16323.3779296875
26971,8206.0322265625
26972,8459.048828125
26973,11261.533203125
26974,8278.8974609375
26975,8748.986328125
26976,8459.048828125
26977,9636.462890625
26978,8838.619140625
26979,9462.3876953125
26980,8838.619140625
26981,9569.91015625
26982,9038.6787109375
26983,8970.8701171875
26984,9569.91015625
26985,9569.91015625
26986,12400.6484375
26987,9569.91015625
26988,10592.29296875
26989,9038.6787109375
26990,9970.8603515625
26991,11891.9619140625
26992,10512.025390625
26993,9645.193359375
26994,9529.8564453125
26995,8748.7412109375
26996,8970.8701171875
26997,9532.6025390625
26998,9645.193359375
26999,9898.30859375
27000,8863.341796875
27001,10982.4677734375
27002,9075.986328125
27003,8838.619140625
27004,9337.2880859375
27005,9569.91015625
27006,9075.986328125
27007,9189.7080078125
27008,8875.9267578125
27009,9462.3876953125
27010,9826.05078125
27011,9462.3876953125
27012,9645.193359375
27013,9038.6787109375
27014,8748.7412109375
27015,8666.5986328125
27016,9645.193359375
27017,9075.986328125
27018,9645.193359375
27019,8838.619140625
27020,9645.193359375
27021,9645.193359375
27022,8863.341796875
27023,8970.8701171875
27024,9262.5732421875
27025,9075.986328125
27026,9332.126953125
27027,9462.3876953125
27028,9569.91015625
27029,9569.91015625
27030,9645.193359375
27031,8405.8466796875
27032,8915.837890625
27033,9483.2744140625
27034,9075.986328125
27035,10292.341796875
27036,9189.7080078125
27037,9645.193359375
27038,8838.619140625
27039,10485.884765625
27040,9462.3876953125
27041,8748.7412109375
27042,9110.5615234375
27043,9992.6376953125
27044,9487.1103515625
27045,9532.6025390625
27046,8838.619140625
27047,9645.193359375
27048,9532.6025390625
27049,9645.193359375
27050,9783.94140625
27051,8891.115234375
27052,9645.193359375
27053,9151.66015625
27054,9038.6787109375
27055,9462.3876953125
27056,9024.474609375
27057,8838.619140625
27058,9038.6787109375
27059,9703.14453125
27060,9038.6787109375
27061,8568.58984375
27062,9565.173828125
27063,8405.8466796875
27064,8627.9755859375
27065,8695.7841796875
27066,9645.193359375
27067,9569.91015625
27068,10221.962890625
27069,9462.3876953125
27070,10216.564453125
27071,8863.341796875
27072,8773.4638671875
27073,8863.341796875
27074,10727.2529296875
27075,8875.9267578125
27076,9791.900390625
27077,9042.189453125
27078,9038.6787109375
27079,9075.986328125
27080,10221.962890625
27081,9075.986328125
27082,8875.9267578125
27083,9645.193359375
27084,9038.6787109375
27085,9351.7197265625
27086,9075.986328125
27087,10533.791015625
27088,8748.7412109375
27089,8768.6494140625
27090,10311.9658203125
27091,9532.6025390625
27092,8891.115234375
27093,9024.474609375
27094,8970.8701171875
27095,12292.5
27096,8748.7412109375
27097,9645.193359375
27098,9645.193359375
27099,9532.6025390625
27100,9075.986328125
27101,9645.193359375
27102,9151.66015625
27103,9645.193359375
27104,12139.66015625
27105,9791.900390625
27106,8891.115234375
27107,9583.8818359375
27108,9645.193359375
27109,9462.3876953125
27110,9569.91015625
27111,9645.193359375
27112,9645.193359375
27113,8838.619140625
27114,9462.3876953125
27115,9038.6787109375
27116,8568.58984375
27117,9075.986328125
27118,9189.7080078125
27119,8838.619140625
27120,9487.1103515625
27121,13749.4443359375
27122,9645.193359375
27123,9645.193359375
27124,9583.8818359375
27125,8748.7412109375
27126,9645.193359375
27127,9024.474609375
27128,10982.4677734375
27129,9645.193359375
27130,9645.193359375
27131,9645.193359375
27132,9618.330078125
27133,12030.318359375
27134,9569.91015625
27135,9645.193359375
27136,10485.884765625
27137,9603.2431640625
27138,9462.3876953125
27139,8695.7841796875
27140,8748.7412109375
27141,9137.228515625
27142,8691.0556640625
27143,8863.341796875
27144,8748.7412109375
27145,9645.193359375
27146,9645.193359375
27147,9569.91015625
27148,9351.7197265625
27149,9532.6025390625
27150,9063.4013671875
27151,9645.193359375
27152,8838.619140625
27153,9645.193359375
27154,9532.6025390625
27155,8682.296875
27156,9462.3876953125
27157,8838.619140625
27158,8748.7412109375
27159,9151.66015625
27160,9256.5478515625
27161,9569.91015625
27162,9569.91015625
27163,9645.193359375
27164,9831.2119140625
27165,9532.6025390625
27166,8495.724609375
27167,9970.8603515625
27168,9063.4013671875
27169,10239.5859375
27170,8748.7412109375
27171,10243.5029296875
27172,9645.193359375
27173,9569.91015625
27174,9137.228515625
27175,9645.193359375
27176,9995.236328125
27177,9826.05078125
27178,9075.986328125
27179,9403.974609375
27180,8780.2060546875
27181,9586.7802734375
27182,9474.189453125
27183,9887.724609375
27184,8980.265625
27185,9017.5732421875
27186,9403.974609375
27187,10248.6513671875
27188,10185.08984375
27189,9586.7802734375
27190,8780.2060546875
27191,8690.328125
27192,8980.265625
27193,9511.4970703125
27194,8710.236328125
27195,9204.16015625
27196,8817.513671875
27197,8510.1767578125
27198,9511.4970703125
27199,9586.7802734375
27200,8983.7763671875
27201,9403.974609375
27202,9586.7802734375
27203,8980.265625
27204,9586.7802734375
27205,8817.513671875
27206,9586.7802734375
27207,8690.328125
27208,9586.7802734375
27209,8690.328125
27210,9204.16015625
27211,8817.513671875
27212,9586.7802734375
27213,7823.16552734375
27214,9586.7802734375
27215,9733.4873046875
27216,8709.7490234375
27217,9204.16015625
27218,9586.7802734375
27219,9498.912109375
27220,9586.7802734375
27221,9293.306640625
27222,8817.513671875
27223,9017.5732421875
27224,9611.2265625
27225,9839.8955078125
27226,10427.4716796875
27227,9586.7802734375
27228,12342.2353515625
27229,8690.328125
27230,8817.513671875
27231,9586.7802734375
27232,9078.8154296875
27233,9586.7802734375
27234,9428.697265625
27235,10163.5498046875
27236,10163.5498046875
27237,11833.548828125
27238,8980.265625
27239,9403.974609375
27240,9586.7802734375
27241,9586.7802734375
27242,9918.78515625
27243,8680.8115234375
27244,8347.43359375
27245,10163.5498046875
27246,9511.4970703125
27247,8980.265625
27248,9073.654296875
27249,9474.189453125
27250,8817.513671875
27251,8804.9287109375
27252,9403.974609375
27253,9498.912109375
27254,8690.328125
27255,9586.7802734375
27256,10785.8349609375
27257,9203.9150390625
27258,9293.306640625
27259,9403.974609375
27260,9586.7802734375
27261,9498.912109375
27262,8780.2060546875
27263,9474.189453125
27264,9474.189453125
27265,8780.2060546875
27266,9403.974609375
27267,9586.7802734375
27268,9474.189453125
27269,9586.7802734375
27270,8780.2060546875
27271,9004.98828125
27272,9644.7314453125
27273,9511.4970703125
27274,9497.36328125
27275,9586.7802734375
27276,9078.8154296875
27277,8690.328125
27278,8980.265625
27279,9017.5732421875
27280,9586.7802734375
27281,9692.05859375
27282,9224.8017578125
27283,11971.9052734375
27284,9767.6376953125
27285,8690.328125
27286,8347.43359375
27287,8980.265625
27288,9962.0947265625
27289,9839.8955078125
27290,9403.974609375
27291,9511.4970703125
27292,9004.98828125
27293,9511.4970703125
27294,10862.09765625
27295,8804.9287109375
27296,8857.4248046875
27297,8437.3115234375
27298,7173.47314453125
27299,8780.2060546875
27300,9474.189453125
27301,9474.189453125
27302,8780.2060546875
27303,9403.974609375
27304,9073.654296875
27305,8690.328125
27306,9733.4873046875
27307,9403.974609375
27308,9511.4970703125
27309,9586.7802734375
27310,8694.505859375
27311,9224.8017578125
27312,9403.974609375
27313,9428.697265625
27314,9403.974609375
27315,8437.3115234375
27316,10475.3779296875
27317,9403.974609375
27318,8857.4248046875
27319,9403.974609375
27320,11405.400390625
27321,9887.724609375
27322,9586.7802734375
27323,9767.6376953125
27324,8804.9287109375
27325,10988.96484375
27326,9839.8955078125
27327,9131.294921875
27328,8690.328125
27329,11657.939453125
27330,9969.5419921875
27331,10321.0693359375
27332,9275.55859375
27333,8780.2060546875
27334,8510.1767578125
27335,9198.134765625
27336,9586.7802734375
27337,8710.236328125
27338,8690.328125
27339,9278.875
27340,9403.974609375
27341,9506.7607421875
27342,8690.328125
27343,9474.189453125
27344,8690.328125
27345,8690.328125
27346,9586.7802734375
27347,10504.728515625
27348,9204.16015625
27349,8690.328125
27350,9586.7802734375
27351,9506.7607421875
27352,9586.7802734375
27353,10668.83984375
27354,8980.265625
27355,9204.16015625
27356,9586.7802734375
27357,8690.328125
27358,10442.11328125
27359,9073.654296875
27360,9403.974609375
27361,8690.328125
27362,9476.6552734375
27363,8710.236328125
27364,8861.0205078125
27365,9751.3515625
27366,8780.2060546875
27367,8690.328125
27368,9933.546875
27369,9933.546875
27370,10094.693359375
27371,9275.55859375
27372,9969.5419921875
27373,10094.693359375
27374,9078.8154296875
27375,8780.2060546875
27376,8690.328125
27377,12081.2470703125
27378,9791.08203125
27379,9004.98828125
27380,10094.693359375
27381,9073.654296875
27382,8690.328125
27383,9198.134765625
27384,9055.669921875
27385,8690.328125
27386,8980.265625
27387,8510.1767578125
27388,8780.2060546875
27389,10806.708984375
27390,10806.708984375
27391,11401.1015625
27392,9624.47265625
27393,0.0
27394,0.0
27395,0.0
27396,0.0
27397,0.0
27398,0.0
27399,0.0
27400,0.0
27401,0.0
27402,0.0
27403,0.0
27404,0.0
27405,0.0
27406,0.0
27407,0.0
27408,0.0
27409,0.0
27410,0.0
27411,0.0
27412,0.0
27413,0.0
27414,0.0
27415,0.0
27416,0.0
27417,0.0
27418,0.0
27419,0.0
27420,0.0
27421,0.0
27422,0.0
27423,0.0
27424,0.0
27425,0.0
27426,0.0
27427,0.0
27428,0.0
27429,0.0
27430,0.0
27431,0.0
27432,0.0
27433,0.0
27434,0.0
27435,0.0
27436,0.0
27437,0.0
27438,0.0
27439,0.0
27440,0.0
27441,0.0
27442,0.0
27443,0.0
27444,0.0
27445,0.0
27446,0.0
27447,0.0
27448,0.0
27449,0.0
27450,0.0
27451,0.0
27452,0.0
27453,0.0
27454,0.0
27455,0.0
27456,0.0
27457,0.0
27458,0.0
27459,0.0
27460,0.0
27461,0.0
27462,0.0
27463,0.0
27464,0.0
27465,0.0
27466,0.0
27467,0.0
27468,0.0
27469,0.0
27470,0.0
27471,0.0
27472,0.0
27473,0.0
27474,0.0
27475,0.0
27476,0.0
27477,0.0
27478,0.0
27479,0.0
27480,0.0
27481,0.0
27482,0.0
27483,0.0
27484,5076.9375
27485,0.0
27486,0.0
27487,0.0
27488,0.0
27489,0.0
27490,0.0
27491,0.0
27492,0.0
27493,0.0
27494,0.0
27495,0.0
27496,0.0
27497,0.0
27498,0.0
27499,0.0
27500,0.0
27501,0.0
27502,0.0
27503,0.0
27504,0.0
27505,0.0
27506,0.0
27507,0.0
27508,0.0
27509,0.0
27510,0.0
27511,0.0
27512,0.0
27513,0.0
27514,0.0
27515,0.0
27516,0.0
27517,0.0
27518,0.0
27519,0.0
27520,0.0
27521,0.0
27522,0.0
27523,0.0
27524,0.0
27525,0.0
27526,0.0
27527,0.0
27528,0.0
27529,0.0
27530,0.0
27531,0.0
27532,0.0
27533,0.0
27534,0.0
27535,0.0
27536,0.0
27537,0.0
27538,0.0
27539,0.0
27540,0.0
27541,0.0
27542,0.0
27543,0.0
27544,0.0
27545,0.0
27546,0.0
27547,0.0
27548,0.0
27549,0.0
27550,0.0
27551,0.0
27552,4181.35693359375
27553,0.0
27554,0.0
27555,0.0
27556,0.0
27557,0.0
27558,0.0
27559,0.0
27560,0.0
27561,0.0
27562,0.0
27563,0.0
27564,0.0
27565,0.0
27566,0.0
27567,0.0
27568,0.0
27569,0.0
27570,0.0
27571,0.0
27572,0.0
27573,0.0
27574,0.0
27575,0.0
27576,0.0
27577,0.0
27578,0.0
27579,0.0
27580,0.0
27581,0.0
27582,0.0
27583,0.0
27584,0.0
27585,0.0
27586,0.0
27587,0.0
27588,0.0
27589,0.0
27590,0.0
27591,0.0
27592,0.0
27593,12924.1103515625
27594,17835.572265625
27595,0.0
27596,0.0
27597,0.0
27598,0.0
27599,0.0
27600,0.0
27601,0.0
27602,7624.41845703125
27603,0.0
27604,0.0
27605,0.0
27606,0.0
27607,0.0
27608,0.0
27609,0.0
27610,0.0
27611,0.0
27612,0.0
27613,0.0
27614,0.0
27615,0.0
27616,0.0
27617,0.0
27618,0.0
27619,0.0
27620,0.0
27621,5222.099609375
27622,0.0
27623,0.0
27624,0.0
27625,0.0
27626,0.0
27627,0.0
27628,0.0
27629,0.0
27630,0.0
27631,4319.34814453125
27632,0.0
27633,0.0
27634,0.0
27635,0.0
27636,0.0
27637,0.0
27638,0.0
27639,0.0
27640,0.0
27641,0.0
27642,0.0
27643,0.0
27644,0.0
27645,0.0
27646,0.0
27647,0.0
27648,0.0
27649,10371.4033203125
27650,0.0
27651,0.0
27652,0.0
27653,0.0
27654,0.0
27655,0.0
27656,0.0
27657,0.0
27658,0.0
27659,0.0
27660,0.0
27661,0.0
27662,0.0
27663,0.0
27664,0.0
27665,0.0
27666,7399.88720703125
27667,0.0
27668,0.0
27669,0.0
27670,0.0
27671,0.0
27672,0.0
27673,0.0
27674,0.0
27675,0.0
27676,0.0
27677,0.0
27678,0.0
27679,0.0
27680,0.0
27681,0.0
27682,0.0
27683,0.0
27684,0.0
27685,0.0
27686,0.0
27687,0.0
27688,0.0
27689,0.0
27690,0.0
27691,0.0
27692,0.0
27693,0.0
27694,0.0
27695,0.0
27696,0.0
27697,0.0
27698,0.0
27699,0.0
27700,0.0
27701,0.0
27702,0.0
27703,0.0
27704,0.0
27705,0.0
27706,0.0
27707,0.0
27708,0.0
27709,0.0
27710,0.0
27711,0.0
27712,0.0
27713,0.0
27714,0.0
27715,0.0
27716,0.0
27717,0.0
27718,0.0
27719,0.0
27720,0.0
27721,0.0
27722,0.0
27723,0.0
27724,0.0
27725,0.0
27726,0.0
27727,0.0
27728,4671.419921875
27729,0.0
27730,0.0
27731,0.0
27732,0.0
27733,0.0
27734,0.0
27735,0.0
27736,0.0
27737,0.0
27738,0.0
27739,0.0
27740,0.0
27741,0.0
27742,5054.7646484375
27743,0.0
27744,0.0
27745,0.0
27746,0.0
27747,0.0
27748,0.0
27749,0.0
27750,0.0
27751,0.0
27752,0.0
27753,0.0
27754,0.0
27755,0.0
27756,0.0
27757,0.0
27758,0.0
27759,0.0
27760,0.0
27761,0.0
27762,0.0
27763,0.0
27764,0.0
27765,0.0
27766,0.0
27767,0.0
27768,0.0
27769,0.0
27770,0.0
27771,0.0
27772,0.0
27773,0.0
27774,0.0
27775,0.0
27776,0.0
27777,0.0
27778,0.0
27779,0.0
27780,0.0
27781,0.0
27782,0.0
27783,0.0
27784,0.0
27785,7463.27490234375
27786,0.0
27787,0.0
27788,0.0
27789,0.0
27790,0.0
27791,0.0
27792,0.0
27793,0.0
27794,0.0
27795,5054.7646484375
27796,0.0
27797,0.0
27798,0.0
27799,5266.39453125
27800,0.0
27801,0.0
27802,0.0
27803,0.0
27804,0.0
27805,0.0
27806,0.0
27807,0.0
27808,0.0
27809,0.0
27810,0.0
27811,0.0
27812,0.0
27813,0.0
27814,0.0
27815,0.0
27816,0.0
27817,0.0
27818,0.0
27819,0.0
27820,0.0
27821,0.0
27822,0.0
27823,0.0
27824,0.0
27825,0.0
27826,14870.095703125
27827,0.0
27828,0.0
27829,0.0
27830,0.0
27831,0.0
27832,0.0
27833,0.0
27834,0.0
27835,0.0
27836,0.0
27837,0.0
27838,0.0
27839,0.0
27840,4649.521484375
27841,0.0
27842,0.0
27843,0.0
27844,0.0
27845,0.0
27846,0.0
27847,0.0
27848,0.0
27849,0.0
27850,0.0
27851,0.0
27852,0.0
27853,0.0
27854,0.0
27855,0.0
27856,0.0
27857,0.0
27858,0.0
27859,0.0
27860,0.0
27861,0.0
27862,0.0
27863,0.0
27864,0.0
27865,0.0
27866,0.0
27867,0.0
27868,0.0
27869,0.0
27870,0.0
27871,0.0
27872,0.0
27873,0.0
27874,0.0
27875,0.0
27876,0.0
27877,0.0
27878,0.0
27879,0.0
27880,0.0
27881,0.0
27882,0.0
27883,0.0
27884,0.0
27885,0.0
27886,0.0
27887,0.0
27888,0.0
27889,0.0
27890,0.0
27891,0.0
27892,0.0
27893,0.0
27894,0.0
27895,0.0
27896,0.0
27897,0.0
27898,0.0
27899,0.0
27900,0.0
27901,0.0
27902,0.0
27903,0.0
27904,0.0
27905,0.0
27906,0.0
27907,0.0
27908,0.0
27909,0.0
27910,0.0
27911,0.0
27912,0.0
27913,0.0
27914,0.0
27915,9229.990234375
27916,0.0
27917,0.0
27918,0.0
27919,0.0
27920,0.0
27921,0.0
27922,0.0
27923,0.0
27924,0.0
27925,0.0
27926,0.0
27927,0.0
27928,0.0
27929,0.0
27930,0.0
27931,0.0
27932,0.0
27933,0.0
27934,0.0
27935,0.0
27936,0.0
27937,0.0
27938,0.0
27939,0.0
27940,0.0
27941,0.0
27942,0.0
27943,0.0
27944,0.0
27945,0.0
27946,0.0
27947,0.0
27948,0.0
27949,0.0
27950,0.0
27951,0.0
27952,0.0
27953,0.0
27954,0.0
27955,0.0
27956,0.0
27957,0.0
27958,0.0
27959,5054.7646484375
27960,11914.1806640625
27961,0.0
27962,0.0
27963,0.0
27964,0.0
27965,0.0
27966,0.0
27967,0.0
27968,0.0
27969,0.0
27970,0.0
27971,0.0
27972,0.0
27973,0.0
27974,0.0
27975,0.0
27976,0.0
27977,0.0
27978,0.0
27979,0.0
27980,0.0
27981,0.0
27982,0.0
27983,0.0
27984,0.0
27985,0.0
27986,0.0
27987,0.0
27988,7463.27490234375
27989,0.0
27990,0.0
27991,0.0
27992,0.0
27993,0.0
27994,0.0
27995,0.0
27996,0.0
27997,0.0
27998,0.0
27999,0.0
28000,0.0
28001,0.0
28002,0.0
28003,0.0
28004,0.0
28005,0.0
28006,0.0
28007,0.0
28008,0.0
28009,0.0
28010,0.0
28011,0.0
28012,0.0
28013,0.0
28014,0.0
28015,0.0
28016,0.0
28017,0.0
28018,0.0
28019,0.0
28020,0.0
28021,0.0
28022,0.0
28023,0.0
28024,0.0
28025,0.0
28026,0.0
28027,0.0
28028,0.0
28029,0.0
28030,0.0
28031,0.0
28032,0.0
28033,0.0
28034,0.0
28035,0.0
28036,0.0
28037,0.0
28038,0.0
28039,0.0
28040,0.0
28041,0.0
28042,0.0
28043,0.0
28044,0.0
28045,0.0
28046,0.0
28047,0.0
28048,0.0
28049,0.0
28050,0.0
28051,0.0
28052,0.0
28053,0.0
28054,0.0
28055,0.0
28056,0.0
28057,0.0
28058,5108.2705078125
28059,0.0
28060,0.0
28061,0.0
28062,5108.2705078125
28063,0.0
28064,0.0
28065,0.0
28066,0.0
28067,0.0
28068,0.0
28069,0.0
28070,0.0
28071,0.0
28072,0.0
28073,0.0
28074,0.0
28075,0.0
28076,0.0
28077,0.0
28078,0.0
28079,0.0
28080,0.0
28081,0.0
28082,0.0
28083,0.0
28084,0.0
28085,0.0
28086,0.0
28087,0.0
28088,0.0
28089,0.0
28090,0.0
28091,0.0
28092,0.0
28093,0.0
28094,0.0
28095,0.0
28096,0.0
28097,0.0
28098,0.0
28099,0.0
28100,0.0
28101,0.0
28102,0.0
28103,0.0
28104,0.0
28105,0.0
28106,0.0
28107,0.0
28108,0.0
28109,0.0
28110,0.0
28111,0.0
28112,0.0
28113,4565.0166015625
28114,0.0
28115,0.0
28116,0.0
28117,0.0
28118,0.0
28119,0.0
28120,0.0
28121,0.0
28122,0.0
28123,0.0
28124,0.0
28125,0.0
28126,0.0
28127,0.0
28128,9171.5771484375
28129,0.0
28130,0.0
28131,0.0
28132,0.0
28133,0.0
28134,0.0
28135,0.0
28136,0.0
28137,0.0
28138,0.0
28139,0.0
28140,0.0
28141,0.0
28142,0.0
28143,0.0
28144,0.0
28145,0.0
28146,0.0
28147,0.0
28148,0.0
28149,0.0
28150,0.0
28151,0.0
28152,0.0
28153,0.0
28154,0.0
28155,0.0
28156,0.0
28157,0.0
28158,0.0
28159,0.0
28160,0.0
28161,0.0
28162,0.0
28163,0.0
28164,0.0
28165,0.0
28166,0.0
28167,0.0
28168,0.0
28169,0.0
28170,0.0
28171,0.0
28172,0.0
28173,0.0
28174,0.0
28175,0.0
28176,0.0
28177,0.0
28178,0.0
28179,0.0
28180,0.0
28181,0.0
28182,0.0
28183,0.0
28184,0.0
28185,0.0
28186,0.0
28187,0.0
28188,0.0
28189,0.0
28190,0.0
28191,0.0
28192,4996.3505859375
28193,0.0
28194,0.0
28195,0.0
28196,0.0
28197,0.0
28198,0.0
28199,0.0
28200,0.0
28201,0.0
28202,0.0
28203,0.0
28204,0.0
28205,0.0
28206,0.0
28207,0.0
28208,0.0
28209,0.0
28210,0.0
28211,0.0
28212,0.0
28213,0.0
28214,0.0
28215,0.0
28216,0.0
28217,0.0
28218,0.0
28219,0.0
28220,0.0
28221,0.0
28222,0.0
28223,0.0
28224,0.0
28225,0.0
28226,0.0
28227,0.0
28228,0.0
28229,0.0
28230,0.0
28231,0.0
28232,0.0
28233,11855.767578125
28234,4899.5859375
28235,0.0
28236,0.0
28237,0.0
28238,0.0
28239,0.0
28240,0.0
28241,0.0
28242,0.0
28243,0.0
28244,0.0
28245,0.0
28246,0.0
28247,0.0
28248,0.0
28249,5707.00048828125
28250,4543.103515625
28251,6109.07470703125
28252,5134.79150390625
28253,6283.04638671875
28254,5134.79150390625
28255,5816.39306640625
28256,5816.39306640625
28257,0.0
28258,4357.01904296875
28259,6113.763671875
28260,6283.04638671875
28261,5968.6015625
28262,0.0
28263,5245.1201171875
28264,0.0
28265,6807.82666015625
28266,5968.6015625
28267,6968.74658203125
28268,6192.798828125
28269,6428.20849609375
28270,5149.2421875
28271,6428.20849609375
28272,0.0
28273,7026.59423828125
28274,6113.763671875
28275,0.0
28276,5820.81982421875
28277,5112.17529296875
28278,5112.17529296875
28279,0.0
28280,6678.97021484375
28281,5138.7060546875
28282,5764.27001953125
28283,0.0
28284,6838.25048828125
28285,5222.68408203125
28286,5970.60205078125
28287,5764.27001953125
28288,0.0
28289,0.0
28290,5613.81005859375
28291,5893.12060546875
28292,5677.1435546875
28293,6323.50439453125
28294,5134.79150390625
28295,5397.32861328125
28296,6210.63134765625
28297,5138.7060546875
28298,7471.51025390625
28299,6767.435546875
28300,5245.1201171875
28301,6283.04638671875
28302,4543.103515625
28303,4357.01904296875
28304,6725.64990234375
28305,5931.97216796875
28306,6254.23681640625
28307,5970.60205078125
28308,5709.5693359375
28309,5134.79150390625
28310,6013.00537109375
28311,0.0
28312,5075.4736328125
28313,5383.52685546875
28314,6283.04638671875
28315,4870.12646484375
28316,0.0
28317,6180.70751953125
28318,5242.279296875
28319,5500.1142578125
28320,4791.8388671875
28321,5970.60205078125
28322,6380.17333984375
28323,0.0
28324,0.0
28325,5822.3056640625
28326,5506.896484375
28327,5455.0146484375
28328,5383.52685546875
28329,0.0
28330,6283.04638671875
28331,5613.81005859375
28332,6113.763671875
28333,5471.41943359375
28334,0.0
28335,0.0
28336,5383.52685546875
28337,6428.20849609375
28338,6283.04638671875
28339,5235.23291015625
28340,5613.81005859375
28341,5471.41943359375
28342,5387.44140625
28343,5203.89013671875
28344,5447.96826171875
28345,0.0
28346,5090.07080078125
28347,5955.73583984375
28348,0.0
28349,5387.44140625
28350,0.0
28351,0.0
28352,0.0
28353,5302.80615234375
28354,5293.28955078125
28355,5471.41943359375
28356,6013.00537109375
28357,0.0
28358,0.0
28359,5600.1767578125
28360,6428.20849609375
28361,0.0
28362,5613.81005859375
28363,5471.41943359375
28364,4791.8388671875
28365,5970.60205078125
28366,5387.44140625
28367,6283.04638671875
28368,6113.763671875
28369,6013.00537109375
28370,5970.60205078125
28371,6283.04638671875
28372,6113.763671875
28373,4605.75439453125
28374,0.0
28375,6739.2802734375
28376,5383.52685546875
28377,5203.89013671875
28378,4605.75439453125
28379,5383.52685546875
28380,0.0
28381,0.0
28382,5867.84326171875
28383,5383.52685546875
28384,7026.59423828125
28385,6013.00537109375
28386,4757.962890625
28387,5513.36572265625
28388,0.0
28389,6428.20849609375
28390,0.0
28391,5825.43994140625
28392,4787.04345703125
28393,6013.00537109375
28394,0.0
28395,0.0
28396,0.0
28397,5735.79150390625
28398,5634.052734375
28399,8223.2275390625
28400,5867.84326171875
28401,6113.763671875
28402,5471.41943359375
28403,5704.9521484375
28404,6428.20849609375
28405,0.0
28406,5927.25341796875
28407,5383.52685546875
28408,5455.0146484375
28409,4787.04345703125
28410,5825.43994140625
28411,5600.1767578125
28412,5387.44140625
28413,0.0
28414,5500.1142578125
28415,5867.84326171875
28416,0.0
28417,5471.41943359375
28418,5471.41943359375
28419,5970.60205078125
28420,5600.1767578125
28421,5735.79150390625
28422,5383.52685546875
28423,6113.763671875
28424,6639.8359375
28425,6428.20849609375
28426,0.0
28427,5471.41943359375
28428,6013.00537109375
28429,4757.962890625
28430,4980.98681640625
28431,6723.56689453125
28432,6723.56689453125
28433,5387.44140625
28434,4980.98681640625
28435,4787.04345703125
28436,7026.59423828125
28437,5867.84326171875
28438,6234.15185546875
28439,5809.91748046875
28440,5970.60205078125
28441,5387.44140625
28442,9841.4638671875
28443,6923.470703125
28444,6545.306640625
28445,4671.17724609375
28446,5397.32861328125
28447,7001.3935546875
28448,0.0
28449,10888.625
28450,15800.0869140625
28451,0.0
28452,4757.962890625
28453,5867.84326171875
28454,5383.52685546875
28455,9594.5537109375
28456,4698.69384765625
28457,6189.9013671875
28458,4736.3603515625
28459,0.0
28460,0.0
28461,6189.9013671875
28462,5447.96826171875
28463,5634.052734375
28464,6428.20849609375
28465,0.0
28466,0.0
28467,5290.3818359375
28468,0.0
28469,0.0
28470,6013.00537109375
28471,5290.3818359375
28472,5290.3818359375
28473,5413.75146484375
28474,4664.81787109375
28475,5290.3818359375
28476,0.0
28477,5758.97216796875
28478,6965.74853515625
28479,6189.9013671875
28480,5961.55517578125
28481,4698.69384765625
28482,5290.3818359375
28483,5361.86962890625
28484,0.0
28485,4512.609375
28486,5387.44140625
28487,5209.6611328125
28488,6933.44921875
28489,6013.00537109375
28490,4664.81787109375
28491,4679.9501953125
28492,6013.00537109375
28493,0.0
28494,5431.7900390625
28495,8130.08251953125
28496,5600.1767578125
28497,6230.359375
28498,5387.44140625
28499,5290.3818359375
28500,4512.609375
28501,5542.650390625
28502,5209.6611328125
28503,6942.0703125
28504,6114.03857421875
28505,10096.77734375
28506,8545.837890625
28507,5472.32275390625
28508,5833.701171875
28509,5320.1142578125
28510,6300.3544921875
28511,6440.45361328125
28512,0.0
28513,5389.91552734375
28514,6696.2783203125
28515,0.0
28516,6300.3544921875
28517,5694.45166015625
28518,0.0
28519,5356.03955078125
28520,4871.72314453125
28521,5472.32275390625
28522,7125.26025390625
28523,7043.90234375
28524,6300.3544921875
28525,5694.45166015625
28526,5497.287109375
28527,6300.3544921875
28528,9632.044921875
28529,5230.46484375
28530,0.0
28531,6300.3544921875
28532,5833.701171875
28533,6300.3544921875
28534,5356.03955078125
28535,5320.1142578125
28536,5472.32275390625
28537,5694.45166015625
28538,7270.17529296875
28539,6300.3544921875
28540,5981.603515625
28541,6100.3798828125
28542,11239.63671875
28543,0.0
28544,5878.32470703125
28545,6172.0849609375
28546,6055.49755859375
28547,6858.56494140625
28548,5542.09716796875
28549,6055.49755859375
28550,6025.8935546875
28551,6493.6328125
28552,5222.826171875
28553,6288.15380859375
28554,4987.96728515625
28555,0.0
28556,5222.826171875
28557,5045.6533203125
28558,4445.0537109375
28559,5197.86181640625
28560,0.0
28561,4929.3701171875
28562,5045.6533203125
28563,6094.89013671875
28564,6363.7421875
28565,0.0
28566,0.0
28567,5535.71044921875
28568,6363.7421875
28569,6363.7421875
28570,5383.501953125
28571,4782.90234375
28572,0.0
28573,5526.19384765625
28574,6363.7421875
28575,5897.0888671875
28576,7107.2900390625
28577,6503.84130859375
28578,7358.1884765625
28579,0.0
28580,0.0
28581,0.0
28582,6363.7421875
28583,5912.939453125
28584,5694.505859375
28585,0.0
28586,5648.5673828125
28587,5419.42724609375
28588,6044.9912109375
28589,5267.21875
28590,6503.84130859375
28591,5158.134765625
28592,7107.2900390625
28593,6363.7421875
28594,7429.54052734375
28595,5419.42724609375
28596,4935.11083984375
28597,5897.0888671875
28598,5694.505859375
28599,6363.7421875
28600,8303.9228515625
28601,0.0
28602,6044.9912109375
28603,5973.99560546875
28604,5383.501953125
28605,5560.6748046875
28606,6363.7421875
28607,6363.7421875
28608,6189.7705078125
28609,6363.7421875
28610,9675.2490234375
28611,0.0
28612,6363.7421875
28613,6128.11181640625
28614,6503.84130859375
28615,0.0
28616,5535.71044921875
28617,5906.1357421875
28618,0.0
28619,4782.90234375
28620,5383.501953125
28621,6363.7421875
28622,0.0
28623,5757.83935546875
28624,4782.90234375
28625,5897.0888671875
28626,5419.42724609375
28627,7107.2900390625
28628,0.0
28629,5383.501953125
28630,0.0
28631,0.0
28632,5973.99560546875
28633,7107.2900390625
28634,5158.134765625
28635,4782.90234375
28636,6049.29736328125
28637,5897.0888671875
28638,4935.11083984375
28639,6363.7421875
28640,5560.6748046875
28641,7188.64794921875
28642,0.0
28643,6049.29736328125
28644,5662.7412109375
28645,6189.7705078125
28646,6049.29736328125
28647,5478.0244140625
28648,5535.71044921875
28649,5453.30322265625
28650,6049.29736328125
28651,6087.8623046875
28652,6757.0986328125
28653,7252.36083984375
28654,6757.0986328125
28655,6299.4921875
28656,6757.0986328125
28657,7500.646484375
28658,6757.0986328125
28659,5660.5751953125
28660,5954.03125
28661,5929.06689453125
28662,5440.630859375
28663,6041.923828125
28664,0.0
28665,0.0
28666,7500.646484375
28667,0.0
28668,6526.240234375
28669,5929.06689453125
28670,0.0
28671,6757.0986328125
28672,6060.11328125
28673,6793.84521484375
28674,6060.11328125
28675,4631.48193359375
28676,5115.79833984375
28677,6803.6611328125
28678,0.0
28679,6200.21240234375
28680,5257.0458984375
28681,5283.755859375
28682,14932.2294921875
28683,4743.6455078125
28684,5232.08154296875
28685,8000.29443359375
28686,4631.48193359375
28687,4963.58984375
28688,5232.08154296875
28689,6489.90380859375
28690,0.0
28691,6035.35986328125
28692,0.0
28693,6031.0537109375
28694,4768.96484375
28695,5591.693359375
28696,6031.0537109375
28697,5857.08203125
28698,8289.9853515625
28699,5546.7373046875
28700,6489.90380859375
28701,5253.28125
28702,7093.3525390625
28703,8289.9853515625
28704,0.0
28705,5892.1982421875
28706,5480.4248046875
28707,5521.77294921875
28708,5743.90185546875
28709,5546.7373046875
28710,5680.568359375
28711,5960.05810546875
28712,0.0
28713,6561.43212890625
28714,5405.48974609375
28715,4921.17333984375
28716,5144.197265625
28717,0.0
28718,5405.48974609375
28719,5899.001953125
28720,0.0
28721,6035.35986328125
28722,6118.9462890625
28723,6035.35986328125
28724,6349.8046875
28725,0.0
28726,0.0
28727,5227.0439453125
28728,5680.568359375
28729,4921.17333984375
28730,6349.8046875
28731,4768.96484375
28732,6349.8046875
28733,6349.8046875
28734,0.0
28735,5743.90185546875
28736,5546.7373046875
28737,0.0
28738,5253.28125
28739,0.0
28740,0.0
28741,5546.7373046875
28742,6349.8046875
28743,5369.564453125
28744,5311.87841796875
28745,5960.05810546875
28746,0.0
28747,6416.14501953125
28748,0.0
28749,6349.8046875
28750,0.0
28751,6489.90380859375
28752,6035.35986328125
28753,5369.564453125
28754,5137.4150390625
28755,6622.9755859375
28756,5883.1513671875
28757,6118.9462890625
28758,0.0
28759,6349.8046875
28760,6118.9462890625
28761,6349.8046875
28762,5907.744140625
28763,5464.0869140625
28764,6349.8046875
28765,0.0
28766,0.0
28767,0.0
28768,5555.64892578125
28769,4921.17333984375
28770,4768.96484375
28771,6865.755859375
28772,0.0
28773,5405.48974609375
28774,5953.27587890625
28775,5369.564453125
28776,0.0
28777,5033.3369140625
28778,6349.8046875
28779,5573.447265625
28780,6119.5732421875
28781,6035.35986328125
28782,6114.17431640625
28783,5253.28125
28784,0.0
28785,5033.3369140625
28786,7538.2685546875
28787,5405.48974609375
28788,5960.05810546875
28789,5369.564453125
28790,0.0
28791,0.0
28792,6119.5732421875
28793,4921.17333984375
28794,0.0
28795,6349.8046875
28796,0.0
28797,5439.36572265625
28798,0.0
28799,6902.01611328125
28800,5521.77294921875
28801,0.0
28802,6519.001953125
28803,5634.6298828125
28804,0.0
28805,5555.64892578125
28806,5743.90185546875
28807,8190.109375
28808,5521.77294921875
28809,6349.8046875
28810,5892.1982421875
28811,5546.7373046875
28812,5163.6318359375
28813,6349.8046875
28814,4955.04931640625
28815,5680.568359375
28816,11639.5546875
28817,5960.05810546875
28818,0.0
28819,5645.630859375
28820,6349.8046875
28821,0.0
28822,6031.0537109375
28823,6349.8046875
28824,6349.8046875
28825,0.0
28826,6035.35986328125
28827,5405.48974609375
28828,4921.17333984375
28829,0.0
28830,5899.001953125
28831,4768.96484375
28832,5883.1513671875
28833,10379.7841796875
28834,6349.8046875
28835,5892.1982421875
28836,5645.630859375
28837,5369.564453125
28838,5680.568359375
28839,5344.01904296875
28840,6845.06689453125
28841,0.0
28842,6349.8046875
28843,6349.8046875
28844,7188.64794921875
28845,7919.6552734375
28846,0.0
28847,6792.408203125
28848,6489.90380859375
28849,7093.3525390625
28850,0.0
28851,5253.28125
28852,5521.77294921875
28853,0.0
28854,5464.0869140625
28855,5033.3369140625
28856,5369.564453125
28857,6349.8046875
28858,6349.8046875
28859,5546.7373046875
28860,5439.36572265625
28861,6031.0537109375
28862,5253.28125
28863,6349.8046875
28864,0.0
28865,6349.8046875
28866,6031.0537109375
28867,4474.20361328125
28868,5883.1513671875
28869,5253.28125
28870,0.0
28871,0.0
28872,0.0
28873,5546.7373046875
28874,5546.7373046875
28875,6349.8046875
28876,6343.91796875
28877,5634.6298828125
28878,0.0
28879,7093.3525390625
28880,5253.28125
28881,7093.3525390625
28882,0.0
28883,5994.01171875
28884,5892.1982421875
28885,5089.130859375
28886,0.0
28887,6349.8046875
28888,6112.791015625
28889,5899.001953125
28890,5405.48974609375
28891,5976.94580078125
28892,4862.75927734375
28893,5833.7841796875
28894,5576.2158203125
28895,0.0
28896,4710.55078125
28897,5347.07568359375
28898,5976.94580078125
28899,6616.87548828125
28900,5935.59765625
28901,6291.390625
28902,5194.8671875
28903,0.0
28904,5194.8671875
28905,5030.716796875
28906,4862.75927734375
28907,5488.3232421875
28908,5347.07568359375
28909,0.0
28910,0.0
28911,6291.390625
28912,5311.150390625
28913,5976.94580078125
28914,6117.4189453125
28915,4710.55078125
28916,6291.390625
28917,5347.07568359375
28918,6117.4189453125
28919,5311.150390625
28920,6291.390625
28921,5463.35888671875
28922,5488.3232421875
28923,5347.07568359375
28924,5622.154296875
28925,0.0
28926,6291.390625
28927,5901.64404296875
28928,5270.1943359375
28929,5488.3232421875
28930,0.0
28931,5840.587890625
28932,6291.390625
28933,5380.95166015625
28934,5347.07568359375
28935,0.0
28936,5818.26171875
28937,0.0
28938,6431.48974609375
28939,6291.390625
28940,8231.572265625
28941,5463.35888671875
28942,0.0
28943,6291.390625
28944,0.0
28945,0.0
28946,0.0
28947,6061.1591796875
28948,6061.1591796875
28949,8231.572265625
28950,4710.55078125
28951,0.0
28952,5833.7841796875
28953,6291.390625
28954,6431.48974609375
28955,5453.84228515625
28956,0.0
28957,6061.1591796875
28958,5488.3232421875
28959,0.0
28960,0.0
28961,5972.6396484375
28962,4862.75927734375
28963,5194.8671875
28964,5976.94580078125
28965,5840.587890625
28966,5311.150390625
28967,6291.390625
28968,6683.44482421875
28969,5824.7373046875
28970,4896.63525390625
28971,5976.94580078125
28972,6117.4189453125
28973,5840.587890625
28974,5347.07568359375
28975,5488.3232421875
28976,6060.5322265625
28977,0.0
28978,5976.94580078125
28979,5833.7841796875
28980,6060.5322265625
28981,6291.390625
28982,4710.55078125
28983,4974.9228515625
28984,6807.341796875
28985,5488.3232421875
28986,5824.7373046875
28987,0.0
28988,5085.783203125
28989,5311.150390625
28990,4710.55078125
28991,5347.07568359375
28992,6291.390625
28993,6424.70751953125
28994,5901.64404296875
28995,7861.2412109375
28996,5840.587890625
28997,5463.35888671875
28998,5311.150390625
28999,4710.55078125
29000,6169.1298828125
29001,0.0
29002,5976.94580078125
29003,5488.3232421875
29004,4974.9228515625
29005,5488.3232421875
29006,7185.9599609375
29007,5194.8671875
29008,5253.46435546875
29009,4974.9228515625
29010,4625.70703125
29011,0.0
29012,5576.2158203125
29013,5488.3232421875
29014,4710.55078125
29015,5976.94580078125
29016,4974.9228515625
29017,0.0
29018,5901.64404296875
29019,0.0
29020,5488.3232421875
29021,6291.390625
29022,5350.46484375
29023,0.0
29024,5976.94580078125
29025,5824.7373046875
29026,0.0
29027,4974.9228515625
29028,6843.60205078125
29029,5976.94580078125
29030,5253.46435546875
29031,5976.94580078125
29032,7303.00927734375
29033,7034.9384765625
29034,6291.390625
29035,5840.587890625
29036,5194.8671875
29037,7357.18896484375
29038,5901.64404296875
29039,6060.5322265625
29040,5463.35888671875
29041,7547.27587890625
29042,0.0
29043,6951.40673828125
29044,4862.75927734375
29045,0.0
29046,4862.75927734375
29047,5894.86181640625
29048,5622.154296875
29049,4862.75927734375
29050,5311.150390625
29051,0.0
29052,5735.087890625
29053,5894.86181640625
29054,5463.35888671875
29055,5576.2158203125
29056,5221.5009765625
29057,5463.35888671875
29058,6291.390625
29059,6672.89306640625
29060,5972.6396484375
29061,5463.35888671875
29062,6291.390625
29063,5894.86181640625
29064,6291.390625
29065,7479.8544921875
29066,0.0
29067,5488.3232421875
29068,0.0
29069,5463.35888671875
29070,7253.1279296875
29071,4974.9228515625
29072,5976.94580078125
29073,5311.150390625
29074,6106.9921875
29075,4862.75927734375
29076,5824.7373046875
29077,4896.63525390625
29078,0.0
29079,5463.35888671875
29080,5901.64404296875
29081,5901.64404296875
29082,6799.30419921875
29083,4862.75927734375
29084,5972.6396484375
29085,6799.30419921875
29086,0.0
29087,0.0
29088,5311.150390625
29089,11581.1416015625
29090,6159.30615234375
29091,4974.9228515625
29092,6799.30419921875
29093,0.0
29094,5311.150390625
29095,0.0
29096,5262.705078125
29097,5463.35888671875
29098,4710.55078125
29099,0.0
29100,4710.55078125
29101,7953.92333984375
29102,7511.31982421875
29103,8254.8681640625
29104,6397.50341796875
29105,5625.9267578125
29106,5419.67919921875
29107,6713.3857421875
29108,5644.00048828125
29109,6429.7509765625
29110,5336.6640625
29111,6019.947265625
29112,6019.947265625
29113,4883.7236328125
29114,4885.7705078125
29115,6385.97705078125
29116,6429.7509765625
29117,6240.81494140625
29118,5099.591796875
29119,5448.67431640625
29120,4885.7705078125
29121,6832.71923828125
29122,6240.81494140625
29123,6887.6728515625
29124,6195.06494140625
29125,6574.9130859375
29126,5151.50830078125
29127,6574.9130859375
29128,4836.60888671875
29129,7104.6396484375
29130,6385.97705078125
29131,5799.30419921875
29132,5739.74609375
29133,5376.5546875
29134,5376.5546875
29135,5913.12353515625
29136,6882.5244140625
29137,5289.107421875
29138,5789.16259765625
29139,5929.3271484375
29140,7041.8046875
29141,5625.9267578125
29142,6574.9130859375
29143,5789.16259765625
29144,6240.81494140625
29145,6133.7666015625
29146,6218.12109375
29147,6165.333984375
29148,5949.35693359375
29149,6527.05859375
29150,5606.693359375
29151,5669.5419921875
29152,6724.70263671875
29153,5289.107421875
29154,7549.5556640625
29155,6970.98974609375
29156,5448.67431640625
29157,6429.7509765625
29158,5419.67919921875
29159,4954.4296875
29160,7147.82861328125
29161,6070.8427734375
29162,6858.5478515625
29163,6574.9130859375
29164,5913.12353515625
29165,5336.6640625
29166,6037.89794921875
29167,5355.37353515625
29168,5952.04931640625
29169,5855.4287109375
29170,6429.7509765625
29171,5134.505859375
29172,5355.37353515625
29173,6319.578125
29174,5355.37353515625
29175,5544.54931640625
29176,5668.41455078125
29177,6574.9130859375
29178,6894.24462890625
29179,5565.5029296875
29180,6037.89794921875
29181,6094.51904296875
29182,5771.27587890625
29183,5727.22802734375
29184,5855.4287109375
29185,6574.9130859375
29186,6429.7509765625
29187,6218.12109375
29188,6385.97705078125
29189,5874.662109375
29190,6858.5478515625
29191,5872.39013671875
29192,5585.3994140625
29193,6574.9130859375
29194,6429.7509765625
29195,5348.3271484375
29196,6218.12109375
29197,5874.662109375
29198,5230.50634765625
29199,5248.3251953125
29200,5720.181640625
29201,5355.37353515625
29202,5134.505859375
29203,5874.662109375
29204,5842.30859375
29205,5537.8427734375
29206,5797.1484375
29207,5478.63916015625
29208,5478.63916015625
29209,5506.3603515625
29210,5496.84375
29211,5874.662109375
29212,5730.5615234375
29213,6429.7509765625
29214,5771.27587890625
29215,5872.39013671875
29216,6574.9130859375
29217,5500.53564453125
29218,6218.12109375
29219,6218.79541015625
29220,5668.41455078125
29221,6574.9130859375
29222,5230.50634765625
29223,6429.7509765625
29224,6385.97705078125
29225,6037.89794921875
29226,6574.9130859375
29227,6429.7509765625
29228,6385.97705078125
29229,5134.505859375
29230,5085.34423828125
29231,6942.83447265625
29232,5892.73583984375
29233,5248.3251953125
29234,5134.505859375
29235,5855.4287109375
29236,5965.24951171875
29237,5392.6806640625
29238,5892.73583984375
29239,5892.73583984375
29240,7104.6396484375
29241,6037.89794921875
29242,5392.6806640625
29243,5716.919921875
29244,5892.73583984375
29245,6574.9130859375
29246,5245.3662109375
29247,6429.7509765625
29248,4831.478515625
29249,6037.89794921875
29250,5134.505859375
29251,5134.505859375
29252,5872.39013671875
29253,5874.662109375
29254,6148.1240234375
29255,8301.2734375
29256,5892.73583984375
29257,6385.97705078125
29258,6218.79541015625
29259,6097.21142578125
29260,6574.9130859375
29261,5392.6806640625
29262,6130.8076171875
29263,5892.73583984375
29264,5727.22802734375
29265,4831.478515625
29266,6429.7509765625
29267,5872.39013671875
29268,5537.8427734375
29269,5241.52197265625
29270,5544.54931640625
29271,5585.3994140625
29272,6019.947265625
29273,5874.662109375
29274,5874.662109375
29275,6574.9130859375
29276,5872.39013671875
29277,5874.662109375
29278,5855.4287109375
29279,6385.97705078125
29280,7153.9072265625
29281,6574.9130859375
29282,6385.97705078125
29283,5943.3212890625
29284,6037.89794921875
29285,5392.6806640625
29286,5245.3662109375
29287,6801.6123046875
29288,6801.6123046875
29289,5537.8427734375
29290,5245.3662109375
29291,4831.478515625
29292,7104.6396484375
29293,5892.73583984375
29294,6175.5927734375
29295,6013.4716796875
29296,6574.9130859375
29297,5230.50634765625
29298,9919.5087890625
29299,7437.5419921875
29300,6748.86083984375
29301,4715.6123046875
29302,5669.5419921875
29303,6942.83447265625
29304,4809.88330078125
29305,11303.4296875
29306,16214.8916015625
29307,5506.3603515625
29308,5392.6806640625
29309,5855.4287109375
29310,5892.73583984375
29311,9672.599609375
29312,5575.26953125
29313,6336.60595703125
29314,5075.3046875
29315,4715.6123046875
29316,6385.97705078125
29317,6336.60595703125
29318,5720.181640625
29319,6148.1240234375
29320,6574.9130859375
29321,5110.02001953125
29322,4831.478515625
29323,5762.28369140625
29324,5262.228515625
29325,4831.478515625
29326,6037.89794921875
29327,5799.5908203125
29328,5492.25439453125
29329,5678.130859375
29330,5299.53564453125
29331,5762.28369140625
29332,6037.89794921875
29333,6363.283203125
29334,7169.302734375
29335,6336.60595703125
29336,6233.7685546875
29337,5575.26953125
29338,5762.28369140625
29339,5634.0830078125
29340,5299.53564453125
29341,5041.36083984375
29342,5537.8427734375
29343,5481.87451171875
29344,7011.49462890625
29345,6037.89794921875
29346,4992.19921875
29347,5284.26123046875
29348,6037.89794921875
29349,5230.50634765625
29350,5635.34423828125
29351,8208.12890625
29352,5872.39013671875
29353,6433.91357421875
29354,5537.8427734375
29355,5492.25439453125
29356,5041.36083984375
29357,5746.20458984375
29358,5413.21533203125
29359,7088.77490234375
29360,6386.251953125
29361,10374.9775390625
29362,8684.7080078125
29363,5744.5361328125
29364,6037.25537109375
29365,5592.32763671875
29366,6447.05908203125
29367,6579.32421875
29368,6020.27001953125
29369,5782.1748046875
29370,6899.83251953125
29371,5885.0361328125
29372,6447.05908203125
29373,5966.6650390625
29374,5782.1748046875
29375,5506.44091796875
29376,5506.44091796875
29377,5744.5361328125
29378,7665.5751953125
29379,7121.94775390625
29380,6447.05908203125
29381,5966.6650390625
29382,5969.18896484375
29383,6447.05908203125
29384,9710.08984375
29385,5744.5361328125
29386,5469.1337890625
29387,6447.05908203125
29388,6037.25537109375
29389,6447.05908203125
29390,5506.44091796875
29391,5592.32763671875
29392,5744.5361328125
29393,5966.6650390625
29394,7473.7294921875
29395,6447.05908203125
29396,6006.49609375
29397,6697.7900390625
29398,11317.681640625
29399,6564.70654296875
29400,6081.87890625
29401,6216.52001953125
29402,6527.3994140625
29403,7005.26953125
29404,5806.4765625
29405,6527.3994140625
29406,6172.59814453125
29407,6518.525390625
29408,5424.69873046875
29409,6491.7080078125
29410,5191.521484375
29411,5231.97998046875
29412,5732.03515625
29413,5249.20751953125
29414,4973.80517578125
29415,5470.0751953125
29416,5231.97998046875
29417,4973.80517578125
29418,5249.20751953125
29419,5877.2119140625
29420,6510.44677734375
29421,6321.5107421875
29422,7185.33544921875
29423,5807.923828125
29424,6510.44677734375
29425,6510.44677734375
29426,5587.05615234375
29427,5311.65380859375
29428,6824.958984375
29429,5798.4072265625
29430,6510.44677734375
29431,6100.64306640625
29432,7185.33544921875
29433,6642.7119140625
29434,7299.62939453125
29435,5262.4921875
29436,6083.65771484375
29437,6510.44677734375
29438,6510.44677734375
29439,6051.81005859375
29440,6298.81689453125
29441,5569.82861328125
29442,6051.81005859375
29443,5569.82861328125
29444,6032.57666015625
29445,5311.65380859375
29446,6642.7119140625
29447,5422.51416015625
29448,7185.33544921875
29449,6510.44677734375
29450,7633.0947265625
29451,5569.82861328125
29452,5532.521484375
29453,6169.30224609375
29454,6298.81689453125
29455,6510.44677734375
29456,8381.96875
29457,5807.923828125
29458,5762.54736328125
29459,6238.375
29460,5931.189453125
29461,6069.8837890625
29462,6510.44677734375
29463,6510.44677734375
29464,6794.08154296875
29465,6510.44677734375
29466,9753.294921875
29467,5569.82861328125
29468,6510.44677734375
29469,6266.982421875
29470,6642.7119140625
29471,5311.65380859375
29472,5807.923828125
29473,6510.44677734375
29474,6030.052734375
29475,5380.31298828125
29476,5655.71533203125
29477,6510.44677734375
29478,5311.65380859375
29479,6030.052734375
29480,5655.787109375
29481,6100.64306640625
29482,5569.82861328125
29483,7185.33544921875
29484,5311.65380859375
29485,5587.05615234375
29486,5807.923828125
29487,7185.33544921875
29488,6238.375
29489,7185.33544921875
29490,5422.51416015625
29491,5380.31298828125
29492,6321.5107421875
29493,6100.64306640625
29494,5569.82861328125
29495,6510.44677734375
29496,6032.57666015625
29497,7728.962890625
29498,5577.53955078125
29499,6321.5107421875
29500,5604.18212890625
29501,6794.08154296875
29502,6321.5107421875
29503,5750.23779296875
29504,5807.923828125
29505,5845.5625
29506,6321.5107421875
29507,6692.17333984375
29508,6903.80322265625
29509,7766.43212890625
29510,6903.80322265625
29511,6903.80322265625
29512,6903.80322265625
29513,7578.69189453125
29514,6903.80322265625
29515,5705.01025390625
29516,6155.90380859375
29517,6201.2802734375
29518,5705.01025390625
29519,6445.16650390625
29520,5705.01025390625
29521,5980.41259765625
29522,7578.69189453125
29523,5963.18505859375
29524,6445.16650390625
29525,6201.2802734375
29526,6714.8671875
29527,6903.80322265625
29528,6206.81787109375
29529,6871.890625
29530,6206.81787109375
29531,5266.19970703125
29532,4958.86328125
29533,6881.70654296875
29534,5008.02490234375
29535,6339.0830078125
29536,5458.91845703125
29537,5766.2548828125
29538,15010.2744140625
29539,5008.02490234375
29540,5504.294921875
29541,8078.34033203125
29542,4958.86328125
29543,5008.02490234375
29544,5504.294921875
29545,6628.7744140625
29546,5366.37548828125
29547,6307.5732421875
29548,5297.71630859375
29549,6055.9462890625
29550,5297.71630859375
29551,5863.90673828125
29552,6055.9462890625
29553,6339.5810546875
29554,8368.0322265625
29555,6055.9462890625
29556,6628.7744140625
29557,5297.71630859375
29558,7171.39794921875
29559,8368.0322265625
29560,6722.55615234375
29561,6496.50927734375
29562,5683.97900390625
29563,5793.986328125
29564,6016.115234375
29565,6018.63916015625
29566,6284.87939453125
29567,6224.4375
29568,5297.71630859375
29569,7075.50341796875
29570,5555.89111328125
29571,5518.583984375
29572,5408.57666015625
29573,6055.9462890625
29574,5555.89111328125
29575,6037.87255859375
29576,5555.89111328125
29577,6307.5732421875
29578,6037.87255859375
29579,6307.5732421875
29580,6496.50927734375
29581,5297.71630859375
29582,5793.986328125
29583,5365.9150390625
29584,6284.87939453125
29585,5555.89111328125
29586,6496.50927734375
29587,5297.71630859375
29588,6496.50927734375
29589,6496.50927734375
29590,5297.71630859375
29591,6016.115234375
29592,5748.60986328125
29593,5555.89111328125
29594,5297.71630859375
29595,6307.5732421875
29596,6055.9462890625
29597,6055.9462890625
29598,6496.50927734375
29599,5573.11865234375
29600,5515.4326171875
29601,6224.4375
29602,5555.89111328125
29603,6418.4111328125
29604,6037.87255859375
29605,6496.50927734375
29606,5297.71630859375
29607,6628.7744140625
29608,6307.5732421875
29609,5573.11865234375
29610,5181.85009765625
29611,6564.41650390625
29612,6086.70556640625
29613,6037.87255859375
29614,5297.71630859375
29615,6496.50927734375
29616,6037.87255859375
29617,6496.50927734375
29618,5910.01025390625
29619,5736.30029296875
29620,6496.50927734375
29621,5831.625
29622,5366.37548828125
29623,6155.36474609375
29624,6069.72021484375
29625,5518.583984375
29626,5366.37548828125
29627,7280.5615234375
29628,5641.849609375
29629,5248.5546875
29630,5997.7109375
29631,5573.11865234375
29632,5795.24755859375
29633,5297.71630859375
29634,6496.50927734375
29635,6055.9462890625
29636,6258.44384765625
29637,6307.5732421875
29638,6253.044921875
29639,5297.71630859375
29640,5573.11865234375
29641,5297.71630859375
29642,7616.31396484375
29643,5555.89111328125
29644,6224.4375
29645,5573.11865234375
29646,5297.71630859375
29647,5555.89111328125
29648,6258.44384765625
29649,5555.89111328125
29650,5555.89111328125
29651,6496.50927734375
29652,5297.71630859375
29653,5831.625
29654,5555.89111328125
29655,7105.5703125
29656,5793.986328125
29657,5248.5546875
29658,6722.55615234375
29659,6037.87255859375
29660,5736.30029296875
29661,6069.72021484375
29662,6016.115234375
29663,8328.98046875
29664,5793.986328125
29665,6496.50927734375
29666,6496.50927734375
29667,6018.63916015625
29668,5555.89111328125
29669,6496.50927734375
29670,5831.625
29671,6284.87939453125
29672,12054.359375
29673,6224.4375
29674,5859.56591796875
29675,5910.01025390625
29676,6496.50927734375
29677,6307.5732421875
29678,6055.9462890625
29679,6496.50927734375
29680,6496.50927734375
29681,5297.71630859375
29682,6307.5732421875
29683,5518.583984375
29684,5248.5546875
29685,5555.89111328125
29686,6037.87255859375
29687,5297.71630859375
29688,6086.70556640625
29689,10321.2255859375
29690,6496.50927734375
29691,6496.50927734375
29692,5910.01025390625
29693,5573.11865234375
29694,6284.87939453125
29695,5858.09033203125
29696,7359.13818359375
29697,6496.50927734375
29698,6496.50927734375
29699,6496.50927734375
29700,7728.962890625
29701,7997.70166015625
29702,6339.5810546875
29703,6939.11279296875
29704,6628.7744140625
29705,7171.39794921875
29706,6307.5732421875
29707,5297.71630859375
29708,5793.986328125
29709,5408.57666015625
29710,5736.30029296875
29711,5297.71630859375
29712,5573.11865234375
29713,6496.50927734375
29714,6496.50927734375
29715,6055.9462890625
29716,5831.625
29717,6018.63916015625
29718,5297.71630859375
29719,6496.50927734375
29720,5366.37548828125
29721,6496.50927734375
29722,6018.63916015625
29723,4956.70263671875
29724,6086.70556640625
29725,5641.849609375
29726,5641.77783203125
29727,6115.259765625
29728,5997.7109375
29729,6055.9462890625
29730,6055.9462890625
29731,6496.50927734375
29732,6482.78857421875
29733,6037.87255859375
29734,5297.71630859375
29735,7171.39794921875
29736,5297.71630859375
29737,7171.39794921875
29738,5917.251953125
29739,6197.56591796875
29740,6496.50927734375
29741,6055.9462890625
29742,5408.57666015625
29743,6496.50927734375
29744,6031.71728515625
29745,6037.87255859375
29746,5555.89111328125
29747,6249.1591796875
29748,5460.169921875
29749,6438.09521484375
29750,5979.45849609375
29751,7112.98388671875
29752,5307.96142578125
29753,5497.47705078125
29754,6249.1591796875
29755,6820.4296875
29756,6139.15185546875
29757,6438.09521484375
29758,5239.30224609375
29759,5583.36376953125
29760,5239.30224609375
29761,5997.5322265625
29762,5190.140625
29763,5690.19580078125
29764,5497.47705078125
29765,5190.140625
29766,6281.1669921875
29767,6438.09521484375
29768,5514.70458984375
29769,6249.1591796875
29770,6721.72998046875
29771,5239.30224609375
29772,6438.09521484375
29773,5497.47705078125
29774,6721.72998046875
29775,5514.70458984375
29776,6438.09521484375
29777,5735.572265625
29778,5690.19580078125
29779,5497.47705078125
29780,6226.46533203125
29781,4291.5009765625
29782,6438.09521484375
29783,6166.0234375
29784,5409.064453125
29785,5690.19580078125
29786,6438.09521484375
29787,5979.45849609375
29788,6438.09521484375
29789,5773.2109375
29790,5497.47705078125
29791,5497.47705078125
29792,6021.81591796875
29793,6166.0234375
29794,6570.3603515625
29795,6438.09521484375
29796,8309.619140625
29797,5735.572265625
29798,5497.47705078125
29799,6438.09521484375
29800,5350.16259765625
29801,6438.09521484375
29802,6028.29150390625
29803,6200.02978515625
29804,6200.02978515625
29805,8309.619140625
29806,5307.96142578125
29807,6372.4248046875
29808,6438.09521484375
29809,6438.09521484375
29810,6570.3603515625
29811,5726.0556640625
29812,5514.70458984375
29813,6200.02978515625
29814,5997.5322265625
29815,5460.169921875
29816,5239.30224609375
29817,5960.22509765625
29818,5497.47705078125
29819,5239.30224609375
29820,6249.1591796875
29821,5979.45849609375
29822,5514.70458984375
29823,6438.09521484375
29824,6822.3154296875
29825,6028.29150390625
29826,5773.2109375
29827,6249.1591796875
29828,6721.72998046875
29829,5979.45849609375
29830,5460.169921875
29831,5960.22509765625
29832,5979.45849609375
29833,5239.30224609375
29834,6249.1591796875
29835,6438.09521484375
29836,6323.591796875
29837,6438.09521484375
29838,5307.96142578125
29839,5239.30224609375
29840,7222.1474609375
29841,5997.5322265625
29842,6028.29150390625
29843,6438.09521484375
29844,5350.16259765625
29845,5858.837890625
29846,5307.96142578125
29847,5497.47705078125
29848,6438.09521484375
29849,6343.6337890625
29850,6166.0234375
29851,7939.28759765625
29852,5979.45849609375
29853,5735.572265625
29854,5514.70458984375
29855,5239.30224609375
29856,6372.68408203125
29857,6166.0234375
29858,6249.1591796875
29859,5997.5322265625
29860,5239.30224609375
29861,5997.5322265625
29862,7188.22607421875
29863,5239.30224609375
29864,5457.0185546875
29865,5239.30224609375
29866,4764.578125
29867,5239.30224609375
29868,5979.45849609375
29869,5960.22509765625
29870,5307.96142578125
29871,6249.1591796875
29872,5239.30224609375
29873,5583.36376953125
29874,6166.0234375
29875,6028.29150390625
29876,5997.5322265625
29877,6438.09521484375
29878,5428.509765625
29879,6166.0234375
29880,6249.1591796875
29881,6028.29150390625
29882,6249.1591796875
29883,5239.30224609375
29884,7047.15625
29885,6249.1591796875
29886,5457.0185546875
29887,6249.1591796875
29888,7441.8798828125
29889,7112.98388671875
29890,6438.09521484375
29891,5979.45849609375
29892,5239.30224609375
29893,7560.7431640625
29894,6166.0234375
29895,5979.45849609375
29896,5735.572265625
29897,7625.3212890625
29898,6455.5771484375
29899,6892.84765625
29900,5955.52197265625
29901,5239.30224609375
29902,5190.140625
29903,5939.296875
29904,6226.46533203125
29905,5190.140625
29906,5583.36376953125
29907,5350.16259765625
29908,6249.1591796875
29909,5939.296875
29910,5735.572265625
29911,6323.591796875
29912,5735.572265625
29913,5735.572265625
29914,6438.09521484375
29915,6876.447265625
29916,5690.19580078125
29917,5735.572265625
29918,6438.09521484375
29919,5939.296875
29920,6438.09521484375
29921,7557.89990234375
29922,5239.30224609375
29923,5690.19580078125
29924,6438.09521484375
29925,5735.572265625
29926,7331.17333984375
29927,5239.30224609375
29928,6249.1591796875
29929,5858.837890625
29930,6048.43310546875
29931,5190.140625
29932,6028.29150390625
29933,6231.255859375
29934,5460.169921875
29935,5735.572265625
29936,6166.0234375
29937,6166.0234375
29938,6946.0087890625
29939,5955.52197265625
29940,6455.5771484375
29941,6946.0087890625
29942,5350.16259765625
29943,5460.169921875
29944,5514.70458984375
29945,11995.9462890625
29946,6362.8603515625
29947,5239.30224609375
29948,6946.0087890625
29949,5239.30224609375
29950,5514.70458984375
29951,5939.296875
29952,5466.25927734375
29953,5735.572265625
29954,5239.30224609375
29955,5190.140625
29956,5307.96142578125
29957,8100.6279296875
29958,7658.0244140625
29959,9354.669921875
29960,6669.716796875
29961,5485.74755859375
29962,5094.0458984375
29963,6297.5126953125
29964,5435.162109375
29965,6220.91259765625
29966,5127.82568359375
29967,5754.25927734375
29968,5754.25927734375
29969,4618.03564453125
29970,4620.08251953125
29971,6051.6298828125
29972,6220.91259765625
29973,5906.4677734375
29974,4765.24462890625
29975,5182.986328125
29976,4620.08251953125
29977,6623.880859375
29978,5906.4677734375
29979,6747.49365234375
29980,6191.490234375
29981,6366.07470703125
29982,5147.93359375
29983,6366.07470703125
29984,4502.26171875
29985,6964.46044921875
29986,6051.6298828125
29987,5533.6162109375
29988,5599.56689453125
29989,5110.86669921875
29990,5110.86669921875
29991,5647.435546875
29992,6616.83642578125
29993,4954.76025390625
29994,5580.32421875
29995,5663.63916015625
29996,6776.11669921875
29997,5485.74755859375
29998,6159.0400390625
29999,5580.32421875
30000,5906.4677734375
30001,5868.07861328125
30002,5802.248046875
30003,5830.98681640625
30004,5615.009765625
30005,6261.37060546875
30006,5397.85498046875
30007,5335.19482421875
30008,6399.0693359375
30009,4954.76025390625
30010,7409.37646484375
30011,6705.3017578125
30012,5182.986328125
30013,6220.91259765625
30014,5094.0458984375
30015,4620.08251953125
30016,6663.51611328125
30017,5930.66357421875
30018,6442.6748046875
30019,6159.0400390625
30020,5647.435546875
30021,5127.82568359375
30022,5829.0595703125
30023,5021.0263671875
30024,5626.416015625
30025,5646.59033203125
30026,6220.91259765625
30027,4868.81787109375
30028,5021.0263671875
30029,6179.39892578125
30030,5021.0263671875
30031,5278.861328125
30032,5342.78125
30033,6159.0400390625
30034,6568.611328125
30035,5231.15576171875
30036,5622.02490234375
30037,5760.171875
30038,5505.587890625
30039,5392.880859375
30040,5646.59033203125
30041,6366.07470703125
30042,6220.91259765625
30043,5802.248046875
30044,6051.6298828125
30045,5734.48291015625
30046,6442.6748046875
30047,5538.04296875
30048,5376.56103515625
30049,6366.07470703125
30050,6220.91259765625
30051,5013.97998046875
30052,5802.248046875
30053,5734.48291015625
30054,4896.1591796875
30055,4982.63720703125
30056,5385.83447265625
30057,5021.0263671875
30058,4868.81787109375
30059,5734.48291015625
30060,5576.62060546875
30061,5203.49560546875
30062,5462.80126953125
30063,4868.81787109375
30064,4868.81787109375
30065,5240.67236328125
30066,5231.15576171875
30067,5734.48291015625
30068,5521.72314453125
30069,6013.8779296875
30070,5505.587890625
30071,5538.04296875
30072,6366.07470703125
30073,5166.1884765625
30074,5802.248046875
30075,5734.48291015625
30076,5342.78125
30077,6159.0400390625
30078,4896.1591796875
30079,6220.91259765625
30080,6051.6298828125
30081,5829.0595703125
30082,6159.0400390625
30083,6220.91259765625
30084,6051.6298828125
30085,4868.81787109375
30086,4750.9970703125
30087,6677.146484375
30088,5683.8974609375
30089,4982.63720703125
30090,4868.81787109375
30091,5646.59033203125
30092,5699.5615234375
30093,5058.33349609375
30094,5683.8974609375
30095,5683.8974609375
30096,6964.46044921875
30097,5829.0595703125
30098,5058.33349609375
30099,5451.23193359375
30100,5683.8974609375
30101,6366.07470703125
30102,4979.67822265625
30103,6013.8779296875
30104,4565.79052734375
30105,5829.0595703125
30106,4868.81787109375
30107,4868.81787109375
30108,5538.04296875
30109,5734.48291015625
30110,5822.49072265625
30111,8161.09375
30112,5683.8974609375
30113,6051.6298828125
30114,5734.48291015625
30115,5771.578125
30116,6366.07470703125
30117,5058.33349609375
30118,5865.11962890625
30119,5683.8974609375
30120,5392.880859375
30121,4565.79052734375
30122,6013.8779296875
30123,5538.04296875
30124,5203.49560546875
30125,4975.833984375
30126,5278.861328125
30127,5376.56103515625
30128,5754.25927734375
30129,5734.48291015625
30130,5734.48291015625
30131,6159.0400390625
30132,5538.04296875
30133,5734.48291015625
30134,5646.59033203125
30135,6051.6298828125
30136,6828.27392578125
30137,6366.07470703125
30138,6051.6298828125
30139,5734.48291015625
30140,5829.0595703125
30141,5058.33349609375
30142,4979.67822265625
30143,6661.43310546875
30144,6661.43310546875
30145,5203.49560546875
30146,4979.67822265625
30147,4565.79052734375
30148,6964.46044921875
30149,5683.8974609375
30150,6172.01806640625
30151,5747.78369140625
30152,6159.0400390625
30153,4896.1591796875
30154,9779.330078125
30155,7111.90869140625
30156,6483.1728515625
30157,4449.92431640625
30158,5335.19482421875
30159,6939.259765625
30160,4484.25
30161,11163.2509765625
30162,16074.712890625
30163,5240.67236328125
30164,5058.33349609375
30165,5646.59033203125
30166,5683.8974609375
30167,9532.419921875
30168,5249.63623046875
30169,6127.767578125
30170,4740.9580078125
30171,4449.92431640625
30172,6051.6298828125
30173,6127.767578125
30174,5385.83447265625
30175,5822.49072265625
30176,6366.07470703125
30177,4775.6728515625
30178,4565.79052734375
30179,5553.4453125
30180,4927.88134765625
30181,4565.79052734375
30182,5829.0595703125
30183,5590.75244140625
30184,5283.416015625
30185,5412.44287109375
30186,4965.1884765625
30187,5553.4453125
30188,5622.02490234375
30189,5947.41015625
30190,6903.61474609375
30191,6127.767578125
30192,5899.42138671875
30193,5249.63623046875
30194,5553.4453125
30195,5299.73583984375
30196,4965.1884765625
30197,4775.6728515625
30198,5203.49560546875
30199,5147.52734375
30200,6871.3154296875
30201,5829.0595703125
30202,4657.85205078125
30203,4868.38818359375
30204,5829.0595703125
30205,4896.1591796875
30206,5369.65625
30207,8067.94873046875
30208,5538.04296875
30209,6168.2255859375
30210,5203.49560546875
30211,5283.416015625
30212,4775.6728515625
30213,5480.5166015625
30214,5147.52734375
30215,6879.9365234375
30216,6051.90478515625
30217,10371.4033203125
30218,8544.529296875
30219,5410.18896484375
30220,5771.5673828125
30221,5257.98046875
30222,6238.220703125
30223,6439.14501953125
30224,5694.63671875
30225,5456.54150390625
30226,6634.14453125
30227,5619.34814453125
30228,6238.220703125
30229,5632.31787109375
30230,5456.54150390625
30231,5172.09375
30232,5172.09375
30233,5410.18896484375
30234,7399.88720703125
30235,6981.7685546875
30236,6238.220703125
30237,5632.31787109375
30238,5760.3505859375
30239,6238.220703125
30240,9569.9111328125
30241,5418.90283203125
30242,5134.78662109375
30243,6238.220703125
30244,5771.5673828125
30245,6238.220703125
30246,5172.09375
30247,5257.98046875
30248,5410.18896484375
30249,5632.31787109375
30250,7208.04150390625
30251,6238.220703125
30252,5797.65771484375
30253,6363.443359375
30254,11177.5029296875
30255,6355.8681640625
30256,5816.19091796875
30257,5950.83203125
30258,6318.56103515625
30259,6796.43115234375
30260,5540.78857421875
30261,6318.56103515625
30262,5963.759765625
30263,6309.68701171875
30264,5215.8603515625
30265,6226.02001953125
30266,4925.83349609375
30267,4897.6328125
30268,5523.19677734375
30269,4983.51953125
30270,4708.1171875
30271,5135.72802734375
30272,4897.6328125
30273,4708.1171875
30274,4983.51953125
30275,5873.63720703125
30276,6301.6083984375
30277,5987.16357421875
30278,7045.15625
30279,5473.57666015625
30280,6301.6083984375
30281,6301.6083984375
30282,5321.3681640625
30283,5045.9658203125
30284,6559.27099609375
30285,5464.06005859375
30286,6301.6083984375
30287,5834.955078125
30288,7045.15625
30289,6502.53271484375
30290,7296.0546875
30291,4928.14501953125
30292,5758.0244140625
30293,6301.6083984375
30294,6301.6083984375
30295,5911.630859375
30296,5882.94384765625
30297,5235.4814453125
30298,5911.630859375
30299,5235.4814453125
30300,5823.73828125
30301,5045.9658203125
30302,6502.53271484375
30303,5156.826171875
30304,7045.15625
30305,6301.6083984375
30306,7367.40673828125
30307,5235.4814453125
30308,5198.17431640625
30309,5834.955078125
30310,5882.94384765625
30311,6301.6083984375
30312,8241.7890625
30313,5473.57666015625
30314,5553.708984375
30315,5972.68701171875
30316,5321.3681640625
30317,5861.04541015625
30318,6301.6083984375
30319,6301.6083984375
30320,6378.20849609375
30321,6301.6083984375
30322,9613.115234375
30323,5235.4814453125
30324,6301.6083984375
30325,6126.80322265625
30326,6502.53271484375
30327,5045.9658203125
30328,5473.57666015625
30329,6094.57373046875
30330,5695.70556640625
30331,5045.9658203125
30332,5321.3681640625
30333,6301.6083984375
30334,5045.9658203125
30335,5695.70556640625
30336,5045.9658203125
30337,5834.955078125
30338,5235.4814453125
30339,7045.15625
30340,5045.9658203125
30341,5321.3681640625
30342,5473.57666015625
30343,7045.15625
30344,5972.68701171875
30345,7045.15625
30346,5156.826171875
30347,5045.9658203125
30348,5987.16357421875
30349,5834.955078125
30350,5235.4814453125
30351,6301.6083984375
30352,5823.73828125
30353,7463.27490234375
30354,5311.8515625
30355,5987.16357421875
30356,5600.607421875
30357,6378.20849609375
30358,5987.16357421875
30359,5415.890625
30360,5473.57666015625
30361,5519.92919921875
30362,5987.16357421875
30363,6276.30029296875
30364,6694.96484375
30365,7440.798828125
30366,6694.96484375
30367,6487.93017578125
30368,6694.96484375
30369,7438.5126953125
30370,6694.96484375
30371,5439.322265625
30372,5947.0654296875
30373,5866.93310546875
30374,5439.322265625
30375,6304.9873046875
30376,5439.322265625
30377,5714.724609375
30378,7438.5126953125
30379,5628.837890625
30380,6304.9873046875
30381,5866.93310546875
30382,6380.52001953125
30383,6694.96484375
30384,5997.9794921875
30385,6731.71142578125
30386,5997.9794921875
30387,4931.8525390625
30388,4624.51611328125
30389,6741.52734375
30390,4742.3369140625
30391,6198.90380859375
30392,5250.080078125
30393,5350.3818359375
30394,14870.095703125
30395,4742.3369140625
30396,5169.94775390625
30397,7938.16064453125
30398,4624.51611328125
30399,4742.3369140625
30400,5169.94775390625
30401,6488.59521484375
30402,5032.0283203125
30403,5973.22607421875
30404,5032.0283203125
30405,5847.10791015625
30406,5032.0283203125
30407,5529.5595703125
30408,5847.10791015625
30409,5923.7080078125
30410,8227.8515625
30411,5847.10791015625
30412,6488.59521484375
30413,5032.0283203125
30414,7031.21875
30415,8227.8515625
30416,6456.8681640625
30417,6080.63623046875
30418,5418.291015625
30419,5459.63916015625
30420,5681.76806640625
30421,5809.80078125
30422,5869.00634765625
30423,5958.74951171875
30424,5032.0283203125
30425,6749.8701171875
30426,5221.5439453125
30427,5184.23681640625
30428,5142.888671875
30429,5847.10791015625
30430,5221.5439453125
30431,5897.693359375
30432,5221.5439453125
30433,5973.22607421875
30434,5897.693359375
30435,5973.22607421875
30436,6287.6708984375
30437,5032.0283203125
30438,5459.63916015625
30439,5225.7353515625
30440,5869.00634765625
30441,5221.5439453125
30442,6287.6708984375
30443,5032.0283203125
30444,6287.6708984375
30445,6287.6708984375
30446,5032.0283203125
30447,5681.76806640625
30448,5539.771484375
30449,5221.5439453125
30450,5032.0283203125
30451,5973.22607421875
30452,5847.10791015625
30453,5847.10791015625
30454,6287.6708984375
30455,5307.4306640625
30456,5249.74462890625
30457,5958.74951171875
30458,5221.5439453125
30459,6414.83642578125
30460,5897.693359375
30461,6287.6708984375
30462,5032.0283203125
30463,6488.59521484375
30464,5973.22607421875
30465,5307.4306640625
30466,4916.162109375
30467,6560.841796875
30468,5821.017578125
30469,5897.693359375
30470,5032.0283203125
30471,6287.6708984375
30472,5897.693359375
30473,6287.6708984375
30474,5906.435546875
30475,5401.953125
30476,6287.6708984375
30477,5505.99169921875
30478,5032.0283203125
30479,5821.017578125
30480,5744.0869140625
30481,5184.23681640625
30482,5032.0283203125
30483,7140.3828125
30484,5032.0283203125
30485,4914.20751953125
30486,5732.02294921875
30487,5307.4306640625
30488,5529.5595703125
30489,5032.0283203125
30490,6287.6708984375
30491,5640.0732421875
30492,6118.2646484375
30493,5973.22607421875
30494,6112.86572265625
30495,5032.0283203125
30496,5307.4306640625
30497,5032.0283203125
30498,7476.134765625
30499,5221.5439453125
30500,5958.74951171875
30501,5307.4306640625
30502,5032.0283203125
30503,5221.5439453125
30504,6118.2646484375
30505,5221.5439453125
30506,5221.5439453125
30507,6287.6708984375
30508,5032.0283203125
30509,5505.99169921875
30510,5221.5439453125
30511,6839.88232421875
30512,5459.63916015625
30513,4914.20751953125
30514,6456.8681640625
30515,5897.693359375
30516,5401.953125
30517,5744.0869140625
30518,5681.76806640625
30519,8188.80078125
30520,5459.63916015625
30521,6287.6708984375
30522,6080.63623046875
30523,5809.80078125
30524,5230.2578125
30525,6287.6708984375
30526,5505.99169921875
30527,5869.00634765625
30528,11914.1806640625
30529,5958.74951171875
30530,5249.74462890625
30531,5644.322265625
30532,6287.6708984375
30533,5973.22607421875
30534,5847.10791015625
30535,6287.6708984375
30536,6287.6708984375
30537,5032.0283203125
30538,5973.22607421875
30539,5184.23681640625
30540,4914.20751953125
30541,5221.5439453125
30542,5897.693359375
30543,5032.0283203125
30544,5821.017578125
30545,10317.650390625
30546,6287.6708984375
30547,6080.63623046875
30548,5644.322265625
30549,5307.4306640625
30550,5869.00634765625
30551,5532.45703125
30552,7033.5048828125
30553,6287.6708984375
30554,6287.6708984375
30555,6287.6708984375
30556,7463.27490234375
30557,7857.521484375
30558,5923.7080078125
30559,6730.2744140625
30560,6488.59521484375
30561,7031.21875
30562,5973.22607421875
30563,5032.0283203125
30564,5459.63916015625
30565,5142.888671875
30566,5401.953125
30567,5032.0283203125
30568,5307.4306640625
30569,6287.6708984375
30570,6287.6708984375
30571,5847.10791015625
30572,5505.99169921875
30573,5809.80078125
30574,5032.0283203125
30575,6287.6708984375
30576,5032.0283203125
30577,6287.6708984375
30578,5809.80078125
30579,4540.82958984375
30580,5821.017578125
30581,5032.0283203125
30582,5307.4306640625
30583,5789.62646484375
30584,5732.02294921875
30585,5847.10791015625
30586,5847.10791015625
30587,6287.6708984375
30588,6342.609375
30589,5897.693359375
30590,5032.0283203125
30591,7031.21875
30592,5032.0283203125
30593,7031.21875
30594,5307.4306640625
30595,5931.8779296875
30596,6080.63623046875
30597,5640.0732421875
30598,5142.888671875
30599,6287.6708984375
30600,5891.5380859375
30601,5897.693359375
30602,5221.5439453125
30603,5914.81201171875
30604,5125.82275390625
30605,6022.22216796875
30606,5839.279296875
30607,6972.8046875
30608,4973.6142578125
30609,5163.1298828125
30610,5914.81201171875
30611,6554.74169921875
30612,5873.4638671875
30613,6229.2568359375
30614,4973.6142578125
30615,5249.0166015625
30616,4973.6142578125
30617,5581.6591796875
30618,4855.79345703125
30619,5481.357421875
30620,5163.1298828125
30621,4855.79345703125
30622,5865.2939453125
30623,6229.2568359375
30624,5249.0166015625
30625,5914.81201171875
30626,6305.85693359375
30627,4973.6142578125
30628,6229.2568359375
30629,5163.1298828125
30630,6305.85693359375
30631,5249.0166015625
30632,6229.2568359375
30633,5401.22509765625
30634,5481.357421875
30635,5163.1298828125
30636,5810.59228515625
30637,3965.868896484375
30638,6229.2568359375
30639,5900.33544921875
30640,5268.8857421875
30641,5481.357421875
30642,6229.2568359375
30643,5839.279296875
30644,6229.2568359375
30645,5447.57763671875
30646,5163.1298828125
30647,5163.1298828125
30648,5756.1279296875
30649,5900.33544921875
30650,6430.18115234375
30651,6229.2568359375
30652,8169.43798828125
30653,5401.22509765625
30654,5163.1298828125
30655,6229.2568359375
30656,5084.474609375
30657,6229.2568359375
30658,5762.603515625
30659,6059.8505859375
30660,6059.8505859375
30661,8169.43798828125
30662,4973.6142578125
30663,5762.603515625
30664,6022.22216796875
30665,6229.2568359375
30666,6430.18115234375
30667,5391.70849609375
30668,5249.0166015625
30669,6059.8505859375
30670,5788.69384765625
30671,5125.82275390625
30672,4973.6142578125
30673,5751.38671875
30674,5163.1298828125
30675,4973.6142578125
30676,5914.81201171875
30677,5839.279296875
30678,5249.0166015625
30679,6229.2568359375
30680,6682.13623046875
30681,5762.603515625
30682,5447.57763671875
30683,5914.81201171875
30684,6305.85693359375
30685,5839.279296875
30686,5125.82275390625
30687,5751.38671875
30688,5839.279296875
30689,4973.6142578125
30690,5914.81201171875
30691,6022.22216796875
30692,5839.279296875
30693,6229.2568359375
30694,4973.6142578125
30695,4973.6142578125
30696,7081.96875
30697,5788.69384765625
30698,5762.603515625
30699,6229.2568359375
30700,5084.474609375
30701,5249.0166015625
30702,4973.6142578125
30703,5163.1298828125
30704,6229.2568359375
30705,6203.45458984375
30706,5900.33544921875
30707,7799.107421875
30708,5839.279296875
30709,5401.22509765625
30710,5249.0166015625
30711,4973.6142578125
30712,6106.99609375
30713,5900.33544921875
30714,5914.81201171875
30715,5788.69384765625
30716,4973.6142578125
30717,5788.69384765625
30718,7184.6513671875
30719,4973.6142578125
30720,5191.33056640625
30721,4973.6142578125
30722,4624.3984375
30723,4973.6142578125
30724,5839.279296875
30725,5751.38671875
30726,4973.6142578125
30727,5914.81201171875
30728,4973.6142578125
30729,5249.0166015625
30730,5900.33544921875
30731,5762.603515625
30732,5788.69384765625
30733,6229.2568359375
30734,5288.3310546875
30735,5900.33544921875
30736,5914.81201171875
30737,5762.603515625
30738,5914.81201171875
30739,4973.6142578125
30740,6781.46826171875
30741,5914.81201171875
30742,5191.33056640625
30743,5914.81201171875
30744,7301.70068359375
30745,6972.8046875
30746,6229.2568359375
30747,5839.279296875
30748,4973.6142578125
30749,7295.05517578125
30750,5900.33544921875
30751,5839.279296875
30752,5401.22509765625
30753,7485.14208984375
30754,6039.7041015625
30755,6889.27294921875
30756,5621.1748046875
30757,4973.6142578125
30758,4855.79345703125
30759,5673.60888671875
30760,5810.59228515625
30761,4855.79345703125
30762,5249.0166015625
30763,5084.474609375
30764,5923.52587890625
30765,5673.60888671875
30766,5401.22509765625
30767,5839.279296875
30768,5409.93896484375
30769,5401.22509765625
30770,6229.2568359375
30771,6610.75927734375
30772,5481.357421875
30773,5401.22509765625
30774,6229.2568359375
30775,5673.60888671875
30776,6229.2568359375
30777,7417.720703125
30778,4973.6142578125
30779,5481.357421875
30780,6229.2568359375
30781,5401.22509765625
30782,7190.994140625
30783,4973.6142578125
30784,5914.81201171875
30785,5249.0166015625
30786,6044.8583984375
30787,4855.79345703125
30788,5762.603515625
30789,5905.62255859375
30790,5125.82275390625
30791,5401.22509765625
30792,5900.33544921875
30793,5900.33544921875
30794,6737.17041015625
30795,5621.1748046875
30796,6246.73876953125
30797,6737.17041015625
30798,5084.474609375
30799,5125.82275390625
30800,5249.0166015625
30801,11855.767578125
30802,6097.17236328125
30803,4973.6142578125
30804,6737.17041015625
30805,4973.6142578125
30806,5249.0166015625
30807,5673.60888671875
30808,5200.5712890625
30809,5401.22509765625
30810,4973.6142578125
30811,4855.79345703125
30812,4973.6142578125
30813,7891.78955078125
30814,7449.18603515625
30815,8192.734375
30816,6335.36962890625
30817,5485.74755859375
30818,5094.0458984375
30819,6297.5126953125
30820,5435.162109375
30821,6220.91259765625
30822,5127.82568359375
30823,5754.25927734375
30824,5754.25927734375
30825,4618.03564453125
30826,4620.08251953125
30827,6051.6298828125
30828,6220.91259765625
30829,5906.4677734375
30830,4765.24462890625
30831,5182.986328125
30832,4620.08251953125
30833,6623.880859375
30834,5906.4677734375
30835,6747.49365234375
30836,6191.490234375
30837,6366.07470703125
30838,5147.93359375
30839,6366.07470703125
30840,4502.26171875
30841,6964.46044921875
30842,6051.6298828125
30843,5533.6162109375
30844,5599.56689453125
30845,5110.86669921875
30846,5110.86669921875
30847,5647.435546875
30848,6616.83642578125
30849,4954.76025390625
30850,5580.32421875
30851,5663.63916015625
30852,6776.11669921875
30853,5485.74755859375
30854,6159.0400390625
30855,5580.32421875
30856,5906.4677734375
30857,5868.07861328125
30858,5802.248046875
30859,5830.98681640625
30860,5615.009765625
30861,6261.37060546875
30862,5397.85498046875
30863,5335.19482421875
30864,6399.0693359375
30865,4954.76025390625
30866,7409.37646484375
30867,6705.3017578125
30868,5182.986328125
30869,6220.91259765625
30870,5094.0458984375
30871,4620.08251953125
30872,6663.51611328125
30873,5930.66357421875
30874,6442.6748046875
30875,6159.0400390625
30876,5647.435546875
30877,5127.82568359375
30878,5829.0595703125
30879,5021.0263671875
30880,5626.416015625
30881,5646.59033203125
30882,6220.91259765625
30883,4868.81787109375
30884,5021.0263671875
30885,6179.39892578125
30886,5021.0263671875
30887,5278.861328125
30888,5342.78125
30889,6159.0400390625
30890,6568.611328125
30891,5231.15576171875
30892,5622.02490234375
30893,5760.171875
30894,5505.587890625
30895,5392.880859375
30896,5646.59033203125
30897,6366.07470703125
30898,6220.91259765625
30899,5802.248046875
30900,6051.6298828125
30901,5734.48291015625
30902,6442.6748046875
30903,5538.04296875
30904,5376.56103515625
30905,6366.07470703125
30906,6220.91259765625
30907,5013.97998046875
30908,5802.248046875
30909,5734.48291015625
30910,4896.1591796875
30911,4982.63720703125
30912,5385.83447265625
30913,5021.0263671875
30914,4868.81787109375
30915,5734.48291015625
30916,5576.62060546875
30917,5203.49560546875
30918,5462.80126953125
30919,4868.81787109375
30920,4868.81787109375
30921,5240.67236328125
30922,5231.15576171875
30923,5734.48291015625
30924,5521.72314453125
30925,6013.8779296875
30926,5505.587890625
30927,5538.04296875
30928,6366.07470703125
30929,5166.1884765625
30930,5802.248046875
30931,5734.48291015625
30932,5342.78125
30933,6159.0400390625
30934,4896.1591796875
30935,6220.91259765625
30936,6051.6298828125
30937,5829.0595703125
30938,6159.0400390625
30939,6220.91259765625
30940,6051.6298828125
30941,4868.81787109375
30942,4750.9970703125
30943,6677.146484375
30944,5683.8974609375
30945,4982.63720703125
30946,4868.81787109375
30947,5646.59033203125
30948,5699.5615234375
30949,5058.33349609375
30950,5683.8974609375
30951,5683.8974609375
30952,6964.46044921875
30953,5829.0595703125
30954,5058.33349609375
30955,5451.23193359375
30956,5683.8974609375
30957,6366.07470703125
30958,4979.67822265625
30959,6013.8779296875
30960,4565.79052734375
30961,5829.0595703125
30962,4868.81787109375
30963,4868.81787109375
30964,5538.04296875
30965,5734.48291015625
30966,5822.49072265625
30967,8161.09375
30968,5683.8974609375
30969,6051.6298828125
30970,5734.48291015625
30971,5771.578125
30972,6366.07470703125
30973,5058.33349609375
30974,5865.11962890625
30975,5683.8974609375
30976,5392.880859375
30977,4565.79052734375
30978,6013.8779296875
30979,5538.04296875
30980,5203.49560546875
30981,4975.833984375
30982,5278.861328125
30983,5376.56103515625
30984,5754.25927734375
30985,5734.48291015625
30986,5734.48291015625
30987,6159.0400390625
30988,5538.04296875
30989,5734.48291015625
30990,5646.59033203125
30991,6051.6298828125
30992,6828.27392578125
30993,6366.07470703125
30994,6051.6298828125
30995,5734.48291015625
30996,5829.0595703125
30997,5058.33349609375
30998,4979.67822265625
30999,6661.43310546875
31000,6661.43310546875
31001,5203.49560546875
31002,4979.67822265625
31003,4565.79052734375
31004,6964.46044921875
31005,5683.8974609375
31006,6172.01806640625
31007,5747.78369140625
31008,6159.0400390625
31009,4896.1591796875
31010,9779.330078125
31011,7111.90869140625
31012,6483.1728515625
31013,4449.92431640625
31014,5335.19482421875
31015,6939.259765625
31016,4484.25
31017,11163.2509765625
31018,16074.712890625
31019,5240.67236328125
31020,5058.33349609375
31021,5646.59033203125
31022,5683.8974609375
31023,9532.419921875
31024,5249.63623046875
31025,6127.767578125
31026,4740.9580078125
31027,4449.92431640625
31028,6051.6298828125
31029,6127.767578125
31030,5385.83447265625
31031,5822.49072265625
31032,6366.07470703125
31033,4775.6728515625
31034,4565.79052734375
31035,5553.4453125
31036,4927.88134765625
31037,4565.79052734375
31038,5829.0595703125
31039,5590.75244140625
31040,5283.416015625
31041,5412.44287109375
31042,4965.1884765625
31043,5553.4453125
31044,5622.02490234375
31045,5947.41015625
31046,6903.61474609375
31047,6127.767578125
31048,5899.42138671875
31049,5249.63623046875
31050,5553.4453125
31051,5299.73583984375
31052,4965.1884765625
31053,4775.6728515625
31054,5203.49560546875
31055,5147.52734375
31056,6871.3154296875
31057,5829.0595703125
31058,4657.85205078125
31059,4868.38818359375
31060,5829.0595703125
31061,4896.1591796875
31062,5369.65625
31063,8067.94873046875
31064,5538.04296875
31065,6168.2255859375
31066,5203.49560546875
31067,5283.416015625
31068,4775.6728515625
31069,5480.5166015625
31070,5147.52734375
31071,6879.9365234375
31072,6051.90478515625
31073,10371.4033203125
31074,8544.529296875
31075,5410.18896484375
31076,5771.5673828125
31077,5257.98046875
31078,6238.220703125
31079,6439.14501953125
31080,5694.63671875
31081,5456.54150390625
31082,6634.14453125
31083,5619.34814453125
31084,6238.220703125
31085,5632.31787109375
31086,5456.54150390625
31087,5172.09375
31088,5172.09375
31089,5410.18896484375
31090,7399.88720703125
31091,6981.7685546875
31092,6238.220703125
31093,5632.31787109375
31094,5760.3505859375
31095,6238.220703125
31096,9569.9111328125
31097,5418.90283203125
31098,5134.78662109375
31099,6238.220703125
31100,5771.5673828125
31101,6238.220703125
31102,5172.09375
31103,5257.98046875
31104,5410.18896484375
31105,5632.31787109375
31106,7208.04150390625
31107,6238.220703125
31108,5797.65771484375
31109,6363.443359375
31110,11177.5029296875
31111,6355.8681640625
31112,5816.19091796875
31113,5950.83203125
31114,6318.56103515625
31115,6796.43115234375
31116,5540.78857421875
31117,6318.56103515625
31118,5963.759765625
31119,6309.68701171875
31120,5215.8603515625
31121,6226.02001953125
31122,4925.83349609375
31123,4897.6328125
31124,5523.19677734375
31125,4983.51953125
31126,4708.1171875
31127,5135.72802734375
31128,4897.6328125
31129,4708.1171875
31130,4983.51953125
31131,5873.63720703125
31132,6301.6083984375
31133,5987.16357421875
31134,7045.15625
31135,5473.57666015625
31136,6301.6083984375
31137,6301.6083984375
31138,5321.3681640625
31139,5045.9658203125
31140,6559.27099609375
31141,5464.06005859375
31142,6301.6083984375
31143,5834.955078125
31144,7045.15625
31145,6502.53271484375
31146,7296.0546875
31147,4928.14501953125
31148,5758.0244140625
31149,6301.6083984375
31150,6301.6083984375
31151,5911.630859375
31152,5882.94384765625
31153,5235.4814453125
31154,5911.630859375
31155,5235.4814453125
31156,5823.73828125
31157,5045.9658203125
31158,6502.53271484375
31159,5156.826171875
31160,7045.15625
31161,6301.6083984375
31162,7367.40673828125
31163,5235.4814453125
31164,5198.17431640625
31165,5834.955078125
31166,5882.94384765625
31167,6301.6083984375
31168,8241.7890625
31169,5473.57666015625
31170,5553.708984375
31171,5972.68701171875
31172,5321.3681640625
31173,5861.04541015625
31174,6301.6083984375
31175,6301.6083984375
31176,6378.20849609375
31177,6301.6083984375
31178,9613.115234375
31179,5235.4814453125
31180,6301.6083984375
31181,6126.80322265625
31182,6502.53271484375
31183,5045.9658203125
31184,5473.57666015625
31185,6094.57373046875
31186,5695.70556640625
31187,5045.9658203125
31188,5321.3681640625
31189,6301.6083984375
31190,5045.9658203125
31191,5695.70556640625
31192,5045.9658203125
31193,5834.955078125
31194,5235.4814453125
31195,7045.15625
31196,5045.9658203125
31197,5321.3681640625
31198,5473.57666015625
31199,7045.15625
31200,5972.68701171875
31201,7045.15625
31202,5156.826171875
31203,5045.9658203125
31204,5987.16357421875
31205,5834.955078125
31206,5235.4814453125
31207,6301.6083984375
31208,5823.73828125
31209,7463.27490234375
31210,5311.8515625
31211,5987.16357421875
31212,5600.607421875
31213,6378.20849609375
31214,5987.16357421875
31215,5415.890625
31216,5473.57666015625
31217,5519.92919921875
31218,5987.16357421875
31219,6276.30029296875
31220,6694.96484375
31221,7440.798828125
31222,6694.96484375
31223,6487.93017578125
31224,6694.96484375
31225,7438.5126953125
31226,6694.96484375
31227,5439.322265625
31228,5947.0654296875
31229,5866.93310546875
31230,5439.322265625
31231,6304.9873046875
31232,5439.322265625
31233,5714.724609375
31234,7438.5126953125
31235,5628.837890625
31236,6304.9873046875
31237,5866.93310546875
31238,6380.52001953125
31239,6694.96484375
31240,5997.9794921875
31241,6731.71142578125
31242,5997.9794921875
31243,4931.8525390625
31244,4624.51611328125
31245,6741.52734375
31246,4742.3369140625
31247,6198.90380859375
31248,5250.080078125
31249,5350.3818359375
31250,14870.095703125
31251,4742.3369140625
31252,5169.94775390625
31253,7938.16064453125
31254,4624.51611328125
31255,4742.3369140625
31256,5169.94775390625
31257,6488.59521484375
31258,5032.0283203125
31259,5973.22607421875
31260,5032.0283203125
31261,5847.10791015625
31262,5032.0283203125
31263,5529.5595703125
31264,5847.10791015625
31265,5923.7080078125
31266,8227.8515625
31267,5847.10791015625
31268,6488.59521484375
31269,5032.0283203125
31270,7031.21875
31271,8227.8515625
31272,6456.8681640625
31273,6080.63623046875
31274,5418.291015625
31275,5459.63916015625
31276,5681.76806640625
31277,5809.80078125
31278,5869.00634765625
31279,5958.74951171875
31280,5032.0283203125
31281,6749.8701171875
31282,5221.5439453125
31283,5184.23681640625
31284,5142.888671875
31285,5847.10791015625
31286,5221.5439453125
31287,5897.693359375
31288,5221.5439453125
31289,5973.22607421875
31290,5897.693359375
31291,5973.22607421875
31292,6287.6708984375
31293,5032.0283203125
31294,5459.63916015625
31295,5225.7353515625
31296,5869.00634765625
31297,5221.5439453125
31298,6287.6708984375
31299,5032.0283203125
31300,6287.6708984375
31301,6287.6708984375
31302,5032.0283203125
31303,5681.76806640625
31304,5539.771484375
31305,5221.5439453125
31306,5032.0283203125
31307,5973.22607421875
31308,5847.10791015625
31309,5847.10791015625
31310,6287.6708984375
31311,5307.4306640625
31312,5249.74462890625
31313,5958.74951171875
31314,5221.5439453125
31315,6414.83642578125
31316,5897.693359375
31317,6287.6708984375
31318,5032.0283203125
31319,6488.59521484375
31320,5973.22607421875
31321,5307.4306640625
31322,4916.162109375
31323,6560.841796875
31324,5821.017578125
31325,5897.693359375
31326,5032.0283203125
31327,6287.6708984375
31328,5897.693359375
31329,6287.6708984375
31330,5906.435546875
31331,5401.953125
31332,6287.6708984375
31333,5505.99169921875
31334,5032.0283203125
31335,5821.017578125
31336,5744.0869140625
31337,5184.23681640625
31338,5032.0283203125
31339,7140.3828125
31340,5032.0283203125
31341,4914.20751953125
31342,5732.02294921875
31343,5307.4306640625
31344,5529.5595703125
31345,5032.0283203125
31346,6287.6708984375
31347,5640.0732421875
31348,6118.2646484375
31349,5973.22607421875
31350,6112.86572265625
31351,5032.0283203125
31352,5307.4306640625
31353,5032.0283203125
31354,7476.134765625
31355,5221.5439453125
31356,5958.74951171875
31357,5307.4306640625
31358,5032.0283203125
31359,5221.5439453125
31360,6118.2646484375
31361,5221.5439453125
31362,5221.5439453125
31363,6287.6708984375
31364,5032.0283203125
31365,5505.99169921875
31366,5221.5439453125
31367,6839.88232421875
31368,5459.63916015625
31369,4914.20751953125
31370,6456.8681640625
31371,5897.693359375
31372,5401.953125
31373,5744.0869140625
31374,5681.76806640625
31375,8188.80078125
31376,5459.63916015625
31377,6287.6708984375
31378,6080.63623046875
31379,5809.80078125
31380,5230.2578125
31381,6287.6708984375
31382,5505.99169921875
31383,5869.00634765625
31384,11914.1806640625
31385,5958.74951171875
31386,5249.74462890625
31387,5644.322265625
31388,6287.6708984375
31389,5973.22607421875
31390,5847.10791015625
31391,6287.6708984375
31392,6287.6708984375
31393,5032.0283203125
31394,5973.22607421875
31395,5184.23681640625
31396,4914.20751953125
31397,5221.5439453125
31398,5897.693359375
31399,5032.0283203125
31400,5821.017578125
31401,10317.650390625
31402,6287.6708984375
31403,6080.63623046875
31404,5644.322265625
31405,5307.4306640625
31406,5869.00634765625
31407,5532.45703125
31408,7033.5048828125
31409,6287.6708984375
31410,6287.6708984375
31411,6287.6708984375
31412,7463.27490234375
31413,7857.521484375
31414,5923.7080078125
31415,6730.2744140625
31416,6488.59521484375
31417,7031.21875
31418,5973.22607421875
31419,5032.0283203125
31420,5459.63916015625
31421,5142.888671875
31422,5401.953125
31423,5032.0283203125
31424,5307.4306640625
31425,6287.6708984375
31426,6287.6708984375
31427,5847.10791015625
31428,5505.99169921875
31429,5809.80078125
31430,5032.0283203125
31431,6287.6708984375
31432,5032.0283203125
31433,6287.6708984375
31434,5809.80078125
31435,4540.82958984375
31436,5821.017578125
31437,5032.0283203125
31438,5307.4306640625
31439,5789.62646484375
31440,5732.02294921875
31441,5847.10791015625
31442,5847.10791015625
31443,6287.6708984375
31444,6342.609375
31445,5897.693359375
31446,5032.0283203125
31447,7031.21875
31448,5032.0283203125
31449,7031.21875
31450,5307.4306640625
31451,5931.8779296875
31452,6080.63623046875
31453,5640.0732421875
31454,5142.888671875
31455,6287.6708984375
31456,5891.5380859375
31457,5897.693359375
31458,5221.5439453125
31459,5914.81201171875
31460,5125.82275390625
31461,6022.22216796875
31462,5839.279296875
31463,6972.8046875
31464,4973.6142578125
31465,5163.1298828125
31466,5914.81201171875
31467,6554.74169921875
31468,5873.4638671875
31469,6229.2568359375
31470,4973.6142578125
31471,5249.0166015625
31472,4973.6142578125
31473,5581.6591796875
31474,4855.79345703125
31475,5481.357421875
31476,5163.1298828125
31477,4855.79345703125
31478,5865.2939453125
31479,6229.2568359375
31480,5249.0166015625
31481,5914.81201171875
31482,6305.85693359375
31483,4973.6142578125
31484,6229.2568359375
31485,5163.1298828125
31486,6305.85693359375
31487,5249.0166015625
31488,6229.2568359375
31489,5401.22509765625
31490,5481.357421875
31491,5163.1298828125
31492,5810.59228515625
31493,3965.868896484375
31494,6229.2568359375
31495,5900.33544921875
31496,5268.8857421875
31497,5481.357421875
31498,6229.2568359375
31499,5839.279296875
31500,6229.2568359375
31501,5447.57763671875
31502,5163.1298828125
31503,5163.1298828125
31504,5756.1279296875
31505,5900.33544921875
31506,6430.18115234375
31507,6229.2568359375
31508,8169.43798828125
31509,5401.22509765625
31510,5163.1298828125
31511,6229.2568359375
31512,5084.474609375
31513,6229.2568359375
31514,5762.603515625
31515,6059.8505859375
31516,6059.8505859375
31517,8169.43798828125
31518,4973.6142578125
31519,5762.603515625
31520,6022.22216796875
31521,6229.2568359375
31522,6430.18115234375
31523,5391.70849609375
31524,5249.0166015625
31525,6059.8505859375
31526,5788.69384765625
31527,5125.82275390625
31528,4973.6142578125
31529,5751.38671875
31530,5163.1298828125
31531,4973.6142578125
31532,5914.81201171875
31533,5839.279296875
31534,5249.0166015625
31535,6229.2568359375
31536,6682.13623046875
31537,5762.603515625
31538,5447.57763671875
31539,5914.81201171875
31540,6305.85693359375
31541,5839.279296875
31542,5125.82275390625
31543,5751.38671875
31544,5839.279296875
31545,4973.6142578125
31546,5914.81201171875
31547,6022.22216796875
31548,5839.279296875
31549,6229.2568359375
31550,4973.6142578125
31551,4973.6142578125
31552,7081.96875
31553,5788.69384765625
31554,5762.603515625
31555,6229.2568359375
31556,5084.474609375
31557,5249.0166015625
31558,4973.6142578125
31559,5163.1298828125
31560,6229.2568359375
31561,6203.45458984375
31562,5900.33544921875
31563,7799.107421875
31564,5839.279296875
31565,5401.22509765625
31566,5249.0166015625
31567,4973.6142578125
31568,6106.99609375
31569,5900.33544921875
31570,5914.81201171875
31571,5788.69384765625
31572,4973.6142578125
31573,5788.69384765625
31574,7184.6513671875
31575,4973.6142578125
31576,5191.33056640625
31577,4973.6142578125
31578,4624.3984375
31579,4973.6142578125
31580,5839.279296875
31581,5751.38671875
31582,4973.6142578125
31583,5914.81201171875
31584,4973.6142578125
31585,5249.0166015625
31586,5900.33544921875
31587,5762.603515625
31588,5788.69384765625
31589,6229.2568359375
31590,5288.3310546875
31591,5900.33544921875
31592,5914.81201171875
31593,5762.603515625
31594,5914.81201171875
31595,4973.6142578125
31596,6781.46826171875
31597,5914.81201171875
31598,5191.33056640625
31599,5914.81201171875
31600,7301.70068359375
31601,6972.8046875
31602,6229.2568359375
31603,5839.279296875
31604,4973.6142578125
31605,7295.05517578125
31606,5900.33544921875
31607,5839.279296875
31608,5401.22509765625
31609,7485.14208984375
31610,6039.7041015625
31611,6889.27294921875
31612,5621.1748046875
31613,4973.6142578125
31614,4855.79345703125
31615,5673.60888671875
31616,5810.59228515625
31617,4855.79345703125
31618,5249.0166015625
31619,5084.474609375
31620,5923.52587890625
31621,5673.60888671875
31622,5401.22509765625
31623,5839.279296875
31624,5409.93896484375
31625,5401.22509765625
31626,6229.2568359375
31627,6610.75927734375
31628,5481.357421875
31629,5401.22509765625
31630,6229.2568359375
31631,5673.60888671875
31632,6229.2568359375
31633,7417.720703125
31634,4973.6142578125
31635,5481.357421875
31636,6229.2568359375
31637,5401.22509765625
31638,7190.994140625
31639,4973.6142578125
31640,5914.81201171875
31641,5249.0166015625
31642,6044.8583984375
31643,4855.79345703125
31644,5762.603515625
31645,5905.62255859375
31646,5125.82275390625
31647,5401.22509765625
31648,5900.33544921875
31649,5900.33544921875
31650,6737.17041015625
31651,5621.1748046875
31652,6246.73876953125
31653,6737.17041015625
31654,5084.474609375
31655,5125.82275390625
31656,5249.0166015625
31657,11855.767578125
31658,6097.17236328125
31659,4973.6142578125
31660,6737.17041015625
31661,4973.6142578125
31662,5249.0166015625
31663,5673.60888671875
31664,5200.5712890625
31665,5401.22509765625
31666,4973.6142578125
31667,4855.79345703125
31668,4973.6142578125
31669,7891.78955078125
31670,7449.18603515625
31671,8192.734375
31672,6335.36962890625
31673,5485.74755859375
31674,5094.0458984375
31675,6297.5126953125
31676,5435.162109375
31677,6220.91259765625
31678,5127.82568359375
31679,5754.25927734375
31680,5754.25927734375
31681,4618.03564453125
31682,4620.08251953125
31683,6051.6298828125
31684,6220.91259765625
31685,5906.4677734375
31686,4765.24462890625
31687,5182.986328125
31688,4620.08251953125
31689,6623.880859375
31690,5906.4677734375
31691,6747.49365234375
31692,6191.490234375
31693,6366.07470703125
31694,5147.93359375
31695,6366.07470703125
31696,4502.26171875
31697,6964.46044921875
31698,6051.6298828125
31699,5533.6162109375
31700,5599.56689453125
31701,5110.86669921875
31702,5110.86669921875
31703,5647.435546875
31704,6616.83642578125
31705,4954.76025390625
31706,5580.32421875
31707,5663.63916015625
31708,6776.11669921875
31709,5485.74755859375
31710,6159.0400390625
31711,5580.32421875
31712,5906.4677734375
31713,5868.07861328125
31714,5802.248046875
31715,5830.98681640625
31716,5615.009765625
31717,6261.37060546875
31718,5397.85498046875
31719,5335.19482421875
31720,6399.0693359375
31721,4954.76025390625
31722,7409.37646484375
31723,6705.3017578125
31724,5182.986328125
31725,6220.91259765625
31726,5094.0458984375
31727,4620.08251953125
31728,6663.51611328125
31729,5930.66357421875
31730,6442.6748046875
31731,6159.0400390625
31732,5647.435546875
31733,5127.82568359375
31734,5829.0595703125
31735,5021.0263671875
31736,5626.416015625
31737,5646.59033203125
31738,6220.91259765625
31739,4868.81787109375
31740,5021.0263671875
31741,6179.39892578125
31742,5021.0263671875
31743,5278.861328125
31744,5342.78125
31745,6159.0400390625
31746,6568.611328125
31747,5231.15576171875
31748,5622.02490234375
31749,5760.171875
31750,5505.587890625
31751,5392.880859375
31752,5646.59033203125
31753,6366.07470703125
31754,6220.91259765625
31755,5802.248046875
31756,6051.6298828125
31757,5734.48291015625
31758,6442.6748046875
31759,5538.04296875
31760,5376.56103515625
31761,6366.07470703125
31762,6220.91259765625
31763,5013.97998046875
31764,5802.248046875
31765,5734.48291015625
31766,4896.1591796875
31767,4982.63720703125
31768,5385.83447265625
31769,5021.0263671875
31770,4868.81787109375
31771,5734.48291015625
31772,5576.62060546875
31773,5203.49560546875
31774,5462.80126953125
31775,4868.81787109375
31776,4868.81787109375
31777,5240.67236328125
31778,5231.15576171875
31779,5734.48291015625
31780,5521.72314453125
31781,6013.8779296875
31782,5505.587890625
31783,5538.04296875
31784,6366.07470703125
31785,5166.1884765625
31786,5802.248046875
31787,5734.48291015625
31788,5342.78125
31789,6159.0400390625
31790,4896.1591796875
31791,6220.91259765625
31792,6051.6298828125
31793,5829.0595703125
31794,6159.0400390625
31795,6220.91259765625
31796,6051.6298828125
31797,4868.81787109375
31798,4750.9970703125
31799,6677.146484375
31800,5683.8974609375
31801,4982.63720703125
31802,4868.81787109375
31803,5646.59033203125
31804,5699.5615234375
31805,5058.33349609375
31806,5683.8974609375
31807,5683.8974609375
31808,6964.46044921875
31809,5829.0595703125
31810,5058.33349609375
31811,5451.23193359375
31812,5683.8974609375
31813,6366.07470703125
31814,4979.67822265625
31815,6013.8779296875
31816,4565.79052734375
31817,5829.0595703125
31818,4868.81787109375
31819,4868.81787109375
31820,5538.04296875
31821,5734.48291015625
31822,5822.49072265625
31823,8161.09375
31824,5683.8974609375
31825,6051.6298828125
31826,5734.48291015625
31827,5771.578125
31828,6366.07470703125
31829,5058.33349609375
31830,5865.11962890625
31831,5683.8974609375
31832,5392.880859375
31833,4565.79052734375
31834,6013.8779296875
31835,5538.04296875
31836,5203.49560546875
31837,4975.833984375
31838,5278.861328125
31839,5376.56103515625
31840,5754.25927734375
31841,5734.48291015625
31842,5734.48291015625
31843,6159.0400390625
31844,5538.04296875
31845,5734.48291015625
31846,5646.59033203125
31847,6051.6298828125
31848,6828.27392578125
31849,6366.07470703125
31850,6051.6298828125
31851,5734.48291015625
31852,5829.0595703125
31853,5058.33349609375
31854,4979.67822265625
31855,6661.43310546875
31856,6661.43310546875
31857,5203.49560546875
31858,4979.67822265625
31859,4565.79052734375
31860,6964.46044921875
31861,5683.8974609375
31862,6172.01806640625
31863,5747.78369140625
31864,6159.0400390625
31865,4896.1591796875
31866,9779.330078125
31867,7111.90869140625
31868,6483.1728515625
31869,4449.92431640625
31870,5335.19482421875
31871,6939.259765625
31872,4484.25
31873,11163.2509765625
31874,16074.712890625
31875,5240.67236328125
31876,5058.33349609375
31877,5646.59033203125
31878,5683.8974609375
31879,9532.419921875
31880,5249.63623046875
31881,6127.767578125
31882,4740.9580078125
31883,4449.92431640625
31884,6051.6298828125
31885,6127.767578125
31886,5385.83447265625
31887,5822.49072265625
31888,6366.07470703125
31889,4775.6728515625
31890,4565.79052734375
31891,5553.4453125
31892,4927.88134765625
31893,4565.79052734375
31894,5829.0595703125
31895,5590.75244140625
31896,5283.416015625
31897,5412.44287109375
31898,4965.1884765625
31899,5553.4453125
31900,5622.02490234375
31901,5947.41015625
31902,6903.61474609375
31903,6127.767578125
31904,5899.42138671875
31905,5249.63623046875
31906,5553.4453125
31907,5299.73583984375
31908,4965.1884765625
31909,4775.6728515625
31910,5203.49560546875
31911,5147.52734375
31912,6871.3154296875
31913,5829.0595703125
31914,4657.85205078125
31915,4868.38818359375
31916,5829.0595703125
31917,4896.1591796875
31918,5369.65625
31919,8067.94873046875
31920,5538.04296875
31921,6168.2255859375
31922,5203.49560546875
31923,5283.416015625
31924,4775.6728515625
31925,5480.5166015625
31926,5147.52734375
31927,6879.9365234375
31928,6051.90478515625
31929,10371.4033203125
31930,8544.529296875
31931,5410.18896484375
31932,5771.5673828125
31933,5257.98046875
31934,6238.220703125
31935,6439.14501953125
31936,5694.63671875
31937,5456.54150390625
31938,6634.14453125
31939,5619.34814453125
31940,6238.220703125
31941,5632.31787109375
31942,5456.54150390625
31943,5172.09375
31944,5172.09375
31945,5410.18896484375
31946,7399.88720703125
31947,6981.7685546875
31948,6238.220703125
31949,5632.31787109375
31950,5760.3505859375
31951,6238.220703125
31952,9569.9111328125
31953,5418.90283203125
31954,5134.78662109375
31955,6238.220703125
31956,5771.5673828125
31957,6238.220703125
31958,5172.09375
31959,5257.98046875
31960,5410.18896484375
31961,5632.31787109375
31962,7208.04150390625
31963,6238.220703125
31964,5797.65771484375
31965,6363.443359375
31966,11177.5029296875
31967,6355.8681640625
31968,5816.19091796875
31969,5950.83203125
31970,6318.56103515625
31971,6796.43115234375
31972,5540.78857421875
31973,6318.56103515625
31974,5963.759765625
31975,6309.68701171875
31976,5215.8603515625
31977,6226.02001953125
31978,4925.83349609375
31979,4897.6328125
31980,5523.19677734375
31981,4983.51953125
31982,4708.1171875
31983,5135.72802734375
31984,4897.6328125
31985,4708.1171875
31986,4983.51953125
31987,5873.63720703125
31988,6301.6083984375
31989,5987.16357421875
31990,7045.15625
31991,5473.57666015625
31992,6301.6083984375
31993,6301.6083984375
31994,5321.3681640625
31995,5045.9658203125
31996,6559.27099609375
31997,5464.06005859375
31998,6301.6083984375
31999,5834.955078125
32000,7045.15625
32001,6502.53271484375
32002,7296.0546875
32003,4928.14501953125
32004,5758.0244140625
32005,6301.6083984375
32006,6301.6083984375
32007,5911.630859375
32008,5882.94384765625
32009,5235.4814453125
32010,5911.630859375
32011,5235.4814453125
32012,5823.73828125
32013,5045.9658203125
32014,6502.53271484375
32015,5156.826171875
32016,7045.15625
32017,6301.6083984375
32018,7367.40673828125
32019,5235.4814453125
32020,5198.17431640625
32021,5834.955078125
32022,5882.94384765625
32023,6301.6083984375
32024,8241.7890625
32025,5473.57666015625
32026,5553.708984375
32027,5972.68701171875
32028,5321.3681640625
32029,5861.04541015625
32030,6301.6083984375
32031,6301.6083984375
32032,6378.20849609375
32033,6301.6083984375
32034,9613.115234375
32035,5235.4814453125
32036,6301.6083984375
32037,6126.80322265625
32038,6502.53271484375
32039,5045.9658203125
32040,5473.57666015625
32041,6094.57373046875
32042,5695.70556640625
32043,5045.9658203125
32044,5321.3681640625
32045,6301.6083984375
32046,5045.9658203125
32047,5695.70556640625
32048,5045.9658203125
32049,5834.955078125
32050,5235.4814453125
32051,7045.15625
32052,5045.9658203125
32053,5321.3681640625
32054,5473.57666015625
32055,7045.15625
32056,5972.68701171875
32057,7045.15625
32058,5156.826171875
32059,5045.9658203125
32060,5987.16357421875
32061,5834.955078125
32062,5235.4814453125
32063,6301.6083984375
32064,5823.73828125
32065,7463.27490234375
32066,5311.8515625
32067,5987.16357421875
32068,5600.607421875
32069,6378.20849609375
32070,5987.16357421875
32071,5415.890625
32072,5473.57666015625
32073,5519.92919921875
32074,5987.16357421875
32075,6276.30029296875
32076,6694.96484375
32077,7440.798828125
32078,6694.96484375
32079,6487.93017578125
32080,6694.96484375
32081,7438.5126953125
32082,6694.96484375
32083,5439.322265625
32084,5947.0654296875
32085,5866.93310546875
32086,5439.322265625
32087,6304.9873046875
32088,5439.322265625
32089,5714.724609375
32090,7438.5126953125
32091,5628.837890625
32092,6304.9873046875
32093,5866.93310546875
32094,6380.52001953125
32095,6694.96484375
32096,5997.9794921875
32097,6731.71142578125
32098,5997.9794921875
32099,4931.8525390625
32100,4624.51611328125
32101,6741.52734375
32102,4742.3369140625
32103,6198.90380859375
32104,5250.080078125
32105,5350.3818359375
32106,14870.095703125
32107,4742.3369140625
32108,5169.94775390625
32109,7938.16064453125
32110,4624.51611328125
32111,4742.3369140625
32112,5169.94775390625
32113,6488.59521484375
32114,5032.0283203125
32115,5973.22607421875
32116,5032.0283203125
32117,5847.10791015625
32118,5032.0283203125
32119,5529.5595703125
32120,5847.10791015625
32121,5923.7080078125
32122,8227.8515625
32123,5847.10791015625
32124,6488.59521484375
32125,5032.0283203125
32126,7031.21875
32127,8227.8515625
32128,6456.8681640625
32129,6080.63623046875
32130,5418.291015625
32131,5459.63916015625
32132,5681.76806640625
32133,5809.80078125
32134,5869.00634765625
32135,5958.74951171875
32136,5032.0283203125
32137,6749.8701171875
32138,5221.5439453125
32139,5184.23681640625
32140,5142.888671875
32141,5847.10791015625
32142,5221.5439453125
32143,5897.693359375
32144,5221.5439453125
32145,5973.22607421875
32146,5897.693359375
32147,5973.22607421875
32148,6287.6708984375
32149,5032.0283203125
32150,5459.63916015625
32151,5225.7353515625
32152,5869.00634765625
32153,5221.5439453125
32154,6287.6708984375
32155,5032.0283203125
32156,6287.6708984375
32157,6287.6708984375
32158,5032.0283203125
32159,5681.76806640625
32160,5539.771484375
32161,5221.5439453125
32162,5032.0283203125
32163,5973.22607421875
32164,5847.10791015625
32165,5847.10791015625
32166,6287.6708984375
32167,5307.4306640625
32168,5249.74462890625
32169,5958.74951171875
32170,5221.5439453125
32171,6414.83642578125
32172,5897.693359375
32173,6287.6708984375
32174,5032.0283203125
32175,6488.59521484375
32176,5973.22607421875
32177,5307.4306640625
32178,4916.162109375
32179,6560.841796875
32180,5821.017578125
32181,5897.693359375
32182,5032.0283203125
32183,6287.6708984375
32184,5897.693359375
32185,6287.6708984375
32186,5906.435546875
32187,5401.953125
32188,6287.6708984375
32189,5505.99169921875
32190,5032.0283203125
32191,5821.017578125
32192,5744.0869140625
32193,5184.23681640625
32194,5032.0283203125
32195,7140.3828125
32196,5032.0283203125
32197,4914.20751953125
32198,5732.02294921875
32199,5307.4306640625
32200,5529.5595703125
32201,5032.0283203125
32202,6287.6708984375
32203,5640.0732421875
32204,6118.2646484375
32205,5973.22607421875
32206,6112.86572265625
32207,5032.0283203125
32208,5307.4306640625
32209,5032.0283203125
32210,7476.134765625
32211,5221.5439453125
32212,5958.74951171875
32213,5307.4306640625
32214,5032.0283203125
32215,5221.5439453125
32216,6118.2646484375
32217,5221.5439453125
32218,5221.5439453125
32219,6287.6708984375
32220,5032.0283203125
32221,5505.99169921875
32222,5221.5439453125
32223,6839.88232421875
32224,5459.63916015625
32225,4914.20751953125
32226,6456.8681640625
32227,5897.693359375
32228,5401.953125
32229,5744.0869140625
32230,5681.76806640625
32231,8188.80078125
32232,5459.63916015625
32233,6287.6708984375
32234,6080.63623046875
32235,5809.80078125
32236,5230.2578125
32237,6287.6708984375
32238,5505.99169921875
32239,5869.00634765625
32240,11914.1806640625
32241,5958.74951171875
32242,5249.74462890625
32243,5644.322265625
32244,6287.6708984375
32245,5973.22607421875
32246,5847.10791015625
32247,6287.6708984375
32248,6287.6708984375
32249,5032.0283203125
32250,5973.22607421875
32251,5184.23681640625
32252,4914.20751953125
32253,5221.5439453125
32254,5897.693359375
32255,5032.0283203125
32256,5821.017578125
32257,10317.650390625
32258,6287.6708984375
32259,6080.63623046875
32260,5644.322265625
32261,5307.4306640625
32262,5869.00634765625
32263,5532.45703125
32264,7033.5048828125
32265,6287.6708984375
32266,6287.6708984375
32267,6287.6708984375
32268,7463.27490234375
32269,7857.521484375
32270,5923.7080078125
32271,6730.2744140625
32272,6488.59521484375
32273,7031.21875
32274,5973.22607421875
32275,5032.0283203125
32276,5459.63916015625
32277,5142.888671875
32278,5401.953125
32279,5032.0283203125
32280,5307.4306640625
32281,6287.6708984375
32282,6287.6708984375
32283,5847.10791015625
32284,5505.99169921875
32285,5809.80078125
32286,5032.0283203125
32287,6287.6708984375
32288,5032.0283203125
32289,6287.6708984375
32290,5809.80078125
32291,4540.82958984375
32292,5821.017578125
32293,5032.0283203125
32294,5307.4306640625
32295,5789.62646484375
32296,5732.02294921875
32297,5847.10791015625
32298,5847.10791015625
32299,6287.6708984375
32300,6342.609375
32301,5897.693359375
32302,5032.0283203125
32303,7031.21875
32304,5032.0283203125
32305,7031.21875
32306,5307.4306640625
32307,5931.8779296875
32308,6080.63623046875
32309,5640.0732421875
32310,5142.888671875
32311,6287.6708984375
32312,5891.5380859375
32313,5897.693359375
32314,5221.5439453125
32315,5914.81201171875
32316,5125.82275390625
32317,6022.22216796875
32318,5839.279296875
32319,6972.8046875
32320,4973.6142578125
32321,5163.1298828125
32322,5914.81201171875
32323,6554.74169921875
32324,5873.4638671875
32325,6229.2568359375
32326,4973.6142578125
32327,5249.0166015625
32328,4973.6142578125
32329,5581.6591796875
32330,4855.79345703125
32331,5481.357421875
32332,5163.1298828125
32333,4855.79345703125
32334,5865.2939453125
32335,6229.2568359375
32336,5249.0166015625
32337,5914.81201171875
32338,6305.85693359375
32339,4973.6142578125
32340,6229.2568359375
32341,5163.1298828125
32342,6305.85693359375
32343,5249.0166015625
32344,6229.2568359375
32345,5401.22509765625
32346,5481.357421875
32347,5163.1298828125
32348,5810.59228515625
32349,3965.868896484375
32350,6229.2568359375
32351,5900.33544921875
32352,5268.8857421875
32353,5481.357421875
32354,6229.2568359375
32355,5839.279296875
32356,6229.2568359375
32357,5447.57763671875
32358,5163.1298828125
32359,5163.1298828125
32360,5756.1279296875
32361,5900.33544921875
32362,6430.18115234375
32363,6229.2568359375
32364,8169.43798828125
32365,5401.22509765625
32366,5163.1298828125
32367,6229.2568359375
32368,5084.474609375
32369,6229.2568359375
32370,5762.603515625
32371,6059.8505859375
32372,6059.8505859375
32373,8169.43798828125
32374,4973.6142578125
32375,5762.603515625
32376,6022.22216796875
32377,6229.2568359375
32378,6430.18115234375
32379,5391.70849609375
32380,5249.0166015625
32381,6059.8505859375
32382,5788.69384765625
32383,5125.82275390625
32384,4973.6142578125
32385,5751.38671875
32386,5163.1298828125
32387,4973.6142578125
32388,5914.81201171875
32389,5839.279296875
32390,5249.0166015625
32391,6229.2568359375
32392,6682.13623046875
32393,5762.603515625
32394,5447.57763671875
32395,5914.81201171875
32396,6305.85693359375
32397,5839.279296875
32398,5125.82275390625
32399,5751.38671875
32400,5839.279296875
32401,4973.6142578125
32402,5914.81201171875
32403,6022.22216796875
32404,5839.279296875
32405,6229.2568359375
32406,4973.6142578125
32407,4973.6142578125
32408,7081.96875
32409,5788.69384765625
32410,5762.603515625
32411,6229.2568359375
32412,5084.474609375
32413,5249.0166015625
32414,4973.6142578125
32415,5163.1298828125
32416,6229.2568359375
32417,6203.45458984375
32418,5900.33544921875
32419,7799.107421875
32420,5839.279296875
32421,5401.22509765625
32422,5249.0166015625
32423,4973.6142578125
32424,6106.99609375
32425,5900.33544921875
32426,5914.81201171875
32427,5788.69384765625
32428,4973.6142578125
32429,5788.69384765625
32430,7184.6513671875
32431,4973.6142578125
32432,5191.33056640625
32433,4973.6142578125
32434,4624.3984375
32435,4973.6142578125
32436,5839.279296875
32437,5751.38671875
32438,4973.6142578125
32439,5914.81201171875
32440,4973.6142578125
32441,5249.0166015625
32442,5900.33544921875
32443,5762.603515625
32444,5788.69384765625
32445,6229.2568359375
32446,5288.3310546875
32447,5900.33544921875
32448,5914.81201171875
32449,5762.603515625
32450,5914.81201171875
32451,4973.6142578125
32452,6781.46826171875
32453,5914.81201171875
32454,5191.33056640625
32455,5914.81201171875
32456,7301.70068359375
32457,6972.8046875
32458,6229.2568359375
32459,5839.279296875
32460,4973.6142578125
32461,7295.05517578125
32462,5900.33544921875
32463,5839.279296875
32464,5401.22509765625
32465,7485.14208984375
32466,6039.7041015625
32467,6889.27294921875
32468,5621.1748046875
32469,4973.6142578125
32470,4855.79345703125
32471,5673.60888671875
32472,5810.59228515625
32473,4855.79345703125
32474,5249.0166015625
32475,5084.474609375
32476,5923.52587890625
32477,5673.60888671875
32478,5401.22509765625
32479,5839.279296875
32480,5409.93896484375
32481,5401.22509765625
32482,6229.2568359375
32483,6610.75927734375
32484,5481.357421875
32485,5401.22509765625
32486,6229.2568359375
32487,5673.60888671875
32488,6229.2568359375
32489,7417.720703125
32490,4973.6142578125
32491,5481.357421875
32492,6229.2568359375
32493,5401.22509765625
32494,7190.994140625
32495,4973.6142578125
32496,5914.81201171875
32497,5249.0166015625
32498,6044.8583984375
32499,4855.79345703125
32500,5762.603515625
32501,5905.62255859375
32502,5125.82275390625
32503,5401.22509765625
32504,5900.33544921875
32505,5900.33544921875
32506,6737.17041015625
32507,5621.1748046875
32508,6246.73876953125
32509,6737.17041015625
32510,5084.474609375
32511,5125.82275390625
32512,5249.0166015625
32513,11855.767578125
32514,6097.17236328125
32515,4973.6142578125
32516,6737.17041015625
32517,4973.6142578125
32518,5249.0166015625
32519,5673.60888671875
32520,5200.5712890625
32521,5401.22509765625
32522,4973.6142578125
32523,4855.79345703125
32524,4973.6142578125
32525,7891.78955078125
32526,7449.18603515625
32527,8192.734375
32528,6335.36962890625
32529,5620.576171875
32530,5228.87451171875
32531,6148.70654296875
32532,5569.99072265625
32533,6355.7412109375
32534,5262.654296875
32535,5889.087890625
32536,5889.087890625
32537,4752.8642578125
32538,4754.9111328125
32539,6186.45849609375
32540,6355.7412109375
32541,6041.29638671875
32542,4900.0732421875
32543,5317.81494140625
32544,4754.9111328125
32545,6758.70947265625
32546,6041.29638671875
32547,6882.322265625
32548,6326.31884765625
32549,6500.9033203125
32550,5282.76220703125
32551,6500.9033203125
32552,4637.09033203125
32553,7099.2890625
32554,6186.45849609375
32555,5668.44482421875
32556,5734.3955078125
32557,5245.6953125
32558,5245.6953125
32559,5782.26416015625
32560,6751.6650390625
32561,5089.5888671875
32562,5715.15283203125
32563,5798.4677734375
32564,6910.9453125
32565,5620.576171875
32566,6293.86865234375
32567,5715.15283203125
32568,6041.29638671875
32569,6002.9072265625
32570,6148.70654296875
32571,5965.8154296875
32572,5749.83837890625
32573,6396.19921875
32574,5532.68359375
32575,5470.0234375
32576,6250.26318359375
32577,5089.5888671875
32578,7544.205078125
32579,6840.13037109375
32580,5317.81494140625
32581,6355.7412109375
32582,5228.87451171875
32583,4754.9111328125
32584,6798.3447265625
32585,6065.4921875
32586,6293.86865234375
32587,6293.86865234375
32588,5782.26416015625
32589,5262.654296875
32590,5963.88818359375
32591,5155.85498046875
32592,5477.60986328125
32593,5781.4189453125
32594,6355.7412109375
32595,5003.646484375
32596,5155.85498046875
32597,6314.2275390625
32598,5155.85498046875
32599,5413.68994140625
32600,5477.60986328125
32601,6293.86865234375
32602,6703.43994140625
32603,5365.984375
32604,5756.853515625
32605,5895.00048828125
32606,5640.41650390625
32607,5527.70947265625
32608,5781.4189453125
32609,6500.9033203125
32610,6355.7412109375
32611,6148.70654296875
32612,6186.45849609375
32613,5869.3115234375
32614,6293.86865234375
32615,5672.87158203125
32616,5511.3896484375
32617,6500.9033203125
32618,6355.7412109375
32619,5148.80859375
32620,6148.70654296875
32621,5869.3115234375
32622,5030.98779296875
32623,5117.4658203125
32624,5520.6630859375
32625,5155.85498046875
32626,5003.646484375
32627,5869.3115234375
32628,5711.44921875
32629,5338.32421875
32630,5597.6298828125
32631,5003.646484375
32632,5003.646484375
32633,5375.5009765625
32634,5365.984375
32635,5869.3115234375
32636,5656.5517578125
32637,6148.70654296875
32638,5640.41650390625
32639,5672.87158203125
32640,6500.9033203125
32641,5301.01708984375
32642,6148.70654296875
32643,5869.3115234375
32644,5477.60986328125
32645,6293.86865234375
32646,5030.98779296875
32647,6355.7412109375
32648,6186.45849609375
32649,5963.88818359375
32650,6293.86865234375
32651,6355.7412109375
32652,6186.45849609375
32653,5003.646484375
32654,4885.82568359375
32655,6811.97509765625
32656,5818.72607421875
32657,5117.4658203125
32658,5003.646484375
32659,5781.4189453125
32660,5834.39013671875
32661,5193.162109375
32662,5818.72607421875
32663,5818.72607421875
32664,7099.2890625
32665,5963.88818359375
32666,5193.162109375
32667,5586.060546875
32668,5818.72607421875
32669,6500.9033203125
32670,5114.5068359375
32671,6148.70654296875
32672,4700.619140625
32673,5963.88818359375
32674,5003.646484375
32675,5003.646484375
32676,5672.87158203125
32677,5869.3115234375
32678,5957.3193359375
32679,8295.9228515625
32680,5818.72607421875
32681,6186.45849609375
32682,5869.3115234375
32683,5622.77197265625
32684,6500.9033203125
32685,5193.162109375
32686,5999.9482421875
32687,5818.72607421875
32688,5527.70947265625
32689,4700.619140625
32690,6148.70654296875
32691,5672.87158203125
32692,5338.32421875
32693,5110.66259765625
32694,5413.68994140625
32695,5511.3896484375
32696,5889.087890625
32697,5869.3115234375
32698,5869.3115234375
32699,6293.86865234375
32700,5672.87158203125
32701,5869.3115234375
32702,5781.4189453125
32703,6186.45849609375
32704,6963.1025390625
32705,6500.9033203125
32706,6186.45849609375
32707,5869.3115234375
32708,5963.88818359375
32709,5193.162109375
32710,5114.5068359375
32711,6796.26171875
32712,6796.26171875
32713,5338.32421875
32714,5114.5068359375
32715,4700.619140625
32716,7099.2890625
32717,5818.72607421875
32718,6306.8466796875
32719,5882.6123046875
32720,6293.86865234375
32721,5030.98779296875
32722,9914.1591796875
32723,6963.1025390625
32724,6618.00146484375
32725,4584.7529296875
32726,5470.0234375
32727,7074.08837890625
32728,4830.70849609375
32729,11298.080078125
32730,16209.5419921875
32731,5375.5009765625
32732,5193.162109375
32733,5781.4189453125
32734,5818.72607421875
32735,9667.2490234375
32736,5384.46484375
32737,6262.59619140625
32738,4875.7861328125
32739,4584.7529296875
32740,6186.45849609375
32741,6262.59619140625
32742,5520.6630859375
32743,5957.3193359375
32744,6500.9033203125
32745,4910.50146484375
32746,4700.619140625
32747,5688.27392578125
32748,5062.7099609375
32749,4700.619140625
32750,5963.88818359375
32751,5725.5810546875
32752,5418.24462890625
32753,5547.271484375
32754,5100.01708984375
32755,5688.27392578125
32756,5756.853515625
32757,6293.86865234375
32758,7038.443359375
32759,6262.59619140625
32760,6034.25
32761,5384.46484375
32762,5688.27392578125
32763,5434.564453125
32764,5100.01708984375
32765,4910.50146484375
32766,5338.32421875
32767,5282.35595703125
32768,7006.14404296875
32769,5963.88818359375
32770,4792.6806640625
32771,5214.8466796875
32772,5963.88818359375
32773,5030.98779296875
32774,5504.48486328125
32775,8202.77734375
32776,5672.87158203125
32777,6303.05419921875
32778,5338.32421875
32779,5418.24462890625
32780,4910.50146484375
32781,5615.34521484375
32782,5282.35595703125
32783,7014.76513671875
32784,6186.7333984375
32785,10506.232421875
32786,8679.357421875
32787,5545.017578125
32788,5906.39599609375
32789,5392.80908203125
32790,6373.04931640625
32791,6573.9736328125
32792,5829.46533203125
32793,5591.3701171875
32794,6768.97314453125
32795,5754.1767578125
32796,6373.04931640625
32797,5767.146484375
32798,5591.3701171875
32799,5306.92236328125
32800,5306.92236328125
32801,5545.017578125
32802,7534.7158203125
32803,7116.59716796875
32804,6373.04931640625
32805,5767.146484375
32806,5895.17919921875
32807,6373.04931640625
32808,9704.740234375
32809,5553.7314453125
32810,5269.615234375
32811,6373.04931640625
32812,5906.39599609375
32813,6373.04931640625
32814,5306.92236328125
32815,5392.80908203125
32816,5545.017578125
32817,5767.146484375
32818,7342.8701171875
32819,6373.04931640625
32820,5932.486328125
32821,6498.271484375
32822,11312.33203125
32823,6490.69677734375
32824,5951.01953125
32825,6085.66064453125
32826,6453.3896484375
32827,6931.259765625
32828,5675.6171875
32829,6453.3896484375
32830,6098.58837890625
32831,6444.515625
32832,5350.68896484375
32833,6360.8486328125
32834,5060.662109375
32835,5032.46142578125
32836,5658.025390625
32837,5118.34814453125
32838,4842.94580078125
32839,5270.556640625
32840,5032.46142578125
32841,4842.94580078125
32842,5118.34814453125
32843,6008.4658203125
32844,6436.43701171875
32845,6121.9921875
32846,7179.98486328125
32847,5608.4052734375
32848,6436.43701171875
32849,6436.43701171875
32850,5456.19677734375
32851,5180.79443359375
32852,6694.099609375
32853,5598.888671875
32854,6436.43701171875
32855,5969.78369140625
32856,7179.98486328125
32857,6637.361328125
32858,7430.88330078125
32859,5062.9736328125
32860,5892.85302734375
32861,6436.43701171875
32862,6436.43701171875
32863,6046.45947265625
32864,6229.40234375
32865,5370.31005859375
32866,6046.45947265625
32867,5370.31005859375
32868,5958.56689453125
32869,5180.79443359375
32870,6637.361328125
32871,5291.65478515625
32872,7179.98486328125
32873,6436.43701171875
32874,7502.2353515625
32875,5370.31005859375
32876,5333.0029296875
32877,5969.78369140625
32878,6229.40234375
32879,6436.43701171875
32880,8376.6181640625
32881,5608.4052734375
32882,5688.53759765625
32883,6107.515625
32884,5456.19677734375
32885,5995.8740234375
32886,6436.43701171875
32887,6436.43701171875
32888,6229.40234375
32889,6436.43701171875
32890,9747.9443359375
32891,5370.31005859375
32892,6436.43701171875
32893,6261.6318359375
32894,6637.361328125
32895,5180.79443359375
32896,5608.4052734375
32897,6229.40234375
32898,5830.5341796875
32899,5180.79443359375
32900,5456.19677734375
32901,6436.43701171875
32902,5180.79443359375
32903,5830.5341796875
32904,5180.79443359375
32905,5969.78369140625
32906,5370.31005859375
32907,7179.98486328125
32908,5180.79443359375
32909,5456.19677734375
32910,5608.4052734375
32911,7179.98486328125
32912,6107.515625
32913,7179.98486328125
32914,5291.65478515625
32915,5180.79443359375
32916,6121.9921875
32917,5969.78369140625
32918,5370.31005859375
32919,6436.43701171875
32920,5958.56689453125
32921,7598.103515625
32922,5446.68017578125
32923,6121.9921875
32924,6226.955078125
32925,6229.40234375
32926,6121.9921875
32927,5550.71923828125
32928,5608.4052734375
32929,5654.7578125
32930,6121.9921875
32931,6622.7587890625
32932,6829.79345703125
32933,7291.99267578125
32934,6829.79345703125
32935,6622.7587890625
32936,6829.79345703125
32937,7573.34130859375
32938,6829.79345703125
32939,5574.15087890625
32940,6081.89404296875
32941,6001.76171875
32942,5574.15087890625
32943,6439.81591796875
32944,5574.15087890625
32945,5849.55322265625
32946,7573.34130859375
32947,5763.66650390625
32948,6439.81591796875
32949,6001.76171875
32950,6515.3486328125
32951,6829.79345703125
32952,6132.80810546875
32953,6866.5400390625
32954,6132.80810546875
32955,5066.68115234375
32956,4759.3447265625
32957,6876.35595703125
32958,4877.16552734375
32959,6333.732421875
32960,5384.90869140625
32961,5485.21044921875
32962,15004.9248046875
32963,4877.16552734375
32964,5304.7763671875
32965,8072.98974609375
32966,4759.3447265625
32967,4877.16552734375
32968,5304.7763671875
32969,6623.423828125
32970,5166.85693359375
32971,6108.0546875
32972,5166.85693359375
32973,5981.9365234375
32974,5166.85693359375
32975,5664.38818359375
32976,5981.9365234375
32977,5774.90185546875
32978,8362.681640625
32979,5981.9365234375
32980,6623.423828125
32981,5166.85693359375
32982,7166.04736328125
32983,8362.681640625
32984,6591.69677734375
32985,6215.46484375
32986,5553.11962890625
32987,5594.4677734375
32988,5816.5966796875
32989,5944.62939453125
32990,6215.46484375
32991,6093.578125
32992,5166.85693359375
32993,6884.69873046875
32994,5356.37255859375
32995,5319.0654296875
32996,5277.71728515625
32997,5981.9365234375
32998,5356.37255859375
32999,6032.52197265625
33000,5356.37255859375
33001,6108.0546875
33002,6032.52197265625
33003,6108.0546875
33004,6422.49951171875
33005,5166.85693359375
33006,5594.4677734375
33007,5587.92578125
33008,6215.46484375
33009,5356.37255859375
33010,6422.49951171875
33011,5166.85693359375
33012,6422.49951171875
33013,6422.49951171875
33014,5166.85693359375
33015,5816.5966796875
33016,5674.60009765625
33017,5356.37255859375
33018,5166.85693359375
33019,6108.0546875
33020,5981.9365234375
33021,5981.9365234375
33022,6422.49951171875
33023,5442.25927734375
33024,5384.5732421875
33025,6093.578125
33026,5356.37255859375
33027,6549.6650390625
33028,6032.52197265625
33029,6422.49951171875
33030,5166.85693359375
33031,6623.423828125
33032,6108.0546875
33033,5442.25927734375
33034,5050.99072265625
33035,6695.67041015625
33036,5955.84619140625
33037,6032.52197265625
33038,5166.85693359375
33039,6422.49951171875
33040,6032.52197265625
33041,6422.49951171875
33042,6041.26416015625
33043,5536.78173828125
33044,6422.49951171875
33045,5640.8203125
33046,5166.85693359375
33047,5955.84619140625
33048,5878.91552734375
33049,5319.0654296875
33050,5166.85693359375
33051,7275.2109375
33052,5166.85693359375
33053,5049.0361328125
33054,5866.8515625
33055,5442.25927734375
33056,5664.38818359375
33057,5166.85693359375
33058,6422.49951171875
33059,5774.90185546875
33060,6253.09326171875
33061,6108.0546875
33062,6247.6943359375
33063,5166.85693359375
33064,5442.25927734375
33065,5166.85693359375
33066,7610.96337890625
33067,5356.37255859375
33068,6093.578125
33069,5442.25927734375
33070,5166.85693359375
33071,5356.37255859375
33072,6253.09326171875
33073,5356.37255859375
33074,5356.37255859375
33075,6422.49951171875
33076,5166.85693359375
33077,5640.8203125
33078,5356.37255859375
33079,6974.7109375
33080,5594.4677734375
33081,5049.0361328125
33082,6591.69677734375
33083,6032.52197265625
33084,5536.78173828125
33085,5878.91552734375
33086,5816.5966796875
33087,8323.6298828125
33088,5594.4677734375
33089,6422.49951171875
33090,6215.46484375
33091,5944.62939453125
33092,5365.08642578125
33093,6422.49951171875
33094,5640.8203125
33095,6215.46484375
33096,12049.009765625
33097,6093.578125
33098,5384.5732421875
33099,5779.15087890625
33100,6422.49951171875
33101,6108.0546875
33102,5981.9365234375
33103,6422.49951171875
33104,6422.49951171875
33105,5166.85693359375
33106,6108.0546875
33107,5319.0654296875
33108,5049.0361328125
33109,5356.37255859375
33110,6032.52197265625
33111,5166.85693359375
33112,5955.84619140625
33113,10452.4794921875
33114,6422.49951171875
33115,6215.46484375
33116,5779.15087890625
33117,5442.25927734375
33118,6215.46484375
33119,5878.91552734375
33120,6884.69873046875
33121,6422.49951171875
33122,6422.49951171875
33123,6422.49951171875
33124,7598.103515625
33125,7992.35107421875
33126,5774.90185546875
33127,6865.10302734375
33128,6623.423828125
33129,7166.04736328125
33130,6108.0546875
33131,5166.85693359375
33132,5594.4677734375
33133,5277.71728515625
33134,5536.78173828125
33135,5166.85693359375
33136,5442.25927734375
33137,6422.49951171875
33138,6422.49951171875
33139,5981.9365234375
33140,5640.8203125
33141,5944.62939453125
33142,5166.85693359375
33143,6422.49951171875
33144,5166.85693359375
33145,6422.49951171875
33146,5944.62939453125
33147,4887.2880859375
33148,5955.84619140625
33149,5166.85693359375
33150,5442.25927734375
33151,5640.8203125
33152,5866.8515625
33153,5981.9365234375
33154,5981.9365234375
33155,6422.49951171875
33156,6477.43798828125
33157,6032.52197265625
33158,5166.85693359375
33159,7166.04736328125
33160,5166.85693359375
33161,7166.04736328125
33162,5442.25927734375
33163,6066.70654296875
33164,6215.46484375
33165,5774.90185546875
33166,5277.71728515625
33167,6422.49951171875
33168,6026.36669921875
33169,6032.52197265625
33170,5356.37255859375
33171,6049.640625
33172,5260.6513671875
33173,6157.05078125
33174,5974.10791015625
33175,7107.63330078125
33176,5108.44287109375
33177,5297.95849609375
33178,6049.640625
33179,6689.5703125
33180,6008.29248046875
33181,6364.08544921875
33182,5108.44287109375
33183,5383.84521484375
33184,5108.44287109375
33185,5716.48779296875
33186,4990.6220703125
33187,5616.18603515625
33188,5297.95849609375
33189,4990.6220703125
33190,5716.48779296875
33191,6364.08544921875
33192,5383.84521484375
33193,6049.640625
33194,6157.05078125
33195,5108.44287109375
33196,6364.08544921875
33197,5297.95849609375
33198,6157.05078125
33199,5383.84521484375
33200,6364.08544921875
33201,5536.0537109375
33202,5616.18603515625
33203,5297.95849609375
33204,6157.05078125
33205,4312.326171875
33206,6364.08544921875
33207,6035.1640625
33208,5631.0751953125
33209,5616.18603515625
33210,6364.08544921875
33211,5974.10791015625
33212,6364.08544921875
33213,5582.40625
33214,5297.95849609375
33215,5297.95849609375
33216,5890.95654296875
33217,6035.1640625
33218,6565.009765625
33219,6364.08544921875
33220,8304.2685546875
33221,5536.0537109375
33222,5297.95849609375
33223,6364.08544921875
33224,5219.30322265625
33225,6364.08544921875
33226,5897.43212890625
33227,6194.67919921875
33228,6194.67919921875
33229,8304.2685546875
33230,5108.44287109375
33231,5897.43212890625
33232,6157.05078125
33233,6364.08544921875
33234,6565.009765625
33235,5526.537109375
33236,5383.84521484375
33237,6194.67919921875
33238,5923.5224609375
33239,5260.6513671875
33240,5108.44287109375
33241,5886.21533203125
33242,5297.95849609375
33243,5108.44287109375
33244,6049.640625
33245,5974.10791015625
33246,5383.84521484375
33247,6364.08544921875
33248,6816.96484375
33249,5897.43212890625
33250,5582.40625
33251,6049.640625
33252,6157.05078125
33253,5974.10791015625
33254,5260.6513671875
33255,5886.21533203125
33256,5974.10791015625
33257,5108.44287109375
33258,6049.640625
33259,6157.05078125
33260,5974.10791015625
33261,6364.08544921875
33262,5108.44287109375
33263,5108.44287109375
33264,7216.796875
33265,5923.5224609375
33266,5897.43212890625
33267,6364.08544921875
33268,5219.30322265625
33269,5383.84521484375
33270,5108.44287109375
33271,5297.95849609375
33272,6364.08544921875
33273,6338.283203125
33274,6035.1640625
33275,7933.93701171875
33276,5974.10791015625
33277,5536.0537109375
33278,5383.84521484375
33279,5108.44287109375
33280,6241.82470703125
33281,6035.1640625
33282,6049.640625
33283,5923.5224609375
33284,5108.44287109375
33285,5923.5224609375
33286,7319.47998046875
33287,5108.44287109375
33288,5326.1591796875
33289,5108.44287109375
33290,5323.4384765625
33291,5108.44287109375
33292,5974.10791015625
33293,5886.21533203125
33294,5108.44287109375
33295,6049.640625
33296,5108.44287109375
33297,5383.84521484375
33298,6035.1640625
33299,5897.43212890625
33300,5923.5224609375
33301,6364.08544921875
33302,6084.5888671875
33303,6035.1640625
33304,6049.640625
33305,5897.43212890625
33306,6049.640625
33307,5108.44287109375
33308,6916.296875
33309,6049.640625
33310,5326.1591796875
33311,6049.640625
33312,7436.529296875
33313,7107.63330078125
33314,6364.08544921875
33315,5974.10791015625
33316,5108.44287109375
33317,7429.8837890625
33318,6035.1640625
33319,5974.10791015625
33320,5536.0537109375
33321,7619.970703125
33322,6174.53271484375
33323,7024.1015625
33324,5756.00341796875
33325,5108.44287109375
33326,4990.6220703125
33327,5808.4375
33328,6157.05078125
33329,4990.6220703125
33330,5383.84521484375
33331,5219.30322265625
33332,6058.3544921875
33333,5808.4375
33334,5536.0537109375
33335,5974.10791015625
33336,5544.767578125
33337,5536.0537109375
33338,6364.08544921875
33339,6745.587890625
33340,5616.18603515625
33341,5536.0537109375
33342,6364.08544921875
33343,5808.4375
33344,6364.08544921875
33345,7552.54931640625
33346,5108.44287109375
33347,5616.18603515625
33348,6364.08544921875
33349,5536.0537109375
33350,7325.82275390625
33351,5108.44287109375
33352,6049.640625
33353,5383.84521484375
33354,6179.68701171875
33355,4990.6220703125
33356,5897.43212890625
33357,6040.451171875
33358,5260.6513671875
33359,5536.0537109375
33360,6035.1640625
33361,6035.1640625
33362,6871.9990234375
33363,5756.00341796875
33364,6381.5673828125
33365,6871.9990234375
33366,5219.30322265625
33367,5260.6513671875
33368,5383.84521484375
33369,11990.5966796875
33370,6232.0009765625
33371,5108.44287109375
33372,6871.9990234375
33373,5108.44287109375
33374,5383.84521484375
33375,5808.4375
33376,5335.39990234375
33377,5536.0537109375
33378,5108.44287109375
33379,4990.6220703125
33380,5108.44287109375
33381,8026.6181640625
33382,7584.0146484375
33383,8327.564453125
33384,6470.1982421875
33385,0.0
33386,0.0
33387,0.0
33388,0.0
33389,0.0
33390,0.0
33391,0.0
33392,0.0
33393,0.0
33394,0.0
33395,0.0
33396,0.0
33397,0.0
33398,0.0
33399,0.0
33400,0.0
33401,0.0
33402,0.0
33403,0.0
33404,0.0
33405,0.0
33406,0.0
33407,0.0
33408,0.0
33409,0.0
33410,0.0
33411,0.0
33412,0.0
33413,0.0
33414,0.0
33415,0.0
33416,0.0
33417,0.0
33418,0.0
33419,0.0
33420,0.0
33421,0.0
33422,0.0
33423,0.0
33424,0.0
33425,0.0
33426,0.0
33427,0.0
33428,0.0
33429,0.0
33430,0.0
33431,0.0
33432,0.0
33433,0.0
33434,0.0
33435,0.0
33436,0.0
33437,0.0
33438,0.0
33439,0.0
33440,0.0
33441,0.0
33442,0.0
33443,0.0
33444,0.0
33445,0.0
33446,0.0
33447,0.0
33448,0.0
33449,0.0
33450,0.0
33451,0.0
33452,0.0
33453,0.0
33454,0.0
33455,0.0
33456,0.0
33457,0.0
33458,0.0
33459,0.0
33460,0.0
33461,0.0
33462,0.0
33463,0.0
33464,0.0
33465,0.0
33466,0.0
33467,0.0
33468,0.0
33469,0.0
33470,0.0
33471,0.0
33472,0.0
33473,0.0
33474,0.0
33475,0.0
33476,5076.9375
33477,0.0
33478,0.0
33479,0.0
33480,0.0
33481,0.0
33482,0.0
33483,0.0
33484,0.0
33485,0.0
33486,0.0
33487,0.0
33488,0.0
33489,0.0
33490,0.0
33491,0.0
33492,0.0
33493,0.0
33494,0.0
33495,0.0
33496,0.0
33497,0.0
33498,0.0
33499,0.0
33500,0.0
33501,0.0
33502,0.0
33503,0.0
33504,0.0
33505,0.0
33506,0.0
33507,0.0
33508,0.0
33509,0.0
33510,0.0
33511,0.0
33512,0.0
33513,0.0
33514,0.0
33515,0.0
33516,0.0
33517,0.0
33518,0.0
33519,0.0
33520,0.0
33521,0.0
33522,0.0
33523,0.0
33524,0.0
33525,0.0
33526,0.0
33527,0.0
33528,0.0
33529,0.0
33530,0.0
33531,0.0
33532,0.0
33533,0.0
33534,0.0
33535,0.0
33536,0.0
33537,0.0
33538,0.0
33539,0.0
33540,0.0
33541,0.0
33542,0.0
33543,0.0
33544,4181.35693359375
33545,0.0
33546,0.0
33547,0.0
33548,0.0
33549,0.0
33550,0.0
33551,0.0
33552,0.0
33553,0.0
33554,0.0
33555,0.0
33556,0.0
33557,0.0
33558,0.0
33559,0.0
33560,0.0
33561,0.0
33562,0.0
33563,0.0
33564,0.0
33565,0.0
33566,0.0
33567,0.0
33568,0.0
33569,0.0
33570,0.0
33571,0.0
33572,0.0
33573,0.0
33574,0.0
33575,0.0
33576,0.0
33577,0.0
33578,0.0
33579,0.0
33580,0.0
33581,0.0
33582,0.0
33583,0.0
33584,0.0
33585,12924.1103515625
33586,17835.572265625
33587,0.0
33588,0.0
33589,0.0
33590,0.0
33591,0.0
33592,0.0
33593,0.0
33594,7624.41845703125
33595,0.0
33596,0.0
33597,0.0
33598,0.0
33599,0.0
33600,0.0
33601,0.0
33602,0.0
33603,0.0
33604,0.0
33605,0.0
33606,0.0
33607,0.0
33608,0.0
33609,0.0
33610,0.0
33611,0.0
33612,0.0
33613,5222.099609375
33614,0.0
33615,0.0
33616,0.0
33617,0.0
33618,0.0
33619,0.0
33620,0.0
33621,0.0
33622,0.0
33623,4319.34814453125
33624,0.0
33625,0.0
33626,0.0
33627,0.0
33628,0.0
33629,0.0
33630,0.0
33631,0.0
33632,0.0
33633,0.0
33634,0.0
33635,0.0
33636,0.0
33637,0.0
33638,0.0
33639,0.0
33640,0.0
33641,10371.4033203125
33642,0.0
33643,0.0
33644,0.0
33645,0.0
33646,0.0
33647,0.0
33648,0.0
33649,0.0
33650,0.0
33651,0.0
33652,0.0
33653,0.0
33654,0.0
33655,0.0
33656,0.0
33657,0.0
33658,7399.88720703125
33659,0.0
33660,0.0
33661,0.0
33662,0.0
33663,0.0
33664,0.0
33665,0.0
33666,0.0
33667,0.0
33668,0.0
33669,0.0
33670,0.0
33671,0.0
33672,0.0
33673,0.0
33674,0.0
33675,0.0
33676,0.0
33677,0.0
33678,0.0
33679,0.0
33680,0.0
33681,0.0
33682,0.0
33683,0.0
33684,0.0
33685,0.0
33686,0.0
33687,0.0
33688,0.0
33689,0.0
33690,0.0
33691,0.0
33692,0.0
33693,0.0
33694,0.0
33695,0.0
33696,0.0
33697,0.0
33698,0.0
33699,0.0
33700,0.0
33701,0.0
33702,0.0
33703,0.0
33704,0.0
33705,0.0
33706,0.0
33707,0.0
33708,0.0
33709,0.0
33710,0.0
33711,0.0
33712,0.0
33713,0.0
33714,0.0
33715,0.0
33716,0.0
33717,0.0
33718,0.0
33719,0.0
33720,4671.419921875
33721,0.0
33722,0.0
33723,0.0
33724,0.0
33725,0.0
33726,0.0
33727,0.0
33728,0.0
33729,0.0
33730,0.0
33731,0.0
33732,0.0
33733,0.0
33734,5054.7646484375
33735,0.0
33736,0.0
33737,0.0
33738,0.0
33739,0.0
33740,0.0
33741,0.0
33742,0.0
33743,0.0
33744,0.0
33745,0.0
33746,0.0
33747,0.0
33748,0.0
33749,0.0
33750,0.0
33751,0.0
33752,0.0
33753,0.0
33754,0.0
33755,0.0
33756,0.0
33757,0.0
33758,0.0
33759,0.0
33760,0.0
33761,0.0
33762,0.0
33763,0.0
33764,0.0
33765,0.0
33766,0.0
33767,0.0
33768,0.0
33769,0.0
33770,0.0
33771,0.0
33772,0.0
33773,0.0
33774,0.0
33775,0.0
33776,0.0
33777,7463.27490234375
33778,0.0
33779,0.0
33780,0.0
33781,0.0
33782,0.0
33783,0.0
33784,0.0
33785,0.0
33786,0.0
33787,5054.7646484375
33788,0.0
33789,0.0
33790,0.0
33791,5266.39453125
33792,0.0
33793,0.0
33794,0.0
33795,0.0
33796,0.0
33797,0.0
33798,0.0
33799,0.0
33800,0.0
33801,0.0
33802,0.0
33803,0.0
33804,0.0
33805,0.0
33806,0.0
33807,0.0
33808,0.0
33809,0.0
33810,0.0
33811,0.0
33812,0.0
33813,0.0
33814,0.0
33815,0.0
33816,0.0
33817,0.0
33818,14870.095703125
33819,0.0
33820,0.0
33821,0.0
33822,0.0
33823,0.0
33824,0.0
33825,0.0
33826,0.0
33827,0.0
33828,0.0
33829,0.0
33830,0.0
33831,0.0
33832,4649.521484375
33833,0.0
33834,0.0
33835,0.0
33836,0.0
33837,0.0
33838,0.0
33839,0.0
33840,0.0
33841,0.0
33842,0.0
33843,0.0
33844,0.0
33845,0.0
33846,0.0
33847,0.0
33848,0.0
33849,0.0
33850,0.0
33851,0.0
33852,0.0
33853,0.0
33854,0.0
33855,0.0
33856,0.0
33857,0.0
33858,0.0
33859,0.0
33860,0.0
33861,0.0
33862,0.0
33863,0.0
33864,0.0
33865,0.0
33866,0.0
33867,0.0
33868,0.0
33869,0.0
33870,0.0
33871,0.0
33872,0.0
33873,0.0
33874,0.0
33875,0.0
33876,0.0
33877,0.0
33878,0.0
33879,0.0
33880,0.0
33881,0.0
33882,0.0
33883,0.0
33884,0.0
33885,0.0
33886,0.0
33887,0.0
33888,0.0
33889,0.0
33890,0.0
33891,0.0
33892,0.0
33893,0.0
33894,0.0
33895,0.0
33896,0.0
33897,0.0
33898,0.0
33899,0.0
33900,0.0
33901,0.0
33902,0.0
33903,0.0
33904,0.0
33905,0.0
33906,0.0
33907,9229.990234375
33908,0.0
33909,0.0
33910,0.0
33911,0.0
33912,0.0
33913,0.0
33914,0.0
33915,0.0
33916,0.0
33917,0.0
33918,0.0
33919,0.0
33920,0.0
33921,0.0
33922,0.0
33923,0.0
33924,0.0
33925,0.0
33926,0.0
33927,0.0
33928,0.0
33929,0.0
33930,0.0
33931,0.0
33932,0.0
33933,0.0
33934,0.0
33935,0.0
33936,0.0
33937,0.0
33938,0.0
33939,0.0
33940,0.0
33941,0.0
33942,0.0
33943,0.0
33944,0.0
33945,0.0
33946,0.0
33947,0.0
33948,0.0
33949,0.0
33950,0.0
33951,5054.7646484375
33952,11914.1806640625
33953,0.0
33954,0.0
33955,0.0
33956,0.0
33957,0.0
33958,0.0
33959,0.0
33960,0.0
33961,0.0
33962,0.0
33963,0.0
33964,0.0
33965,0.0
33966,0.0
33967,0.0
33968,0.0
33969,0.0
33970,0.0
33971,0.0
33972,0.0
33973,0.0
33974,0.0
33975,0.0
33976,0.0
33977,0.0
33978,0.0
33979,0.0
33980,7463.27490234375
33981,0.0
33982,0.0
33983,0.0
33984,0.0
33985,0.0
33986,0.0
33987,0.0
33988,0.0
33989,0.0
33990,0.0
33991,0.0
33992,0.0
33993,0.0
33994,0.0
33995,0.0
33996,0.0
33997,0.0
33998,0.0
33999,0.0
34000,0.0
34001,0.0
34002,0.0
34003,0.0
34004,0.0
34005,0.0
34006,0.0
34007,0.0
34008,0.0
34009,0.0
34010,0.0
34011,0.0
34012,0.0
34013,0.0
34014,0.0
34015,0.0
34016,0.0
34017,0.0
34018,0.0
34019,0.0
34020,0.0
34021,0.0
34022,0.0
34023,0.0
34024,0.0
34025,0.0
34026,0.0
34027,0.0
34028,0.0
34029,0.0
34030,0.0
34031,0.0
34032,0.0
34033,0.0
34034,0.0
34035,0.0
34036,0.0
34037,0.0
34038,0.0
34039,0.0
34040,0.0
34041,0.0
34042,0.0
34043,0.0
34044,0.0
34045,0.0
34046,0.0
34047,0.0
34048,0.0
34049,0.0
34050,5108.2705078125
34051,0.0
34052,0.0
34053,0.0
34054,5108.2705078125
34055,0.0
34056,0.0
34057,0.0
34058,0.0
34059,0.0
34060,0.0
34061,0.0
34062,0.0
34063,0.0
34064,0.0
34065,0.0
34066,0.0
34067,0.0
34068,0.0
34069,0.0
34070,0.0
34071,0.0
34072,0.0
34073,0.0
34074,0.0
34075,0.0
34076,0.0
34077,0.0
34078,0.0
34079,0.0
34080,0.0
34081,0.0
34082,0.0
34083,0.0
34084,0.0
34085,0.0
34086,0.0
34087,0.0
34088,0.0
34089,0.0
34090,0.0
34091,0.0
34092,0.0
34093,0.0
34094,0.0
34095,0.0
34096,0.0
34097,0.0
34098,0.0
34099,0.0
34100,0.0
34101,0.0
34102,0.0
34103,0.0
34104,0.0
34105,4565.0166015625
34106,0.0
34107,0.0
34108,0.0
34109,0.0
34110,0.0
34111,0.0
34112,0.0
34113,0.0
34114,0.0
34115,0.0
34116,0.0
34117,0.0
34118,0.0
34119,0.0
34120,9171.5771484375
34121,0.0
34122,0.0
34123,0.0
34124,0.0
34125,0.0
34126,0.0
34127,0.0
34128,0.0
34129,0.0
34130,0.0
34131,0.0
34132,0.0
34133,0.0
34134,0.0
34135,0.0
34136,0.0
34137,0.0
34138,0.0
34139,0.0
34140,0.0
34141,0.0
34142,0.0
34143,0.0
34144,0.0
34145,0.0
34146,0.0
34147,0.0
34148,0.0
34149,0.0
34150,0.0
34151,0.0
34152,0.0
34153,0.0
34154,0.0
34155,0.0
34156,0.0
34157,0.0
34158,0.0
34159,0.0
34160,0.0
34161,0.0
34162,0.0
34163,0.0
34164,0.0
34165,0.0
34166,0.0
34167,0.0
34168,0.0
34169,0.0
34170,0.0
34171,0.0
34172,0.0
34173,0.0
34174,0.0
34175,0.0
34176,0.0
34177,0.0
34178,0.0
34179,0.0
34180,0.0
34181,0.0
34182,0.0
34183,0.0
34184,4996.3505859375
34185,0.0
34186,0.0
34187,0.0
34188,0.0
34189,0.0
34190,0.0
34191,0.0
34192,0.0
34193,0.0
34194,0.0
34195,0.0
34196,0.0
34197,0.0
34198,0.0
34199,0.0
34200,0.0
34201,0.0
34202,0.0
34203,0.0
34204,0.0
34205,0.0
34206,0.0
34207,0.0
34208,0.0
34209,0.0
34210,0.0
34211,0.0
34212,0.0
34213,0.0
34214,0.0
34215,0.0
34216,0.0
34217,0.0
34218,0.0
34219,0.0
34220,0.0
34221,0.0
34222,0.0
34223,0.0
34224,0.0
34225,11855.767578125
34226,4899.5859375
34227,0.0
34228,0.0
34229,0.0
34230,0.0
34231,0.0
34232,0.0
34233,0.0
34234,0.0
34235,0.0
34236,0.0
34237,0.0
34238,0.0
34239,0.0
34240,0.0
34241,5707.00048828125
34242,4543.103515625
34243,6109.07470703125
34244,5134.79150390625
34245,6283.04638671875
34246,5134.79150390625
34247,5816.39306640625
34248,5816.39306640625
34249,0.0
34250,4357.01904296875
34251,6113.763671875
34252,6283.04638671875
34253,5968.6015625
34254,4986.49755859375
34255,5245.1201171875
34256,4357.01904296875
34257,6807.82666015625
34258,5968.6015625
34259,6968.74658203125
34260,6192.798828125
34261,6428.20849609375
34262,5149.2421875
34263,6428.20849609375
34264,0.0
34265,7026.59423828125
34266,6113.763671875
34267,5595.75
34268,5820.81982421875
34269,5112.17529296875
34270,5112.17529296875
34271,5709.5693359375
34272,6678.97021484375
34273,5138.7060546875
34274,5764.27001953125
34275,5884.89208984375
34276,6838.25048828125
34277,5222.68408203125
34278,5970.60205078125
34279,5764.27001953125
34280,5968.6015625
34281,5930.21240234375
34282,5613.81005859375
34283,5893.12060546875
34284,5677.1435546875
34285,6323.50439453125
34286,5134.79150390625
34287,5397.32861328125
34288,6210.63134765625
34289,5138.7060546875
34290,7471.51025390625
34291,6838.25048828125
34292,5245.1201171875
34293,6283.04638671875
34294,4543.103515625
34295,4357.01904296875
34296,6725.64990234375
34297,5931.97216796875
34298,6254.23681640625
34299,5970.60205078125
34300,5709.5693359375
34301,5134.79150390625
34302,6013.00537109375
34303,4757.962890625
34304,5075.4736328125
34305,5383.52685546875
34306,6283.04638671875
34307,4870.12646484375
34308,4757.962890625
34309,6180.70751953125
34310,5242.279296875
34311,5500.1142578125
34312,4791.8388671875
34313,5970.60205078125
34314,6380.17333984375
34315,5293.28955078125
34316,5555.39892578125
34317,5822.3056640625
34318,5506.896484375
34319,5455.0146484375
34320,5383.52685546875
34321,6428.20849609375
34322,6283.04638671875
34323,5613.81005859375
34324,6113.763671875
34325,5471.41943359375
34326,6254.23681640625
34327,5600.1767578125
34328,5383.52685546875
34329,6428.20849609375
34330,6283.04638671875
34331,5235.23291015625
34332,5613.81005859375
34333,5471.41943359375
34334,5387.44140625
34335,5203.89013671875
34336,5447.96826171875
34337,4757.962890625
34338,5090.07080078125
34339,5955.73583984375
34340,5638.75439453125
34341,5387.44140625
34342,5524.93505859375
34343,4605.75439453125
34344,4605.75439453125
34345,5302.80615234375
34346,5293.28955078125
34347,5471.41943359375
34348,6013.00537109375
34349,5825.43994140625
34350,0.0
34351,5600.1767578125
34352,6428.20849609375
34353,5387.44140625
34354,5613.81005859375
34355,5471.41943359375
34356,4791.8388671875
34357,5970.60205078125
34358,5387.44140625
34359,6283.04638671875
34360,6113.763671875
34361,6013.00537109375
34362,5970.60205078125
34363,6283.04638671875
34364,6113.763671875
34365,4605.75439453125
34366,4757.962890625
34367,6739.2802734375
34368,5383.52685546875
34369,5203.89013671875
34370,4605.75439453125
34371,5383.52685546875
34372,5700.8701171875
34373,4757.962890625
34374,5867.84326171875
34375,5383.52685546875
34376,7026.59423828125
34377,6013.00537109375
34378,4757.962890625
34379,5513.36572265625
34380,5383.52685546875
34381,6428.20849609375
34382,4980.98681640625
34383,5825.43994140625
34384,4787.04345703125
34385,6013.00537109375
34386,4605.75439453125
34387,4605.75439453125
34388,5600.1767578125
34389,5735.79150390625
34390,5634.052734375
34391,8223.2275390625
34392,5867.84326171875
34393,6113.763671875
34394,5471.41943359375
34395,5704.9521484375
34396,6428.20849609375
34397,4757.962890625
34398,5927.25341796875
34399,5383.52685546875
34400,5455.0146484375
34401,4787.04345703125
34402,5825.43994140625
34403,5600.1767578125
34404,5387.44140625
34405,0.0
34406,5500.1142578125
34407,5867.84326171875
34408,5816.39306640625
34409,5471.41943359375
34410,5471.41943359375
34411,5970.60205078125
34412,5600.1767578125
34413,5735.79150390625
34414,5383.52685546875
34415,6113.763671875
34416,6639.8359375
34417,6428.20849609375
34418,6113.763671875
34419,5471.41943359375
34420,6013.00537109375
34421,4757.962890625
34422,4980.98681640625
34423,6723.56689453125
34424,6723.56689453125
34425,5387.44140625
34426,4980.98681640625
34427,4787.04345703125
34428,7026.59423828125
34429,5867.84326171875
34430,6234.15185546875
34431,5809.91748046875
34432,5970.60205078125
34433,5387.44140625
34434,9841.4638671875
34435,6923.470703125
34436,6545.306640625
34437,4671.17724609375
34438,5397.32861328125
34439,7001.3935546875
34440,3933.307861328125
34441,10888.625
34442,15800.0869140625
34443,5302.80615234375
34444,4757.962890625
34445,5867.84326171875
34446,5383.52685546875
34447,9594.5537109375
34448,4698.69384765625
34449,6189.9013671875
34450,4736.3603515625
34451,4671.17724609375
34452,6113.763671875
34453,6189.9013671875
34454,5447.96826171875
34455,5634.052734375
34456,6428.20849609375
34457,4512.609375
34458,4787.04345703125
34459,5290.3818359375
34460,5149.13427734375
34461,4787.04345703125
34462,6013.00537109375
34463,5290.3818359375
34464,5290.3818359375
34465,5413.75146484375
34466,4664.81787109375
34467,5290.3818359375
34468,5555.39892578125
34469,5758.97216796875
34470,6965.74853515625
34471,6189.9013671875
34472,5961.55517578125
34473,4698.69384765625
34474,5290.3818359375
34475,5361.86962890625
34476,4664.81787109375
34477,4512.609375
34478,5387.44140625
34479,5209.6611328125
34480,6933.44921875
34481,6013.00537109375
34482,4664.81787109375
34483,4679.9501953125
34484,6013.00537109375
34485,5387.44140625
34486,5431.7900390625
34487,8130.08251953125
34488,5600.1767578125
34489,6230.359375
34490,5387.44140625
34491,5290.3818359375
34492,4512.609375
34493,5542.650390625
34494,5209.6611328125
34495,6942.0703125
34496,6114.03857421875
34497,10096.77734375
34498,8545.837890625
34499,5472.32275390625
34500,5833.701171875
34501,5320.1142578125
34502,6300.3544921875
34503,6440.45361328125
34504,5506.19873046875
34505,5389.91552734375
34506,6696.2783203125
34507,5620.65673828125
34508,6300.3544921875
34509,5694.45166015625
34510,4905.59912109375
34511,5356.03955078125
34512,4871.72314453125
34513,5472.32275390625
34514,7125.26025390625
34515,7043.90234375
34516,6300.3544921875
34517,5694.45166015625
34518,5497.287109375
34519,6300.3544921875
34520,9632.044921875
34521,5230.46484375
34522,0.0
34523,6300.3544921875
34524,5833.701171875
34525,6300.3544921875
34526,5356.03955078125
34527,5320.1142578125
34528,5472.32275390625
34529,5694.45166015625
34530,7270.17529296875
34531,6300.3544921875
34532,5981.603515625
34533,6100.3798828125
34534,11239.63671875
34535,6539.81396484375
34536,5878.32470703125
34537,6172.0849609375
34538,6055.49755859375
34539,6858.56494140625
34540,5542.09716796875
34541,6055.49755859375
34542,6025.8935546875
34543,6493.6328125
34544,5222.826171875
34545,6288.15380859375
34546,4987.96728515625
34547,4597.26220703125
34548,5222.826171875
34549,5045.6533203125
34550,4445.0537109375
34551,5197.86181640625
34552,4597.26220703125
34553,4929.3701171875
34554,5045.6533203125
34555,6094.89013671875
34556,6363.7421875
34557,6049.29736328125
34558,7107.2900390625
34559,5535.71044921875
34560,6363.7421875
34561,6363.7421875
34562,5383.501953125
34563,4782.90234375
34564,6621.40478515625
34565,5535.71044921875
34566,6363.7421875
34567,5897.0888671875
34568,7107.2900390625
34569,6503.84130859375
34570,7358.1884765625
34571,5419.42724609375
34572,5569.58642578125
34573,6363.7421875
34574,6363.7421875
34575,5912.939453125
34576,5694.505859375
34577,4935.11083984375
34578,5648.5673828125
34579,5419.42724609375
34580,6044.9912109375
34581,5267.21875
34582,6503.84130859375
34583,5158.134765625
34584,7107.2900390625
34585,6363.7421875
34586,7429.54052734375
34587,5419.42724609375
34588,4935.11083984375
34589,5897.0888671875
34590,5694.505859375
34591,6363.7421875
34592,8303.9228515625
34593,5535.71044921875
34594,6044.9912109375
34595,5973.99560546875
34596,5383.501953125
34597,5560.6748046875
34598,6363.7421875
34599,6363.7421875
34600,6189.7705078125
34601,6363.7421875
34602,9675.2490234375
34603,5419.42724609375
34604,6363.7421875
34605,6128.11181640625
34606,6503.84130859375
34607,5267.21875
34608,5535.71044921875
34609,5906.1357421875
34610,5757.83935546875
34611,4782.90234375
34612,5383.501953125
34613,6363.7421875
34614,5047.2744140625
34615,5757.83935546875
34616,4782.90234375
34617,5897.0888671875
34618,5419.42724609375
34619,7107.2900390625
34620,4782.90234375
34621,5383.501953125
34622,5535.71044921875
34623,7107.2900390625
34624,5973.99560546875
34625,7107.2900390625
34626,5158.134765625
34627,4782.90234375
34628,6049.29736328125
34629,5897.0888671875
34630,4935.11083984375
34631,6363.7421875
34632,5560.6748046875
34633,7188.64794921875
34634,5373.9853515625
34635,6049.29736328125
34636,5662.7412109375
34637,6189.7705078125
34638,6049.29736328125
34639,5478.0244140625
34640,5535.71044921875
34641,5453.30322265625
34642,6049.29736328125
34643,6087.8623046875
34644,6757.0986328125
34645,7252.36083984375
34646,6757.0986328125
34647,6299.4921875
34648,6757.0986328125
34649,7500.646484375
34650,6757.0986328125
34651,5660.5751953125
34652,5954.03125
34653,5929.06689453125
34654,5440.630859375
34655,6041.923828125
34656,5440.630859375
34657,5776.8583984375
34658,7500.646484375
34659,5328.46728515625
34660,6526.240234375
34661,5929.06689453125
34662,6442.65380859375
34663,6757.0986328125
34664,6060.11328125
34665,6793.84521484375
34666,6060.11328125
34667,4631.48193359375
34668,5115.79833984375
34669,6803.6611328125
34670,4963.58984375
34671,6200.21240234375
34672,5257.0458984375
34673,5283.755859375
34674,14932.2294921875
34675,4743.6455078125
34676,5232.08154296875
34677,8000.29443359375
34678,4631.48193359375
34679,4963.58984375
34680,5232.08154296875
34681,6489.90380859375
34682,5253.28125
34683,6035.35986328125
34684,4768.96484375
34685,6031.0537109375
34686,4768.96484375
34687,5369.564453125
34688,6031.0537109375
34689,5857.08203125
34690,8289.9853515625
34691,5546.7373046875
34692,6489.90380859375
34693,5253.28125
34694,7093.3525390625
34695,8289.9853515625
34696,6519.001953125
34697,5892.1982421875
34698,5480.4248046875
34699,5521.77294921875
34700,5743.90185546875
34701,5546.7373046875
34702,5680.568359375
34703,5960.05810546875
34704,5253.28125
34705,6561.43212890625
34706,5405.48974609375
34707,4921.17333984375
34708,5144.197265625
34709,6031.0537109375
34710,5405.48974609375
34711,5899.001953125
34712,4921.17333984375
34713,6035.35986328125
34714,6118.9462890625
34715,6035.35986328125
34716,6349.8046875
34717,4768.96484375
34718,5521.77294921875
34719,5227.0439453125
34720,5680.568359375
34721,4921.17333984375
34722,6349.8046875
34723,4768.96484375
34724,6349.8046875
34725,6349.8046875
34726,5253.28125
34727,5521.77294921875
34728,5546.7373046875
34729,5405.48974609375
34730,5253.28125
34731,6035.35986328125
34732,6031.0537109375
34733,5546.7373046875
34734,6349.8046875
34735,5369.564453125
34736,5311.87841796875
34737,5960.05810546875
34738,5405.48974609375
34739,6416.14501953125
34740,5899.001953125
34741,6349.8046875
34742,4768.96484375
34743,6489.90380859375
34744,6035.35986328125
34745,5369.564453125
34746,5137.4150390625
34747,6622.9755859375
34748,5883.1513671875
34749,6118.9462890625
34750,4768.96484375
34751,6349.8046875
34752,6118.9462890625
34753,6349.8046875
34754,5907.744140625
34755,5464.0869140625
34756,6349.8046875
34757,5439.36572265625
34758,0.0
34759,5883.1513671875
34760,5555.64892578125
34761,4921.17333984375
34762,4768.96484375
34763,6865.755859375
34764,5253.28125
34765,5405.48974609375
34766,5953.27587890625
34767,5369.564453125
34768,5591.693359375
34769,5033.3369140625
34770,6349.8046875
34771,5573.447265625
34772,6119.5732421875
34773,6035.35986328125
34774,6114.17431640625
34775,5253.28125
34776,5369.564453125
34777,5033.3369140625
34778,7538.2685546875
34779,5405.48974609375
34780,5960.05810546875
34781,5369.564453125
34782,5253.28125
34783,4921.17333984375
34784,6119.5732421875
34785,4921.17333984375
34786,5405.48974609375
34787,6349.8046875
34788,5253.28125
34789,5439.36572265625
34790,4921.17333984375
34791,6902.01611328125
34792,5521.77294921875
34793,5405.48974609375
34794,6519.001953125
34795,5634.6298828125
34796,5464.0869140625
34797,5555.64892578125
34798,5743.90185546875
34799,8190.109375
34800,5521.77294921875
34801,6349.8046875
34802,5892.1982421875
34803,5546.7373046875
34804,5163.6318359375
34805,6349.8046875
34806,4955.04931640625
34807,5680.568359375
34808,11639.5546875
34809,5960.05810546875
34810,5311.87841796875
34811,5645.630859375
34812,6349.8046875
34813,6035.35986328125
34814,6031.0537109375
34815,6349.8046875
34816,6349.8046875
34817,4768.96484375
34818,6035.35986328125
34819,5405.48974609375
34820,4921.17333984375
34821,5405.48974609375
34822,5899.001953125
34823,4768.96484375
34824,5883.1513671875
34825,10379.7841796875
34826,6349.8046875
34827,5892.1982421875
34828,5645.630859375
34829,5369.564453125
34830,5680.568359375
34831,5344.01904296875
34832,6845.06689453125
34833,6349.8046875
34834,6349.8046875
34835,6349.8046875
34836,7188.64794921875
34837,7919.6552734375
34838,5372.765625
34839,6792.408203125
34840,6489.90380859375
34841,7093.3525390625
34842,6035.35986328125
34843,5253.28125
34844,5521.77294921875
34845,5144.197265625
34846,5464.0869140625
34847,5033.3369140625
34848,5369.564453125
34849,6349.8046875
34850,6349.8046875
34851,5546.7373046875
34852,5439.36572265625
34853,6031.0537109375
34854,5253.28125
34855,6349.8046875
34856,4768.96484375
34857,6349.8046875
34858,6031.0537109375
34859,4474.20361328125
34860,5883.1513671875
34861,5253.28125
34862,5369.564453125
34863,5723.00048828125
34864,5953.27587890625
34865,5546.7373046875
34866,5546.7373046875
34867,6349.8046875
34868,6343.91796875
34869,5634.6298828125
34870,5033.3369140625
34871,7093.3525390625
34872,5253.28125
34873,7093.3525390625
34874,5369.564453125
34875,5994.01171875
34876,5892.1982421875
34877,5089.130859375
34878,5144.197265625
34879,6349.8046875
34880,6112.791015625
34881,5899.001953125
34882,5405.48974609375
34883,5976.94580078125
34884,4862.75927734375
34885,5833.7841796875
34886,5576.2158203125
34887,7034.9384765625
34888,4710.55078125
34889,5347.07568359375
34890,5976.94580078125
34891,6616.87548828125
34892,5935.59765625
34893,6291.390625
34894,5194.8671875
34895,5311.150390625
34896,5194.8671875
34897,5030.716796875
34898,4862.75927734375
34899,5488.3232421875
34900,5347.07568359375
34901,4862.75927734375
34902,5798.66796875
34903,6291.390625
34904,5311.150390625
34905,5976.94580078125
34906,6117.4189453125
34907,4710.55078125
34908,6291.390625
34909,5347.07568359375
34910,6117.4189453125
34911,5311.150390625
34912,6291.390625
34913,5463.35888671875
34914,5488.3232421875
34915,5347.07568359375
34916,5622.154296875
34917,3899.242919921875
34918,6291.390625
34919,5901.64404296875
34920,5270.1943359375
34921,5488.3232421875
34922,6291.390625
34923,5840.587890625
34924,6291.390625
34925,5380.95166015625
34926,5347.07568359375
34927,4862.75927734375
34928,5818.26171875
34929,5901.64404296875
34930,6431.48974609375
34931,6291.390625
34932,8231.572265625
34933,5463.35888671875
34934,4862.75927734375
34935,6291.390625
34936,5085.783203125
34937,6291.390625
34938,5824.7373046875
34939,6061.1591796875
34940,6061.1591796875
34941,8231.572265625
34942,4710.55078125
34943,0.0
34944,5833.7841796875
34945,6291.390625
34946,6431.48974609375
34947,5453.84228515625
34948,5311.150390625
34949,6061.1591796875
34950,5488.3232421875
34951,0.0
34952,4974.9228515625
34953,5972.6396484375
34954,4862.75927734375
34955,5194.8671875
34956,5976.94580078125
34957,5840.587890625
34958,5311.150390625
34959,6291.390625
34960,6683.44482421875
34961,5824.7373046875
34962,4896.63525390625
34963,5976.94580078125
34964,6117.4189453125
34965,5840.587890625
34966,5347.07568359375
34967,5488.3232421875
34968,6060.5322265625
34969,4710.55078125
34970,5976.94580078125
34971,5833.7841796875
34972,6060.5322265625
34973,6291.390625
34974,4710.55078125
34975,4974.9228515625
34976,6807.341796875
34977,5488.3232421875
34978,5824.7373046875
34979,6291.390625
34980,5085.783203125
34981,5311.150390625
34982,4710.55078125
34983,5347.07568359375
34984,6291.390625
34985,6424.70751953125
34986,5901.64404296875
34987,7861.2412109375
34988,5840.587890625
34989,5463.35888671875
34990,5311.150390625
34991,4710.55078125
34992,6169.1298828125
34993,5901.64404296875
34994,5976.94580078125
34995,5488.3232421875
34996,4974.9228515625
34997,5488.3232421875
34998,7185.9599609375
34999,5194.8671875
35000,5253.46435546875
35001,4974.9228515625
35002,4625.70703125
35003,4710.55078125
35004,5576.2158203125
35005,5488.3232421875
35006,4710.55078125
35007,5976.94580078125
35008,4974.9228515625
35009,5311.150390625
35010,5901.64404296875
35011,5824.7373046875
35012,5488.3232421875
35013,6291.390625
35014,5350.46484375
35015,5901.64404296875
35016,5976.94580078125
35017,5824.7373046875
35018,5976.94580078125
35019,4974.9228515625
35020,6843.60205078125
35021,5976.94580078125
35022,5253.46435546875
35023,5976.94580078125
35024,7303.00927734375
35025,7034.9384765625
35026,6291.390625
35027,5840.587890625
35028,5194.8671875
35029,7357.18896484375
35030,5901.64404296875
35031,6060.5322265625
35032,5463.35888671875
35033,7547.27587890625
35034,5515.033203125
35035,6951.40673828125
35036,4862.75927734375
35037,5194.8671875
35038,4862.75927734375
35039,5894.86181640625
35040,5622.154296875
35041,4862.75927734375
35042,5311.150390625
35043,5085.783203125
35044,5735.087890625
35045,5894.86181640625
35046,5463.35888671875
35047,5576.2158203125
35048,5221.5009765625
35049,5463.35888671875
35050,6291.390625
35051,6672.89306640625
35052,5972.6396484375
35053,5463.35888671875
35054,6291.390625
35055,5894.86181640625
35056,6291.390625
35057,7479.8544921875
35058,4710.55078125
35059,5488.3232421875
35060,6291.390625
35061,5463.35888671875
35062,7253.1279296875
35063,4974.9228515625
35064,5976.94580078125
35065,5311.150390625
35066,6106.9921875
35067,4862.75927734375
35068,5824.7373046875
35069,4896.63525390625
35070,4862.75927734375
35071,5463.35888671875
35072,5901.64404296875
35073,5901.64404296875
35074,6799.30419921875
35075,4862.75927734375
35076,5972.6396484375
35077,6799.30419921875
35078,5085.783203125
35079,5347.07568359375
35080,5311.150390625
35081,11581.1416015625
35082,6159.30615234375
35083,4974.9228515625
35084,6799.30419921875
35085,4974.9228515625
35086,5311.150390625
35087,5894.86181640625
35088,5262.705078125
35089,5463.35888671875
35090,4710.55078125
35091,5347.07568359375
35092,4710.55078125
35093,7953.92333984375
35094,7511.31982421875
35095,8254.8681640625
35096,6397.50341796875
35097,7185.62841796875
35098,6937.42626953125
35099,8238.8828125
35100,7222.935546875
35101,7955.24755859375
35102,6915.59912109375
35103,7705.1240234375
35104,7705.1240234375
35105,6742.56689453125
35106,6624.38525390625
35107,7850.2861328125
35108,7955.24755859375
35109,7705.1240234375
35110,6769.54736328125
35111,7158.57373046875
35112,6624.38525390625
35113,8411.654296875
35114,7705.1240234375
35115,8233.546875
35116,8463.5126953125
35117,8100.40966796875
35118,7419.955078125
35119,8100.40966796875
35120,6354.35595703125
35121,8256.193359375
35122,7850.2861328125
35123,7509.20361328125
35124,7299.44775390625
35125,7334.5439453125
35126,7334.5439453125
35127,7598.30029296875
35128,8431.4619140625
35129,6806.8544921875
35130,7368.09765625
35131,7667.94189453125
35132,8689.8896484375
35133,7185.62841796875
35134,8100.40966796875
35135,7368.09765625
35136,7705.1240234375
35137,7843.666015625
35138,7743.61767578125
35139,7629.64306640625
35140,7413.666015625
35141,8075.99609375
35142,7185.62841796875
35143,7133.85107421875
35144,8189.01171875
35145,6806.8544921875
35146,8487.2822265625
35147,8689.8896484375
35148,7133.85107421875
35149,7955.24755859375
35150,6937.42626953125
35151,6624.38525390625
35152,7955.24755859375
35153,7416.71728515625
35154,8384.044921875
35155,8100.40966796875
35156,7598.30029296875
35157,6915.59912109375
35158,7616.8330078125
35159,6873.12060546875
35160,7469.79638671875
35161,7434.36376953125
35162,7955.24755859375
35163,6897.84326171875
35164,6873.12060546875
35165,7665.45263671875
35166,6873.12060546875
35167,7502.53857421875
35168,7186.16162109375
35169,8100.40966796875
35170,9110.703125
35171,7182.0205078125
35172,7616.8330078125
35173,7558.828125
35174,8039.72265625
35175,7191.537109375
35176,7434.36376953125
35177,8100.40966796875
35178,7955.24755859375
35179,7743.61767578125
35180,7850.2861328125
35181,7434.36376953125
35182,8384.044921875
35183,7336.69921875
35184,7164.33447265625
35185,8100.40966796875
35186,7955.24755859375
35187,7018.28271484375
35188,7743.61767578125
35189,7434.36376953125
35190,6748.25341796875
35191,6986.93994140625
35192,7336.69921875
35193,6873.12060546875
35194,6873.12060546875
35195,7434.36376953125
35196,7527.4853515625
35197,7055.58984375
35198,7413.666015625
35199,6873.12060546875
35200,6873.12060546875
35201,7191.537109375
35202,7182.0205078125
35203,7434.36376953125
35204,7309.49658203125
35205,7955.24755859375
35206,7729.26513671875
35207,7336.69921875
35208,8100.40966796875
35209,7018.28271484375
35210,7743.61767578125
35211,7434.36376953125
35212,7186.16162109375
35213,8100.40966796875
35214,6748.25341796875
35215,7955.24755859375
35216,7850.2861328125
35217,7616.8330078125
35218,8100.40966796875
35219,7955.24755859375
35220,7850.2861328125
35221,6873.12060546875
35222,6603.09130859375
35223,8590.9189453125
35224,7471.6708984375
35225,6986.93994140625
35226,6873.12060546875
35227,7434.36376953125
35228,8233.6962890625
35229,6910.427734375
35230,7471.6708984375
35231,7471.6708984375
35232,8280.9150390625
35233,7616.8330078125
35234,6910.427734375
35235,7402.0966796875
35236,7471.6708984375
35237,8100.40966796875
35238,7104.20947265625
35239,7955.24755859375
35240,6863.54150390625
35241,7616.8330078125
35242,6873.12060546875
35243,6873.12060546875
35244,7336.69921875
35245,7459.08642578125
35246,7612.43310546875
35247,9878.8818359375
35248,7471.6708984375
35249,7850.2861328125
35250,7434.36376953125
35251,7614.95849609375
35252,8100.40966796875
35253,6910.427734375
35254,7936.212890625
35255,7471.6708984375
35256,7191.537109375
35257,6570.09326171875
35258,7955.24755859375
35259,7336.69921875
35260,7055.58984375
35261,7509.96875
35262,7502.53857421875
35263,7164.33447265625
35264,7362.22998046875
35265,7434.36376953125
35266,7434.36376953125
35267,8100.40966796875
35268,7336.69921875
35269,7459.08642578125
35270,7434.36376953125
35271,7850.2861328125
35272,9370.3662109375
35273,8100.40966796875
35274,7850.2861328125
35275,7434.36376953125
35276,7616.8330078125
35277,6910.427734375
35278,7104.20947265625
35279,7610.27099609375
35280,8246.6142578125
35281,7055.58984375
35282,7104.20947265625
35283,6863.54150390625
35284,8256.193359375
35285,7471.6708984375
35286,7823.677734375
35287,7562.4091796875
35288,8100.40966796875
35289,6748.25341796875
35290,11270.2265625
35291,9654.0009765625
35292,8396.9453125
35293,6574.45556640625
35294,7133.85107421875
35295,8590.9189453125
35296,6327.63037109375
35297,12022.7939453125
35298,12588.0634765625
35299,7191.537109375
35300,6910.427734375
35301,7434.36376953125
35302,7471.6708984375
35303,11250.2080078125
35304,7093.0166015625
35305,7862.1025390625
35306,7376.0888671875
35307,6574.45556640625
35308,7850.2861328125
35309,7862.1025390625
35310,7336.69921875
35311,7612.43310546875
35312,8100.40966796875
35313,6779.9755859375
35314,6570.09326171875
35315,7341.21875
35316,6779.9755859375
35317,6863.54150390625
35318,7616.8330078125
35319,7378.52587890625
35320,7071.189453125
35321,7636.1201171875
35322,6817.28271484375
35323,7341.21875
35324,7616.8330078125
35325,7888.77978515625
35326,8817.38671875
35327,7862.1025390625
35328,7850.2861328125
35329,7093.0166015625
35330,7341.21875
35331,7098.39208984375
35332,6817.28271484375
35333,6779.9755859375
35334,7055.58984375
35335,7098.39208984375
35336,7820.1533203125
35337,7616.8330078125
35338,6509.9462890625
35339,6809.7578125
35340,7616.8330078125
35341,6748.25341796875
35342,7345.24365234375
35343,9785.736328125
35344,7336.69921875
35345,7982.85107421875
35346,7055.58984375
35347,7071.189453125
35348,6779.9755859375
35349,7551.60986328125
35350,6755.498046875
35351,8614.271484375
35352,7850.56103515625
35353,14705.8017578125
35354,10257.4736328125
35355,7208.84521484375
35356,7722.43212890625
35357,7208.84521484375
35358,7972.5556640625
35359,8152.08935546875
35360,7484.5791015625
35361,7299.921875
35362,8448.76953125
35363,8153.48291015625
35364,7972.5556640625
35365,7430.97412109375
35366,7299.921875
35367,7024.18798828125
35368,7024.18798828125
35369,7208.84521484375
35370,8566.4287109375
35371,8273.5009765625
35372,7972.5556640625
35373,7430.97412109375
35374,7548.1240234375
35375,7972.5556640625
35376,11060.8076171875
35377,7208.84521484375
35378,6986.880859375
35379,7972.5556640625
35380,7722.43212890625
35381,7972.5556640625
35382,7024.18798828125
35383,7208.84521484375
35384,7208.84521484375
35385,7430.97412109375
35386,9121.8134765625
35387,7972.5556640625
35388,7585.43115234375
35389,8367.74609375
35390,12668.3994140625
35391,8143.6416015625
35392,7767.0556640625
35393,8174.50927734375
35394,8106.33447265625
35395,8530.7666015625
35396,7569.81396484375
35397,8106.33447265625
35398,7698.0947265625
35399,8097.46044921875
35400,7003.6337890625
35401,8139.79248046875
35402,6876.6982421875
35403,6749.72705078125
35404,7310.97021484375
35405,6934.38427734375
35406,6712.419921875
35407,6934.38427734375
35408,6749.72705078125
35409,6712.419921875
35410,7227.83251953125
35411,8145.65869140625
35412,8035.943359375
35413,7785.81982421875
35414,8630.3369140625
35415,7272.23291015625
35416,8035.943359375
35417,8035.943359375
35418,7565.68115234375
35419,7050.2685546875
35420,8473.04296875
35421,7272.23291015625
35422,8035.943359375
35423,7785.81982421875
35424,8336.888671875
35425,8215.4765625
35426,8947.7138671875
35427,6780.2392578125
35428,7547.966796875
35429,8035.943359375
35430,8035.943359375
35431,7904.9599609375
35432,7824.3134765625
35433,7087.57568359375
35434,7611.51171875
35435,7087.57568359375
35436,7611.51171875
35437,7074.9912109375
35438,8215.4765625
35439,7281.357421875
35440,8336.888671875
35441,8035.943359375
35442,8991.2275390625
35443,7087.57568359375
35444,7050.2685546875
35445,7785.81982421875
35446,7824.3134765625
35447,8035.943359375
35448,9959.5771484375
35449,7272.23291015625
35450,7341.482421875
35451,7906.4130859375
35452,7272.23291015625
35453,7648.81884765625
35454,8035.943359375
35455,8035.943359375
35456,8319.578125
35457,8035.943359375
35458,11330.9033203125
35459,7087.57568359375
35460,8035.943359375
35461,8150.20458984375
35462,8525.93359375
35463,7343.716796875
35464,7272.23291015625
35465,8035.943359375
35466,7494.36181640625
35467,7050.2685546875
35468,7272.23291015625
35469,8035.943359375
35470,6707.37451171875
35471,7494.36181640625
35472,7050.2685546875
35473,7785.81982421875
35474,7087.57568359375
35475,8336.888671875
35476,7050.2685546875
35477,7296.95556640625
35478,7272.23291015625
35479,8336.888671875
35480,7906.4130859375
35481,8630.3369140625
35482,7281.357421875
35483,7050.2685546875
35484,7785.81982421875
35485,7785.81982421875
35486,7087.57568359375
35487,8035.943359375
35488,7611.51171875
35489,8286.921875
35490,7262.71630859375
35491,7785.81982421875
35492,8299.3427734375
35493,8319.578125
35494,7785.81982421875
35495,7214.546875
35496,7272.23291015625
35497,7363.3095703125
35498,7785.81982421875
35499,8217.669921875
35500,8429.2998046875
35501,9982.8916015625
35502,8429.2998046875
35503,8429.2998046875
35504,8429.2998046875
35505,8730.2451171875
35506,8429.2998046875
35507,7443.625
35508,7734.8388671875
35509,7665.58935546875
35510,7100.73095703125
35511,8004.8681640625
35512,7737.0732421875
35513,7959.03759765625
35514,8387.3505859375
35515,7480.93212890625
35516,8004.8681640625
35517,7665.58935546875
35518,8179.17626953125
35519,8429.2998046875
35520,7732.314453125
35521,7518.115234375
35522,7732.314453125
35523,6783.94677734375
35524,6476.6103515625
35525,8033.25927734375
35526,6746.6396484375
35527,6980.4638671875
35528,7037.853515625
35529,7345.18994140625
35530,15699.62109375
35531,6403.74560546875
35532,6968.60400390625
35533,8724.564453125
35534,6476.6103515625
35535,6746.6396484375
35536,6968.60400390625
35537,7270.1552734375
35538,7036.3310546875
35539,7771.88232421875
35540,7036.3310546875
35541,7634.88134765625
35542,7036.3310546875
35543,7258.29541015625
35544,7634.88134765625
35545,7918.51611328125
35546,9863.6787109375
35547,7634.88134765625
35548,8430.03515625
35549,7036.3310546875
35550,8347.6728515625
35551,9863.6787109375
35552,8189.53125
35553,8022.005859375
35554,7407.421875
35555,7258.29541015625
35556,7480.42431640625
35557,7597.57421875
35558,7810.3759765625
35559,8120.970703125
35560,7061.0537109375
35561,9291.962890625
35562,7073.63818359375
35563,7036.3310546875
35564,7185.45751953125
35565,7634.88134765625
35566,7073.63818359375
35567,7254.68017578125
35568,7073.63818359375
35569,7771.88232421875
35570,7891.0224609375
35571,7771.88232421875
35572,8022.005859375
35573,7036.3310546875
35574,7258.29541015625
35575,7060.89501953125
35576,7810.3759765625
35577,7073.63818359375
35578,8022.005859375
35579,7036.3310546875
35580,8022.005859375
35581,8022.005859375
35582,7061.0537109375
35583,7258.29541015625
35584,7327.544921875
35585,7073.63818359375
35586,7329.779296875
35587,7771.88232421875
35588,7634.88134765625
35589,7634.88134765625
35590,8022.005859375
35591,6915.4013671875
35592,7225.33203125
35593,7810.51318359375
35594,7073.63818359375
35595,8314.9443359375
35596,7254.68017578125
35597,8022.005859375
35598,7036.3310546875
35599,8119.5771484375
35600,7771.88232421875
35601,7258.29541015625
35602,6958.73095703125
35603,7840.587890625
35604,7796.60498046875
35605,7597.57421875
35606,7036.3310546875
35607,8022.005859375
35608,7597.57421875
35609,8022.005859375
35610,7806.54345703125
35611,7200.609375
35612,8022.005859375
35613,7349.3720703125
35614,7036.3310546875
35615,7771.88232421875
35616,7534.029296875
35617,7036.3310546875
35618,7036.3310546875
35619,8875.337890625
35620,7036.3310546875
35621,6766.3017578125
35622,7583.78662109375
35623,6915.4013671875
35624,7137.5302734375
35625,6693.43701171875
35626,8022.005859375
35627,7634.88134765625
35628,8059.70458984375
35629,7771.88232421875
35630,8054.3046875
35631,7061.0537109375
35632,7283.01806640625
35633,7061.0537109375
35634,8472.0791015625
35635,7073.63818359375
35636,7810.51318359375
35637,7551.74365234375
35638,7036.3310546875
35639,7073.63818359375
35640,8059.70458984375
35641,7073.63818359375
35642,7073.63818359375
35643,8022.005859375
35644,7036.3310546875
35645,7349.3720703125
35646,7073.63818359375
35647,8381.7421875
35648,7258.29541015625
35649,6766.3017578125
35650,8189.53125
35651,7597.57421875
35652,7200.609375
35653,7534.029296875
35654,7480.42431640625
35655,10130.2412109375
35656,7258.29541015625
35657,8022.005859375
35658,8022.005859375
35659,7597.57421875
35660,7073.63818359375
35661,8022.005859375
35662,7349.3720703125
35663,7810.3759765625
35664,11311.853515625
35665,7810.51318359375
35666,7200.609375
35667,7806.54345703125
35668,8022.005859375
35669,7771.88232421875
35670,7634.88134765625
35671,8022.005859375
35672,8022.005859375
35673,7036.3310546875
35674,7771.88232421875
35675,7036.3310546875
35676,6766.3017578125
35677,7073.63818359375
35678,7254.68017578125
35679,7036.3310546875
35680,7796.60498046875
35681,11597.3955078125
35682,8022.005859375
35683,8022.005859375
35684,7806.54345703125
35685,7258.29541015625
35686,7810.3759765625
35687,7322.3994140625
35688,9575.59765625
35689,8022.005859375
35690,8022.005859375
35691,8022.005859375
35692,8923.2646484375
35693,9493.3486328125
35694,7918.51611328125
35695,8022.005859375
35696,8119.5771484375
35697,7980.056640625
35698,7771.88232421875
35699,6693.43701171875
35700,7258.29541015625
35701,7185.45751953125
35702,7200.609375
35703,7061.0537109375
35704,7258.29541015625
35705,8022.005859375
35706,8022.005859375
35707,7634.88134765625
35708,7349.3720703125
35709,7597.57421875
35710,7061.0537109375
35711,8022.005859375
35712,7036.3310546875
35713,8022.005859375
35714,7597.57421875
35715,6535.6376953125
35716,7771.88232421875
35717,7036.3310546875
35718,7258.29541015625
35719,7633.0068359375
35720,7583.78662109375
35721,7634.88134765625
35722,7634.88134765625
35723,8022.005859375
35724,7746.70068359375
35725,7597.57421875
35726,6693.43701171875
35727,8347.6728515625
35728,7061.0537109375
35729,8616.3994140625
35730,7258.29541015625
35731,7921.0087890625
35732,8022.005859375
35733,7634.88134765625
35734,7185.45751953125
35735,8022.005859375
35736,7832.97705078125
35737,7891.0224609375
35738,7073.63818359375
35739,7713.46826171875
35740,6977.9169921875
35741,7963.591796875
35742,7539.16015625
35743,8264.5380859375
35744,6977.9169921875
35745,7015.22412109375
35746,7713.46826171875
35747,8096.60107421875
35748,7862.5947265625
35749,7963.591796875
35750,6977.9169921875
35751,7199.88134765625
35752,6977.9169921875
35753,7576.46728515625
35754,6707.8876953125
35755,7269.130859375
35756,7015.22412109375
35757,6707.8876953125
35758,7860.10205078125
35759,7963.591796875
35760,7493.32958984375
35761,7713.46826171875
35762,8247.2275390625
35763,6977.9169921875
35764,7963.591796875
35765,7015.22412109375
35766,8247.2275390625
35767,7199.88134765625
35768,7963.591796875
35769,7199.88134765625
35770,7269.130859375
35771,7015.22412109375
35772,7751.9619140625
35773,5809.248046875
35774,7963.591796875
35775,7752.09912109375
35776,7104.04541015625
35777,7269.130859375
35778,7963.591796875
35779,7563.8828125
35780,7963.591796875
35781,7290.9580078125
35782,7015.22412109375
35783,7015.22412109375
35784,7488.791015625
35785,8062.556640625
35786,8061.1630859375
35787,7963.591796875
35788,9805.265625
35789,7199.88134765625
35790,7015.22412109375
35791,7963.591796875
35792,7127.04345703125
35793,7963.591796875
35794,7738.19091796875
35795,8001.29052734375
35796,8001.29052734375
35797,9805.265625
35798,6977.9169921875
35799,7713.46826171875
35800,7963.591796875
35801,7963.591796875
35802,8061.1630859375
35803,7190.36474609375
35804,6856.9873046875
35805,8001.29052734375
35806,7576.46728515625
35807,6977.9169921875
35808,7271.365234375
35809,7539.16015625
35810,7015.22412109375
35811,7002.6396484375
35812,7713.46826171875
35813,7563.8828125
35814,7199.88134765625
35815,7963.591796875
35816,8623.5771484375
35817,7713.46826171875
35818,7290.9580078125
35819,7713.46826171875
35820,8247.2275390625
35821,7563.8828125
35822,6977.9169921875
35823,7539.16015625
35824,7539.16015625
35825,6977.9169921875
35826,7713.46826171875
35827,7963.591796875
35828,7539.16015625
35829,7963.591796875
35830,6977.9169921875
35831,7002.6396484375
35832,8816.9248046875
35833,7576.46728515625
35834,8006.91650390625
35835,7963.591796875
35836,7127.04345703125
35837,7199.88134765625
35838,6977.9169921875
35839,7015.22412109375
35840,7963.591796875
35841,7834.4365234375
35842,7752.09912109375
35843,9434.935546875
35844,7832.6083984375
35845,7199.88134765625
35846,6856.9873046875
35847,6977.9169921875
35848,7839.6591796875
35849,8062.556640625
35850,7713.46826171875
35851,7576.46728515625
35852,7002.6396484375
35853,7576.46728515625
35854,9084.7607421875
35855,7002.6396484375
35856,7166.91796875
35857,6635.02294921875
35858,5875.05419921875
35859,6977.9169921875
35860,7539.16015625
35861,7539.16015625
35862,6977.9169921875
35863,7713.46826171875
35864,7271.365234375
35865,7199.88134765625
35866,7752.09912109375
35867,7713.46826171875
35868,7576.46728515625
35869,7963.591796875
35870,6924.15625
35871,7752.09912109375
35872,7713.46826171875
35873,7738.19091796875
35874,7713.46826171875
35875,6635.02294921875
35876,8323.3291015625
35877,7713.46826171875
35878,7166.91796875
35879,7713.46826171875
35880,9243.1416015625
35881,8264.5380859375
35882,7963.591796875
35883,7832.6083984375
35884,7002.6396484375
35885,8836.916015625
35886,8062.556640625
35887,7196.26611328125
35888,7199.88134765625
35889,9120.9697265625
35890,8034.51220703125
35891,8169.01806640625
35892,7473.26904296875
35893,6977.9169921875
35894,6707.8876953125
35895,7525.37255859375
35896,7751.9619140625
35897,6707.8876953125
35898,7199.88134765625
35899,7127.04345703125
35900,7713.46826171875
35901,7525.37255859375
35902,7199.88134765625
35903,7539.16015625
35904,7199.88134765625
35905,7199.88134765625
35906,7963.591796875
35907,8152.61767578125
35908,7269.130859375
35909,7199.88134765625
35910,7963.591796875
35911,7525.37255859375
35912,7963.591796875
35913,8413.666015625
35914,6977.9169921875
35915,7269.130859375
35916,7963.591796875
35917,7199.88134765625
35918,8186.93701171875
35919,7271.365234375
35920,7713.46826171875
35921,7199.88134765625
35922,7324.603515625
35923,6707.8876953125
35924,7370.57421875
35925,7749.0029296875
35926,6977.9169921875
35927,7199.88134765625
35928,7752.09912109375
35929,7752.09912109375
35930,8471.5068359375
35931,7473.26904296875
35932,8034.51220703125
35933,8471.5068359375
35934,7127.04345703125
35935,6977.9169921875
35936,7199.88134765625
35937,11253.4404296875
35938,7639.03076171875
35939,7002.6396484375
35940,8471.5068359375
35941,7271.365234375
35942,7199.88134765625
35943,7525.37255859375
35944,6933.234375
35945,7199.88134765625
35946,6977.9169921875
35947,6707.8876953125
35948,6977.9169921875
35949,9183.5224609375
35950,9183.5224609375
35951,9777.9150390625
35952,8134.02587890625
35953,7185.62841796875
35954,6937.42626953125
35955,8238.8828125
35956,7222.935546875
35957,7955.24755859375
35958,6915.59912109375
35959,7705.1240234375
35960,7705.1240234375
35961,6742.56689453125
35962,6624.38525390625
35963,7850.2861328125
35964,7955.24755859375
35965,7705.1240234375
35966,6769.54736328125
35967,7158.57373046875
35968,6624.38525390625
35969,8411.654296875
35970,7705.1240234375
35971,8233.546875
35972,8463.5126953125
35973,8100.40966796875
35974,7419.955078125
35975,8100.40966796875
35976,6354.35595703125
35977,8256.193359375
35978,7850.2861328125
35979,7509.20361328125
35980,7299.44775390625
35981,7334.5439453125
35982,7334.5439453125
35983,7598.30029296875
35984,8431.4619140625
35985,6806.8544921875
35986,7368.09765625
35987,7667.94189453125
35988,8689.8896484375
35989,7185.62841796875
35990,8100.40966796875
35991,7368.09765625
35992,7705.1240234375
35993,7843.666015625
35994,7743.61767578125
35995,7629.64306640625
35996,7413.666015625
35997,8075.99609375
35998,7185.62841796875
35999,7133.85107421875
36000,8189.01171875
36001,6806.8544921875
36002,8487.2822265625
36003,8689.8896484375
36004,7133.85107421875
36005,7955.24755859375
36006,6937.42626953125
36007,6624.38525390625
36008,7955.24755859375
36009,7416.71728515625
36010,8384.044921875
36011,8100.40966796875
36012,7598.30029296875
36013,6915.59912109375
36014,7616.8330078125
36015,6873.12060546875
36016,7469.79638671875
36017,7434.36376953125
36018,7955.24755859375
36019,6897.84326171875
36020,6873.12060546875
36021,7665.45263671875
36022,6873.12060546875
36023,7502.53857421875
36024,7186.16162109375
36025,8100.40966796875
36026,9110.703125
36027,7182.0205078125
36028,7616.8330078125
36029,7558.828125
36030,8039.72265625
36031,7191.537109375
36032,7434.36376953125
36033,8100.40966796875
36034,7955.24755859375
36035,7743.61767578125
36036,7850.2861328125
36037,7434.36376953125
36038,8384.044921875
36039,7336.69921875
36040,7164.33447265625
36041,8100.40966796875
36042,7955.24755859375
36043,7018.28271484375
36044,7743.61767578125
36045,7434.36376953125
36046,6748.25341796875
36047,6986.93994140625
36048,7336.69921875
36049,6873.12060546875
36050,6873.12060546875
36051,7434.36376953125
36052,7527.4853515625
36053,7055.58984375
36054,7413.666015625
36055,6873.12060546875
36056,6873.12060546875
36057,7191.537109375
36058,7182.0205078125
36059,7434.36376953125
36060,7309.49658203125
36061,7955.24755859375
36062,7729.26513671875
36063,7336.69921875
36064,8100.40966796875
36065,7018.28271484375
36066,7743.61767578125
36067,7434.36376953125
36068,7186.16162109375
36069,8100.40966796875
36070,6748.25341796875
36071,7955.24755859375
36072,7850.2861328125
36073,7616.8330078125
36074,8100.40966796875
36075,7955.24755859375
36076,7850.2861328125
36077,6873.12060546875
36078,6603.09130859375
36079,8590.9189453125
36080,7471.6708984375
36081,6986.93994140625
36082,6873.12060546875
36083,7434.36376953125
36084,8233.6962890625
36085,6910.427734375
36086,7471.6708984375
36087,7471.6708984375
36088,8280.9150390625
36089,7616.8330078125
36090,6910.427734375
36091,7402.0966796875
36092,7471.6708984375
36093,8100.40966796875
36094,7104.20947265625
36095,7955.24755859375
36096,6863.54150390625
36097,7616.8330078125
36098,6873.12060546875
36099,6873.12060546875
36100,7336.69921875
36101,7459.08642578125
36102,7612.43310546875
36103,9878.8818359375
36104,7471.6708984375
36105,7850.2861328125
36106,7434.36376953125
36107,7614.95849609375
36108,8100.40966796875
36109,6910.427734375
36110,7936.212890625
36111,7471.6708984375
36112,7191.537109375
36113,6570.09326171875
36114,7955.24755859375
36115,7336.69921875
36116,7055.58984375
36117,7509.96875
36118,7502.53857421875
36119,7164.33447265625
36120,7362.22998046875
36121,7434.36376953125
36122,7434.36376953125
36123,8100.40966796875
36124,7336.69921875
36125,7459.08642578125
36126,7434.36376953125
36127,7850.2861328125
36128,9370.3662109375
36129,8100.40966796875
36130,7850.2861328125
36131,7434.36376953125
36132,7616.8330078125
36133,6910.427734375
36134,7104.20947265625
36135,7610.27099609375
36136,8246.6142578125
36137,7055.58984375
36138,7104.20947265625
36139,6863.54150390625
36140,8256.193359375
36141,7471.6708984375
36142,7823.677734375
36143,7562.4091796875
36144,8100.40966796875
36145,6748.25341796875
36146,11270.2265625
36147,9654.0009765625
36148,8396.9453125
36149,6574.45556640625
36150,7133.85107421875
36151,8590.9189453125
36152,6327.63037109375
36153,12022.7939453125
36154,12588.0634765625
36155,7191.537109375
36156,6910.427734375
36157,7434.36376953125
36158,7471.6708984375
36159,11250.2080078125
36160,7093.0166015625
36161,7862.1025390625
36162,7376.0888671875
36163,6574.45556640625
36164,7850.2861328125
36165,7862.1025390625
36166,7336.69921875
36167,7612.43310546875
36168,8100.40966796875
36169,6779.9755859375
36170,6570.09326171875
36171,7341.21875
36172,6779.9755859375
36173,6863.54150390625
36174,7616.8330078125
36175,7378.52587890625
36176,7071.189453125
36177,7636.1201171875
36178,6817.28271484375
36179,7341.21875
36180,7616.8330078125
36181,7888.77978515625
36182,8817.38671875
36183,7862.1025390625
36184,7850.2861328125
36185,7093.0166015625
36186,7341.21875
36187,7098.39208984375
36188,6817.28271484375
36189,6779.9755859375
36190,7055.58984375
36191,7098.39208984375
36192,7820.1533203125
36193,7616.8330078125
36194,6509.9462890625
36195,6809.7578125
36196,7616.8330078125
36197,6748.25341796875
36198,7345.24365234375
36199,9785.736328125
36200,7336.69921875
36201,7982.85107421875
36202,7055.58984375
36203,7071.189453125
36204,6779.9755859375
36205,7551.60986328125
36206,6755.498046875
36207,8614.271484375
36208,7850.56103515625
36209,14705.8017578125
36210,10257.4736328125
36211,7208.84521484375
36212,7722.43212890625
36213,7208.84521484375
36214,7972.5556640625
36215,8152.08935546875
36216,7484.5791015625
36217,7299.921875
36218,8448.76953125
36219,8153.48291015625
36220,7972.5556640625
36221,7430.97412109375
36222,7299.921875
36223,7024.18798828125
36224,7024.18798828125
36225,7208.84521484375
36226,8566.4287109375
36227,8273.5009765625
36228,7972.5556640625
36229,7430.97412109375
36230,7548.1240234375
36231,7972.5556640625
36232,11060.8076171875
36233,7208.84521484375
36234,6986.880859375
36235,7972.5556640625
36236,7722.43212890625
36237,7972.5556640625
36238,7024.18798828125
36239,7208.84521484375
36240,7208.84521484375
36241,7430.97412109375
36242,9121.8134765625
36243,7972.5556640625
36244,7585.43115234375
36245,8367.74609375
36246,12668.3994140625
36247,8143.6416015625
36248,7767.0556640625
36249,8174.50927734375
36250,8106.33447265625
36251,8530.7666015625
36252,7569.81396484375
36253,8106.33447265625
36254,7698.0947265625
36255,8097.46044921875
36256,7003.6337890625
36257,8139.79248046875
36258,6876.6982421875
36259,6749.72705078125
36260,7310.97021484375
36261,6934.38427734375
36262,6712.419921875
36263,6934.38427734375
36264,6749.72705078125
36265,6712.419921875
36266,7227.83251953125
36267,8145.65869140625
36268,8035.943359375
36269,7785.81982421875
36270,8630.3369140625
36271,7272.23291015625
36272,8035.943359375
36273,8035.943359375
36274,7565.68115234375
36275,7050.2685546875
36276,8473.04296875
36277,7272.23291015625
36278,8035.943359375
36279,7785.81982421875
36280,8336.888671875
36281,8215.4765625
36282,8947.7138671875
36283,6780.2392578125
36284,7547.966796875
36285,8035.943359375
36286,8035.943359375
36287,7904.9599609375
36288,7824.3134765625
36289,7087.57568359375
36290,7611.51171875
36291,7087.57568359375
36292,7611.51171875
36293,7074.9912109375
36294,8215.4765625
36295,7281.357421875
36296,8336.888671875
36297,8035.943359375
36298,8991.2275390625
36299,7087.57568359375
36300,7050.2685546875
36301,7785.81982421875
36302,7824.3134765625
36303,8035.943359375
36304,9959.5771484375
36305,7272.23291015625
36306,7341.482421875
36307,7906.4130859375
36308,7272.23291015625
36309,7648.81884765625
36310,8035.943359375
36311,8035.943359375
36312,8319.578125
36313,8035.943359375
36314,11330.9033203125
36315,7087.57568359375
36316,8035.943359375
36317,8150.20458984375
36318,8525.93359375
36319,7343.716796875
36320,7272.23291015625
36321,8035.943359375
36322,7494.36181640625
36323,7050.2685546875
36324,7272.23291015625
36325,8035.943359375
36326,6707.37451171875
36327,7494.36181640625
36328,7050.2685546875
36329,7785.81982421875
36330,7087.57568359375
36331,8336.888671875
36332,7050.2685546875
36333,7296.95556640625
36334,7272.23291015625
36335,8336.888671875
36336,7906.4130859375
36337,8630.3369140625
36338,7281.357421875
36339,7050.2685546875
36340,7785.81982421875
36341,7785.81982421875
36342,7087.57568359375
36343,8035.943359375
36344,7611.51171875
36345,8286.921875
36346,7262.71630859375
36347,7785.81982421875
36348,8299.3427734375
36349,8319.578125
36350,7785.81982421875
36351,7214.546875
36352,7272.23291015625
36353,7363.3095703125
36354,7785.81982421875
36355,8217.669921875
36356,8429.2998046875
36357,9982.8916015625
36358,8429.2998046875
36359,8429.2998046875
36360,8429.2998046875
36361,8730.2451171875
36362,8429.2998046875
36363,7443.625
36364,7734.8388671875
36365,7665.58935546875
36366,7100.73095703125
36367,8004.8681640625
36368,7737.0732421875
36369,7959.03759765625
36370,8387.3505859375
36371,7480.93212890625
36372,8004.8681640625
36373,7665.58935546875
36374,8179.17626953125
36375,8429.2998046875
36376,7732.314453125
36377,7518.115234375
36378,7732.314453125
36379,6783.94677734375
36380,6476.6103515625
36381,8033.25927734375
36382,6746.6396484375
36383,6980.4638671875
36384,7037.853515625
36385,7345.18994140625
36386,15699.62109375
36387,6403.74560546875
36388,6968.60400390625
36389,8724.564453125
36390,6476.6103515625
36391,6746.6396484375
36392,6968.60400390625
36393,7270.1552734375
36394,7036.3310546875
36395,7771.88232421875
36396,7036.3310546875
36397,7634.88134765625
36398,7036.3310546875
36399,7258.29541015625
36400,7634.88134765625
36401,7918.51611328125
36402,9863.6787109375
36403,7634.88134765625
36404,8430.03515625
36405,7036.3310546875
36406,8347.6728515625
36407,9863.6787109375
36408,8189.53125
36409,8022.005859375
36410,7407.421875
36411,7258.29541015625
36412,7480.42431640625
36413,7597.57421875
36414,7810.3759765625
36415,8120.970703125
36416,7061.0537109375
36417,9291.962890625
36418,7073.63818359375
36419,7036.3310546875
36420,7185.45751953125
36421,7634.88134765625
36422,7073.63818359375
36423,7254.68017578125
36424,7073.63818359375
36425,7771.88232421875
36426,7891.0224609375
36427,7771.88232421875
36428,8022.005859375
36429,7036.3310546875
36430,7258.29541015625
36431,7060.89501953125
36432,7810.3759765625
36433,7073.63818359375
36434,8022.005859375
36435,7036.3310546875
36436,8022.005859375
36437,8022.005859375
36438,7061.0537109375
36439,7258.29541015625
36440,7327.544921875
36441,7073.63818359375
36442,7329.779296875
36443,7771.88232421875
36444,7634.88134765625
36445,7634.88134765625
36446,8022.005859375
36447,6915.4013671875
36448,7225.33203125
36449,7810.51318359375
36450,7073.63818359375
36451,8314.9443359375
36452,7254.68017578125
36453,8022.005859375
36454,7036.3310546875
36455,8119.5771484375
36456,7771.88232421875
36457,7258.29541015625
36458,6958.73095703125
36459,7840.587890625
36460,7796.60498046875
36461,7597.57421875
36462,7036.3310546875
36463,8022.005859375
36464,7597.57421875
36465,8022.005859375
36466,7806.54345703125
36467,7200.609375
36468,8022.005859375
36469,7349.3720703125
36470,7036.3310546875
36471,7771.88232421875
36472,7534.029296875
36473,7036.3310546875
36474,7036.3310546875
36475,8875.337890625
36476,7036.3310546875
36477,6766.3017578125
36478,7583.78662109375
36479,6915.4013671875
36480,7137.5302734375
36481,6693.43701171875
36482,8022.005859375
36483,7634.88134765625
36484,8059.70458984375
36485,7771.88232421875
36486,8054.3046875
36487,7061.0537109375
36488,7283.01806640625
36489,7061.0537109375
36490,8472.0791015625
36491,7073.63818359375
36492,7810.51318359375
36493,7551.74365234375
36494,7036.3310546875
36495,7073.63818359375
36496,8059.70458984375
36497,7073.63818359375
36498,7073.63818359375
36499,8022.005859375
36500,7036.3310546875
36501,7349.3720703125
36502,7073.63818359375
36503,8381.7421875
36504,7258.29541015625
36505,6766.3017578125
36506,8189.53125
36507,7597.57421875
36508,7200.609375
36509,7534.029296875
36510,7480.42431640625
36511,10130.2412109375
36512,7258.29541015625
36513,8022.005859375
36514,8022.005859375
36515,7597.57421875
36516,7073.63818359375
36517,8022.005859375
36518,7349.3720703125
36519,7810.3759765625
36520,11311.853515625
36521,7810.51318359375
36522,7200.609375
36523,7806.54345703125
36524,8022.005859375
36525,7771.88232421875
36526,7634.88134765625
36527,8022.005859375
36528,8022.005859375
36529,7036.3310546875
36530,7771.88232421875
36531,7036.3310546875
36532,6766.3017578125
36533,7073.63818359375
36534,7254.68017578125
36535,7036.3310546875
36536,7796.60498046875
36537,11597.3955078125
36538,8022.005859375
36539,8022.005859375
36540,7806.54345703125
36541,7258.29541015625
36542,7810.3759765625
36543,7322.3994140625
36544,9575.59765625
36545,8022.005859375
36546,8022.005859375
36547,8022.005859375
36548,8923.2646484375
36549,9493.3486328125
36550,7918.51611328125
36551,8022.005859375
36552,8119.5771484375
36553,7980.056640625
36554,7771.88232421875
36555,6693.43701171875
36556,7258.29541015625
36557,7185.45751953125
36558,7200.609375
36559,7061.0537109375
36560,7258.29541015625
36561,8022.005859375
36562,8022.005859375
36563,7634.88134765625
36564,7349.3720703125
36565,7597.57421875
36566,7061.0537109375
36567,8022.005859375
36568,7036.3310546875
36569,8022.005859375
36570,7597.57421875
36571,6535.6376953125
36572,7771.88232421875
36573,7036.3310546875
36574,7258.29541015625
36575,7633.0068359375
36576,7583.78662109375
36577,7634.88134765625
36578,7634.88134765625
36579,8022.005859375
36580,7746.70068359375
36581,7597.57421875
36582,6693.43701171875
36583,8347.6728515625
36584,7061.0537109375
36585,8616.3994140625
36586,7258.29541015625
36587,7921.0087890625
36588,8022.005859375
36589,7634.88134765625
36590,7185.45751953125
36591,8022.005859375
36592,7832.97705078125
36593,7891.0224609375
36594,7073.63818359375
36595,7713.46826171875
36596,6977.9169921875
36597,7963.591796875
36598,7539.16015625
36599,8264.5380859375
36600,6977.9169921875
36601,7015.22412109375
36602,7713.46826171875
36603,8096.60107421875
36604,7862.5947265625
36605,7963.591796875
36606,6977.9169921875
36607,7199.88134765625
36608,6977.9169921875
36609,7576.46728515625
36610,6707.8876953125
36611,7269.130859375
36612,7015.22412109375
36613,6707.8876953125
36614,7860.10205078125
36615,7963.591796875
36616,7493.32958984375
36617,7713.46826171875
36618,8247.2275390625
36619,6977.9169921875
36620,7963.591796875
36621,7015.22412109375
36622,8247.2275390625
36623,7199.88134765625
36624,7963.591796875
36625,7199.88134765625
36626,7269.130859375
36627,7015.22412109375
36628,7751.9619140625
36629,5809.248046875
36630,7963.591796875
36631,7752.09912109375
36632,7104.04541015625
36633,7269.130859375
36634,7963.591796875
36635,7563.8828125
36636,7963.591796875
36637,7290.9580078125
36638,7015.22412109375
36639,7015.22412109375
36640,7488.791015625
36641,8062.556640625
36642,8061.1630859375
36643,7963.591796875
36644,9805.265625
36645,7199.88134765625
36646,7015.22412109375
36647,7963.591796875
36648,7127.04345703125
36649,7963.591796875
36650,7738.19091796875
36651,8001.29052734375
36652,8001.29052734375
36653,9805.265625
36654,6977.9169921875
36655,7713.46826171875
36656,7963.591796875
36657,7963.591796875
36658,8061.1630859375
36659,7190.36474609375
36660,6856.9873046875
36661,8001.29052734375
36662,7576.46728515625
36663,6977.9169921875
36664,7271.365234375
36665,7539.16015625
36666,7015.22412109375
36667,7002.6396484375
36668,7713.46826171875
36669,7563.8828125
36670,7199.88134765625
36671,7963.591796875
36672,8623.5771484375
36673,7713.46826171875
36674,7290.9580078125
36675,7713.46826171875
36676,8247.2275390625
36677,7563.8828125
36678,6977.9169921875
36679,7539.16015625
36680,7539.16015625
36681,6977.9169921875
36682,7713.46826171875
36683,7963.591796875
36684,7539.16015625
36685,7963.591796875
36686,6977.9169921875
36687,7002.6396484375
36688,8816.9248046875
36689,7576.46728515625
36690,8006.91650390625
36691,7963.591796875
36692,7127.04345703125
36693,7199.88134765625
36694,6977.9169921875
36695,7015.22412109375
36696,7963.591796875
36697,7834.4365234375
36698,7752.09912109375
36699,9434.935546875
36700,7832.6083984375
36701,7199.88134765625
36702,6856.9873046875
36703,6977.9169921875
36704,7839.6591796875
36705,8062.556640625
36706,7713.46826171875
36707,7576.46728515625
36708,7002.6396484375
36709,7576.46728515625
36710,9084.7607421875
36711,7002.6396484375
36712,7166.91796875
36713,6635.02294921875
36714,5875.05419921875
36715,6977.9169921875
36716,7539.16015625
36717,7539.16015625
36718,6977.9169921875
36719,7713.46826171875
36720,7271.365234375
36721,7199.88134765625
36722,7752.09912109375
36723,7713.46826171875
36724,7576.46728515625
36725,7963.591796875
36726,6924.15625
36727,7752.09912109375
36728,7713.46826171875
36729,7738.19091796875
36730,7713.46826171875
36731,6635.02294921875
36732,8323.3291015625
36733,7713.46826171875
36734,7166.91796875
36735,7713.46826171875
36736,9243.1416015625
36737,8264.5380859375
36738,7963.591796875
36739,7832.6083984375
36740,7002.6396484375
36741,8836.916015625
36742,8062.556640625
36743,7196.26611328125
36744,7199.88134765625
36745,9120.9697265625
36746,8034.51220703125
36747,8169.01806640625
36748,7473.26904296875
36749,6977.9169921875
36750,6707.8876953125
36751,7525.37255859375
36752,7751.9619140625
36753,6707.8876953125
36754,7199.88134765625
36755,7127.04345703125
36756,7713.46826171875
36757,7525.37255859375
36758,7199.88134765625
36759,7539.16015625
36760,7199.88134765625
36761,7199.88134765625
36762,7963.591796875
36763,8152.61767578125
36764,7269.130859375
36765,7199.88134765625
36766,7963.591796875
36767,7525.37255859375
36768,7963.591796875
36769,8413.666015625
36770,6977.9169921875
36771,7269.130859375
36772,7963.591796875
36773,7199.88134765625
36774,8186.93701171875
36775,7271.365234375
36776,7713.46826171875
36777,7199.88134765625
36778,7324.603515625
36779,6707.8876953125
36780,7370.57421875
36781,7749.0029296875
36782,6977.9169921875
36783,7199.88134765625
36784,7752.09912109375
36785,7752.09912109375
36786,8471.5068359375
36787,7473.26904296875
36788,8034.51220703125
36789,8471.5068359375
36790,7127.04345703125
36791,6977.9169921875
36792,7199.88134765625
36793,11253.4404296875
36794,7639.03076171875
36795,7002.6396484375
36796,8471.5068359375
36797,7271.365234375
36798,7199.88134765625
36799,7525.37255859375
36800,6933.234375
36801,7199.88134765625
36802,6977.9169921875
36803,6707.8876953125
36804,6977.9169921875
36805,9183.5224609375
36806,9183.5224609375
36807,9777.9150390625
36808,8134.02587890625
36809,7185.62841796875
36810,6937.42626953125
36811,8238.8828125
36812,7222.935546875
36813,7955.24755859375
36814,6915.59912109375
36815,7705.1240234375
36816,7705.1240234375
36817,6742.56689453125
36818,6624.38525390625
36819,7850.2861328125
36820,7955.24755859375
36821,7705.1240234375
36822,6769.54736328125
36823,7158.57373046875
36824,6624.38525390625
36825,8411.654296875
36826,7705.1240234375
36827,8233.546875
36828,8463.5126953125
36829,8100.40966796875
36830,7419.955078125
36831,8100.40966796875
36832,6354.35595703125
36833,8256.193359375
36834,7850.2861328125
36835,7509.20361328125
36836,7299.44775390625
36837,7334.5439453125
36838,7334.5439453125
36839,7598.30029296875
36840,8431.4619140625
36841,6806.8544921875
36842,7368.09765625
36843,7667.94189453125
36844,8689.8896484375
36845,7185.62841796875
36846,8100.40966796875
36847,7368.09765625
36848,7705.1240234375
36849,7843.666015625
36850,7743.61767578125
36851,7629.64306640625
36852,7413.666015625
36853,8075.99609375
36854,7185.62841796875
36855,7133.85107421875
36856,8189.01171875
36857,6806.8544921875
36858,8487.2822265625
36859,8689.8896484375
36860,7133.85107421875
36861,7955.24755859375
36862,6937.42626953125
36863,6624.38525390625
36864,7955.24755859375
36865,7416.71728515625
36866,8384.044921875
36867,8100.40966796875
36868,7598.30029296875
36869,6915.59912109375
36870,7616.8330078125
36871,6873.12060546875
36872,7469.79638671875
36873,7434.36376953125
36874,7955.24755859375
36875,6897.84326171875
36876,6873.12060546875
36877,7665.45263671875
36878,6873.12060546875
36879,7502.53857421875
36880,7186.16162109375
36881,8100.40966796875
36882,9110.703125
36883,7182.0205078125
36884,7616.8330078125
36885,7558.828125
36886,8039.72265625
36887,7191.537109375
36888,7434.36376953125
36889,8100.40966796875
36890,7955.24755859375
36891,7743.61767578125
36892,7850.2861328125
36893,7434.36376953125
36894,8384.044921875
36895,7336.69921875
36896,7164.33447265625
36897,8100.40966796875
36898,7955.24755859375
36899,7018.28271484375
36900,7743.61767578125
36901,7434.36376953125
36902,6748.25341796875
36903,6986.93994140625
36904,7336.69921875
36905,6873.12060546875
36906,6873.12060546875
36907,7434.36376953125
36908,7527.4853515625
36909,7055.58984375
36910,7413.666015625
36911,6873.12060546875
36912,6873.12060546875
36913,7191.537109375
36914,7182.0205078125
36915,7434.36376953125
36916,7309.49658203125
36917,7955.24755859375
36918,7729.26513671875
36919,7336.69921875
36920,8100.40966796875
36921,7018.28271484375
36922,7743.61767578125
36923,7434.36376953125
36924,7186.16162109375
36925,8100.40966796875
36926,6748.25341796875
36927,7955.24755859375
36928,7850.2861328125
36929,7616.8330078125
36930,8100.40966796875
36931,7955.24755859375
36932,7850.2861328125
36933,6873.12060546875
36934,6603.09130859375
36935,8590.9189453125
36936,7471.6708984375
36937,6986.93994140625
36938,6873.12060546875
36939,7434.36376953125
36940,8233.6962890625
36941,6910.427734375
36942,7471.6708984375
36943,7471.6708984375
36944,8280.9150390625
36945,7616.8330078125
36946,6910.427734375
36947,7402.0966796875
36948,7471.6708984375
36949,8100.40966796875
36950,7104.20947265625
36951,7955.24755859375
36952,6863.54150390625
36953,7616.8330078125
36954,6873.12060546875
36955,6873.12060546875
36956,7336.69921875
36957,7459.08642578125
36958,7612.43310546875
36959,9878.8818359375
36960,7471.6708984375
36961,7850.2861328125
36962,7434.36376953125
36963,7614.95849609375
36964,8100.40966796875
36965,6910.427734375
36966,7936.212890625
36967,7471.6708984375
36968,7191.537109375
36969,6570.09326171875
36970,7955.24755859375
36971,7336.69921875
36972,7055.58984375
36973,7509.96875
36974,7502.53857421875
36975,7164.33447265625
36976,7362.22998046875
36977,7434.36376953125
36978,7434.36376953125
36979,8100.40966796875
36980,7336.69921875
36981,7459.08642578125
36982,7434.36376953125
36983,7850.2861328125
36984,9370.3662109375
36985,8100.40966796875
36986,7850.2861328125
36987,7434.36376953125
36988,7616.8330078125
36989,6910.427734375
36990,7104.20947265625
36991,7610.27099609375
36992,8246.6142578125
36993,7055.58984375
36994,7104.20947265625
36995,6863.54150390625
36996,8256.193359375
36997,7471.6708984375
36998,7823.677734375
36999,7562.4091796875
37000,8100.40966796875
37001,6748.25341796875
37002,11270.2265625
37003,9654.0009765625
37004,8396.9453125
37005,6574.45556640625
37006,7133.85107421875
37007,8590.9189453125
37008,6327.63037109375
37009,12022.7939453125
37010,12588.0634765625
37011,7191.537109375
37012,6910.427734375
37013,7434.36376953125
37014,7471.6708984375
37015,11250.2080078125
37016,7093.0166015625
37017,7862.1025390625
37018,7376.0888671875
37019,6574.45556640625
37020,7850.2861328125
37021,7862.1025390625
37022,7336.69921875
37023,7612.43310546875
37024,8100.40966796875
37025,6779.9755859375
37026,6570.09326171875
37027,7341.21875
37028,6779.9755859375
37029,6863.54150390625
37030,7616.8330078125
37031,7378.52587890625
37032,7071.189453125
37033,7636.1201171875
37034,6817.28271484375
37035,7341.21875
37036,7616.8330078125
37037,7888.77978515625
37038,8817.38671875
37039,7862.1025390625
37040,7850.2861328125
37041,7093.0166015625
37042,7341.21875
37043,7098.39208984375
37044,6817.28271484375
37045,6779.9755859375
37046,7055.58984375
37047,7098.39208984375
37048,7820.1533203125
37049,7616.8330078125
37050,6509.9462890625
37051,6809.7578125
37052,7616.8330078125
37053,6748.25341796875
37054,7345.24365234375
37055,9785.736328125
37056,7336.69921875
37057,7982.85107421875
37058,7055.58984375
37059,7071.189453125
37060,6779.9755859375
37061,7551.60986328125
37062,6755.498046875
37063,8614.271484375
37064,7850.56103515625
37065,14705.8017578125
37066,10257.4736328125
37067,7208.84521484375
37068,7722.43212890625
37069,7208.84521484375
37070,7972.5556640625
37071,8152.08935546875
37072,7484.5791015625
37073,7299.921875
37074,8448.76953125
37075,8153.48291015625
37076,7972.5556640625
37077,7430.97412109375
37078,7299.921875
37079,7024.18798828125
37080,7024.18798828125
37081,7208.84521484375
37082,8566.4287109375
37083,8273.5009765625
37084,7972.5556640625
37085,7430.97412109375
37086,7548.1240234375
37087,7972.5556640625
37088,11060.8076171875
37089,7208.84521484375
37090,6986.880859375
37091,7972.5556640625
37092,7722.43212890625
37093,7972.5556640625
37094,7024.18798828125
37095,7208.84521484375
37096,7208.84521484375
37097,7430.97412109375
37098,9121.8134765625
37099,7972.5556640625
37100,7585.43115234375
37101,8367.74609375
37102,12668.3994140625
37103,8143.6416015625
37104,7767.0556640625
37105,8174.50927734375
37106,8106.33447265625
37107,8530.7666015625
37108,7569.81396484375
37109,8106.33447265625
37110,7698.0947265625
37111,8097.46044921875
37112,7003.6337890625
37113,8139.79248046875
37114,6876.6982421875
37115,6749.72705078125
37116,7310.97021484375
37117,6934.38427734375
37118,6712.419921875
37119,6934.38427734375
37120,6749.72705078125
37121,6712.419921875
37122,7227.83251953125
37123,8145.65869140625
37124,8035.943359375
37125,7785.81982421875
37126,8630.3369140625
37127,7272.23291015625
37128,8035.943359375
37129,8035.943359375
37130,7565.68115234375
37131,7050.2685546875
37132,8473.04296875
37133,7272.23291015625
37134,8035.943359375
37135,7785.81982421875
37136,8336.888671875
37137,8215.4765625
37138,8947.7138671875
37139,6780.2392578125
37140,7547.966796875
37141,8035.943359375
37142,8035.943359375
37143,7904.9599609375
37144,7824.3134765625
37145,7087.57568359375
37146,7611.51171875
37147,7087.57568359375
37148,7611.51171875
37149,7074.9912109375
37150,8215.4765625
37151,7281.357421875
37152,8336.888671875
37153,8035.943359375
37154,8991.2275390625
37155,7087.57568359375
37156,7050.2685546875
37157,7785.81982421875
37158,7824.3134765625
37159,8035.943359375
37160,9959.5771484375
37161,7272.23291015625
37162,7341.482421875
37163,7906.4130859375
37164,7272.23291015625
37165,7648.81884765625
37166,8035.943359375
37167,8035.943359375
37168,8319.578125
37169,8035.943359375
37170,11330.9033203125
37171,7087.57568359375
37172,8035.943359375
37173,8150.20458984375
37174,8525.93359375
37175,7343.716796875
37176,7272.23291015625
37177,8035.943359375
37178,7494.36181640625
37179,7050.2685546875
37180,7272.23291015625
37181,8035.943359375
37182,6707.37451171875
37183,7494.36181640625
37184,7050.2685546875
37185,7785.81982421875
37186,7087.57568359375
37187,8336.888671875
37188,7050.2685546875
37189,7296.95556640625
37190,7272.23291015625
37191,8336.888671875
37192,7906.4130859375
37193,8630.3369140625
37194,7281.357421875
37195,7050.2685546875
37196,7785.81982421875
37197,7785.81982421875
37198,7087.57568359375
37199,8035.943359375
37200,7611.51171875
37201,8286.921875
37202,7262.71630859375
37203,7785.81982421875
37204,8299.3427734375
37205,8319.578125
37206,7785.81982421875
37207,7214.546875
37208,7272.23291015625
37209,7363.3095703125
37210,7785.81982421875
37211,8217.669921875
37212,8429.2998046875
37213,9982.8916015625
37214,8429.2998046875
37215,8429.2998046875
37216,8429.2998046875
37217,8730.2451171875
37218,8429.2998046875
37219,7443.625
37220,7734.8388671875
37221,7665.58935546875
37222,7100.73095703125
37223,8004.8681640625
37224,7737.0732421875
37225,7959.03759765625
37226,8387.3505859375
37227,7480.93212890625
37228,8004.8681640625
37229,7665.58935546875
37230,8179.17626953125
37231,8429.2998046875
37232,7732.314453125
37233,7518.115234375
37234,7732.314453125
37235,6783.94677734375
37236,6476.6103515625
37237,8033.25927734375
37238,6746.6396484375
37239,6980.4638671875
37240,7037.853515625
37241,7345.18994140625
37242,15699.62109375
37243,6403.74560546875
37244,6968.60400390625
37245,8724.564453125
37246,6476.6103515625
37247,6746.6396484375
37248,6968.60400390625
37249,7270.1552734375
37250,7036.3310546875
37251,7771.88232421875
37252,7036.3310546875
37253,7634.88134765625
37254,7036.3310546875
37255,7258.29541015625
37256,7634.88134765625
37257,7918.51611328125
37258,9863.6787109375
37259,7634.88134765625
37260,8430.03515625
37261,7036.3310546875
37262,8347.6728515625
37263,9863.6787109375
37264,8189.53125
37265,8022.005859375
37266,7407.421875
37267,7258.29541015625
37268,7480.42431640625
37269,7597.57421875
37270,7810.3759765625
37271,8120.970703125
37272,7061.0537109375
37273,9291.962890625
37274,7073.63818359375
37275,7036.3310546875
37276,7185.45751953125
37277,7634.88134765625
37278,7073.63818359375
37279,7254.68017578125
37280,7073.63818359375
37281,7771.88232421875
37282,7891.0224609375
37283,7771.88232421875
37284,8022.005859375
37285,7036.3310546875
37286,7258.29541015625
37287,7060.89501953125
37288,7810.3759765625
37289,7073.63818359375
37290,8022.005859375
37291,7036.3310546875
37292,8022.005859375
37293,8022.005859375
37294,7061.0537109375
37295,7258.29541015625
37296,7327.544921875
37297,7073.63818359375
37298,7329.779296875
37299,7771.88232421875
37300,7634.88134765625
37301,7634.88134765625
37302,8022.005859375
37303,6915.4013671875
37304,7225.33203125
37305,7810.51318359375
37306,7073.63818359375
37307,8314.9443359375
37308,7254.68017578125
37309,8022.005859375
37310,7036.3310546875
37311,8119.5771484375
37312,7771.88232421875
37313,7258.29541015625
37314,6958.73095703125
37315,7840.587890625
37316,7796.60498046875
37317,7597.57421875
37318,7036.3310546875
37319,8022.005859375
37320,7597.57421875
37321,8022.005859375
37322,7806.54345703125
37323,7200.609375
37324,8022.005859375
37325,7349.3720703125
37326,7036.3310546875
37327,7771.88232421875
37328,7534.029296875
37329,7036.3310546875
37330,7036.3310546875
37331,8875.337890625
37332,7036.3310546875
37333,6766.3017578125
37334,7583.78662109375
37335,6915.4013671875
37336,7137.5302734375
37337,6693.43701171875
37338,8022.005859375
37339,7634.88134765625
37340,8059.70458984375
37341,7771.88232421875
37342,8054.3046875
37343,7061.0537109375
37344,7283.01806640625
37345,7061.0537109375
37346,8472.0791015625
37347,7073.63818359375
37348,7810.51318359375
37349,7551.74365234375
37350,7036.3310546875
37351,7073.63818359375
37352,8059.70458984375
37353,7073.63818359375
37354,7073.63818359375
37355,8022.005859375
37356,7036.3310546875
37357,7349.3720703125
37358,7073.63818359375
37359,8381.7421875
37360,7258.29541015625
37361,6766.3017578125
37362,8189.53125
37363,7597.57421875
37364,7200.609375
37365,7534.029296875
37366,7480.42431640625
37367,10130.2412109375
37368,7258.29541015625
37369,8022.005859375
37370,8022.005859375
37371,7597.57421875
37372,7073.63818359375
37373,8022.005859375
37374,7349.3720703125
37375,7810.3759765625
37376,11311.853515625
37377,7810.51318359375
37378,7200.609375
37379,7806.54345703125
37380,8022.005859375
37381,7771.88232421875
37382,7634.88134765625
37383,8022.005859375
37384,8022.005859375
37385,7036.3310546875
37386,7771.88232421875
37387,7036.3310546875
37388,6766.3017578125
37389,7073.63818359375
37390,7254.68017578125
37391,7036.3310546875
37392,7796.60498046875
37393,11597.3955078125
37394,8022.005859375
37395,8022.005859375
37396,7806.54345703125
37397,7258.29541015625
37398,7810.3759765625
37399,7322.3994140625
37400,9575.59765625
37401,8022.005859375
37402,8022.005859375
37403,8022.005859375
37404,8923.2646484375
37405,9493.3486328125
37406,7918.51611328125
37407,8022.005859375
37408,8119.5771484375
37409,7980.056640625
37410,7771.88232421875
37411,6693.43701171875
37412,7258.29541015625
37413,7185.45751953125
37414,7200.609375
37415,7061.0537109375
37416,7258.29541015625
37417,8022.005859375
37418,8022.005859375
37419,7634.88134765625
37420,7349.3720703125
37421,7597.57421875
37422,7061.0537109375
37423,8022.005859375
37424,7036.3310546875
37425,8022.005859375
37426,7597.57421875
37427,6535.6376953125
37428,7771.88232421875
37429,7036.3310546875
37430,7258.29541015625
37431,7633.0068359375
37432,7583.78662109375
37433,7634.88134765625
37434,7634.88134765625
37435,8022.005859375
37436,7746.70068359375
37437,7597.57421875
37438,6693.43701171875
37439,8347.6728515625
37440,7061.0537109375
37441,8616.3994140625
37442,7258.29541015625
37443,7921.0087890625
37444,8022.005859375
37445,7634.88134765625
37446,7185.45751953125
37447,8022.005859375
37448,7832.97705078125
37449,7891.0224609375
37450,7073.63818359375
37451,7713.46826171875
37452,6977.9169921875
37453,7963.591796875
37454,7539.16015625
37455,8264.5380859375
37456,6977.9169921875
37457,7015.22412109375
37458,7713.46826171875
37459,8096.60107421875
37460,7862.5947265625
37461,7963.591796875
37462,6977.9169921875
37463,7199.88134765625
37464,6977.9169921875
37465,7576.46728515625
37466,6707.8876953125
37467,7269.130859375
37468,7015.22412109375
37469,6707.8876953125
37470,7860.10205078125
37471,7963.591796875
37472,7493.32958984375
37473,7713.46826171875
37474,8247.2275390625
37475,6977.9169921875
37476,7963.591796875
37477,7015.22412109375
37478,8247.2275390625
37479,7199.88134765625
37480,7963.591796875
37481,7199.88134765625
37482,7269.130859375
37483,7015.22412109375
37484,7751.9619140625
37485,5809.248046875
37486,7963.591796875
37487,7752.09912109375
37488,7104.04541015625
37489,7269.130859375
37490,7963.591796875
37491,7563.8828125
37492,7963.591796875
37493,7290.9580078125
37494,7015.22412109375
37495,7015.22412109375
37496,7488.791015625
37497,8062.556640625
37498,8061.1630859375
37499,7963.591796875
37500,9805.265625
37501,7199.88134765625
37502,7015.22412109375
37503,7963.591796875
37504,7127.04345703125
37505,7963.591796875
37506,7738.19091796875
37507,8001.29052734375
37508,8001.29052734375
37509,9805.265625
37510,6977.9169921875
37511,7713.46826171875
37512,7963.591796875
37513,7963.591796875
37514,8061.1630859375
37515,7190.36474609375
37516,6856.9873046875
37517,8001.29052734375
37518,7576.46728515625
37519,6977.9169921875
37520,7271.365234375
37521,7539.16015625
37522,7015.22412109375
37523,7002.6396484375
37524,7713.46826171875
37525,7563.8828125
37526,7199.88134765625
37527,7963.591796875
37528,8623.5771484375
37529,7713.46826171875
37530,7290.9580078125
37531,7713.46826171875
37532,8247.2275390625
37533,7563.8828125
37534,6977.9169921875
37535,7539.16015625
37536,7539.16015625
37537,6977.9169921875
37538,7713.46826171875
37539,7963.591796875
37540,7539.16015625
37541,7963.591796875
37542,6977.9169921875
37543,7002.6396484375
37544,8816.9248046875
37545,7576.46728515625
37546,8006.91650390625
37547,7963.591796875
37548,7127.04345703125
37549,7199.88134765625
37550,6977.9169921875
37551,7015.22412109375
37552,7963.591796875
37553,7834.4365234375
37554,7752.09912109375
37555,9434.935546875
37556,7832.6083984375
37557,7199.88134765625
37558,6856.9873046875
37559,6977.9169921875
37560,7839.6591796875
37561,8062.556640625
37562,7713.46826171875
37563,7576.46728515625
37564,7002.6396484375
37565,7576.46728515625
37566,9084.7607421875
37567,7002.6396484375
37568,7166.91796875
37569,6635.02294921875
37570,5875.05419921875
37571,6977.9169921875
37572,7539.16015625
37573,7539.16015625
37574,6977.9169921875
37575,7713.46826171875
37576,7271.365234375
37577,7199.88134765625
37578,7752.09912109375
37579,7713.46826171875
37580,7576.46728515625
37581,7963.591796875
37582,6924.15625
37583,7752.09912109375
37584,7713.46826171875
37585,7738.19091796875
37586,7713.46826171875
37587,6635.02294921875
37588,8323.3291015625
37589,7713.46826171875
37590,7166.91796875
37591,7713.46826171875
37592,9243.1416015625
37593,8264.5380859375
37594,7963.591796875
37595,7832.6083984375
37596,7002.6396484375
37597,8836.916015625
37598,8062.556640625
37599,7196.26611328125
37600,7199.88134765625
37601,9120.9697265625
37602,8034.51220703125
37603,8169.01806640625
37604,7473.26904296875
37605,6977.9169921875
37606,6707.8876953125
37607,7525.37255859375
37608,7751.9619140625
37609,6707.8876953125
37610,7199.88134765625
37611,7127.04345703125
37612,7713.46826171875
37613,7525.37255859375
37614,7199.88134765625
37615,7539.16015625
37616,7199.88134765625
37617,7199.88134765625
37618,7963.591796875
37619,8152.61767578125
37620,7269.130859375
37621,7199.88134765625
37622,7963.591796875
37623,7525.37255859375
37624,7963.591796875
37625,8413.666015625
37626,6977.9169921875
37627,7269.130859375
37628,7963.591796875
37629,7199.88134765625
37630,8186.93701171875
37631,7271.365234375
37632,7713.46826171875
37633,7199.88134765625
37634,7324.603515625
37635,6707.8876953125
37636,7370.57421875
37637,7749.0029296875
37638,6977.9169921875
37639,7199.88134765625
37640,7752.09912109375
37641,7752.09912109375
37642,8471.5068359375
37643,7473.26904296875
37644,8034.51220703125
37645,8471.5068359375
37646,7127.04345703125
37647,6977.9169921875
37648,7199.88134765625
37649,11253.4404296875
37650,7639.03076171875
37651,7002.6396484375
37652,8471.5068359375
37653,7271.365234375
37654,7199.88134765625
37655,7525.37255859375
37656,6933.234375
37657,7199.88134765625
37658,6977.9169921875
37659,6707.8876953125
37660,6977.9169921875
37661,9183.5224609375
37662,9183.5224609375
37663,9777.9150390625
37664,8134.02587890625
37665,7583.33984375
37666,7490.4365234375
37667,8522.9716796875
37668,7507.02392578125
37669,8239.3369140625
37670,7199.6875
37671,7905.41650390625
37672,7905.41650390625
37673,7158.31982421875
37674,6824.677734375
37675,8050.57861328125
37676,8239.3369140625
37677,7905.41650390625
37678,6969.83984375
37679,7358.8662109375
37680,6824.677734375
37681,8695.7421875
37682,7905.41650390625
37683,8863.626953125
37684,8879.265625
37685,8384.4990234375
37686,7835.7080078125
37687,8384.4990234375
37688,6554.6484375
37689,9123.841796875
37690,8050.57861328125
37691,7709.49609375
37692,7697.1591796875
37693,7750.296875
37694,7750.296875
37695,7798.5927734375
37696,8847.21484375
37697,7007.14697265625
37698,7652.18603515625
37699,7868.234375
37700,9105.642578125
37701,7583.33984375
37702,8384.4990234375
37703,7652.18603515625
37704,7905.41650390625
37705,8043.95849609375
37706,8027.7060546875
37707,7829.935546875
37708,7613.95849609375
37709,8508.6572265625
37710,7469.716796875
37711,7334.1435546875
37712,8742.0224609375
37713,7007.14697265625
37714,9587.2998046875
37715,9105.642578125
37716,7334.1435546875
37717,8239.3369140625
37718,7490.4365234375
37719,6824.677734375
37720,8822.8974609375
37721,8046.79736328125
37722,8668.1337890625
37723,8384.4990234375
37724,7798.5927734375
37725,7199.6875
37726,7900.92138671875
37727,7073.4130859375
37728,8022.806640625
37729,7718.4521484375
37730,8239.3369140625
37731,7098.1357421875
37732,7073.4130859375
37733,8295.533203125
37734,7073.4130859375
37735,7918.29150390625
37736,7739.171875
37737,8384.4990234375
37738,9663.7138671875
37739,7382.31298828125
37740,7900.92138671875
37741,7759.12060546875
37742,8455.4755859375
37743,7391.82958984375
37744,7832.0751953125
37745,8384.4990234375
37746,8239.3369140625
37747,8027.7060546875
37748,8050.57861328125
37749,7832.0751953125
37750,8668.1337890625
37751,7536.99169921875
37752,7448.4228515625
37753,8384.4990234375
37754,8239.3369140625
37755,7218.5751953125
37756,8027.7060546875
37757,7832.0751953125
37758,6948.5458984375
37759,7187.232421875
37760,7536.99169921875
37761,7073.4130859375
37762,7073.4130859375
37763,7832.0751953125
37764,7727.77783203125
37765,7255.88232421875
37766,7613.95849609375
37767,7073.4130859375
37768,7073.4130859375
37769,7391.82958984375
37770,7382.31298828125
37771,7832.0751953125
37772,7593.5849609375
37773,8239.3369140625
37774,8145.0185546875
37775,7536.99169921875
37776,8384.4990234375
37777,7218.5751953125
37778,8027.7060546875
37779,7832.0751953125
37780,7739.171875
37781,8384.4990234375
37782,6948.5458984375
37783,8239.3369140625
37784,8050.57861328125
37785,7900.92138671875
37786,8384.4990234375
37787,8239.3369140625
37788,8050.57861328125
37789,7073.4130859375
37790,6803.3837890625
37791,9006.671875
37792,7755.75927734375
37793,7187.232421875
37794,7073.4130859375
37795,7718.4521484375
37796,8649.44921875
37797,7110.72021484375
37798,7755.75927734375
37799,7755.75927734375
37800,9148.564453125
37801,7900.92138671875
37802,7110.72021484375
37803,7602.38916015625
37804,7755.75927734375
37805,8384.4990234375
37806,7519.96240234375
37807,8239.3369140625
37808,7063.833984375
37809,7900.92138671875
37810,7073.4130859375
37811,7073.4130859375
37812,7536.99169921875
37813,7856.7978515625
37814,8165.44384765625
37815,10978.8994140625
37816,7755.75927734375
37817,8050.57861328125
37818,7832.0751953125
37819,8167.96875
37820,8384.4990234375
37821,7110.72021484375
37822,8368.8740234375
37823,7755.75927734375
37824,7391.82958984375
37825,6770.3857421875
37826,8239.3369140625
37827,7536.99169921875
37828,7255.88232421875
37829,7925.72265625
37830,7918.29150390625
37831,7448.4228515625
37832,7562.5224609375
37833,7832.0751953125
37834,7832.0751953125
37835,8384.4990234375
37836,7536.99169921875
37837,7856.7978515625
37838,7718.4521484375
37839,8050.57861328125
37840,9923.376953125
37841,8384.4990234375
37842,8050.57861328125
37843,7832.0751953125
37844,7900.92138671875
37845,7110.72021484375
37846,7958.61083984375
37847,8477.919921875
37848,9114.2626953125
37849,7255.88232421875
37850,7958.61083984375
37851,7063.833984375
37852,9123.841796875
37853,7755.75927734375
37854,8678.078125
37855,7995.0703125
37856,8384.4990234375
37857,6948.5458984375
37858,12370.244140625
37859,10207.01171875
37860,9251.345703125
37861,7007.11669921875
37862,7334.1435546875
37863,9445.3193359375
37864,6880.640625
37865,12712.4609375
37866,12575.423828125
37867,7391.82958984375
37868,7110.72021484375
37869,7718.4521484375
37870,7755.75927734375
37871,12350.2255859375
37872,7646.02685546875
37873,8146.19189453125
37874,7166.0302734375
37875,7428.85693359375
37876,8050.57861328125
37877,8146.19189453125
37878,7536.99169921875
37879,8165.44384765625
37880,8384.4990234375
37881,6980.26806640625
37882,6770.3857421875
37883,7625.30712890625
37884,6980.26806640625
37885,7063.833984375
37886,7900.92138671875
37887,7662.6142578125
37888,7355.27783203125
37889,8490.521484375
37890,7017.5751953125
37891,7625.30712890625
37892,7900.92138671875
37893,8172.8681640625
37894,9671.787109375
37895,8146.19189453125
37896,8050.57861328125
37897,7646.02685546875
37898,7738.93017578125
37899,7298.6845703125
37900,7017.5751953125
37901,6980.26806640625
37902,7255.88232421875
37903,7298.6845703125
37904,8687.802734375
37905,7900.92138671875
37906,6710.23876953125
37907,7093.84619140625
37908,7900.92138671875
37909,6948.5458984375
37910,7545.5361328125
37911,10885.75390625
37912,7536.99169921875
37913,8415.51171875
37914,7255.88232421875
37915,7355.27783203125
37916,6980.26806640625
37917,7984.27099609375
37918,6955.79052734375
37919,8898.361328125
37920,8050.853515625
37921,15149.8515625
37922,10887.552734375
37923,7409.1376953125
37924,7922.724609375
37925,7409.1376953125
37926,8256.64453125
37927,8782.16796875
37928,8037.58984375
37929,7852.93212890625
37930,9303.1708984375
37931,9007.8837890625
37932,8256.64453125
37933,7631.2666015625
37934,7852.93212890625
37935,7224.48046875
37936,7224.48046875
37937,7409.1376953125
37938,8356.3701171875
37939,9141.1494140625
37940,8256.64453125
37941,7631.2666015625
37942,7832.21240234375
37943,8256.64453125
37944,12160.8251953125
37945,7409.1376953125
37946,7187.17333984375
37947,8256.64453125
37948,7922.724609375
37949,8256.64453125
37950,7224.48046875
37951,7409.1376953125
37952,7409.1376953125
37953,7631.2666015625
37954,9976.2138671875
37955,8256.64453125
37956,7869.51953125
37957,8568.0380859375
37958,13768.4169921875
37959,8427.73046875
37960,7967.34814453125
37961,9028.91015625
37962,8390.4228515625
37963,8814.85546875
37964,7770.1064453125
37965,8390.4228515625
37966,7982.18408203125
37967,8381.548828125
37968,7287.72216796875
37969,8994.1923828125
37970,7076.99072265625
37971,6950.01953125
37972,7595.05859375
37973,7134.6767578125
37974,6912.71240234375
37975,7134.6767578125
37976,6950.01953125
37977,6912.71240234375
37978,7428.125
37979,9000.0595703125
37980,8320.0322265625
37981,7986.1123046875
37982,9497.9853515625
37983,7472.525390625
37984,8320.0322265625
37985,8320.0322265625
37986,7765.9736328125
37987,7250.56103515625
37988,9327.443359375
37989,7472.525390625
37990,8320.0322265625
37991,7986.1123046875
37992,9204.537109375
37993,8845.5556640625
37994,9802.1142578125
37995,6980.53173828125
37996,8100.9775390625
37997,8320.0322265625
37998,8320.0322265625
37999,8302.6708984375
38000,8108.40185546875
38001,7287.8681640625
38002,8009.22314453125
38003,7287.8681640625
38004,7895.60009765625
38005,7275.28369140625
38006,8845.5556640625
38007,7714.0185546875
38008,9204.537109375
38009,8320.0322265625
38010,9845.6279296875
38011,7287.8681640625
38012,7250.56103515625
38013,7986.1123046875
38014,8108.40185546875
38015,8320.0322265625
38016,11059.5947265625
38017,7472.525390625
38018,7625.57080078125
38019,8760.8134765625
38020,7472.525390625
38021,7932.9072265625
38022,8320.0322265625
38023,8320.0322265625
38024,8603.6669921875
38025,8320.0322265625
38026,12430.9208984375
38027,7287.8681640625
38028,8320.0322265625
38029,8780.28515625
38030,9156.013671875
38031,7544.00927734375
38032,7472.525390625
38033,8320.0322265625
38034,7694.654296875
38035,7250.56103515625
38036,7472.525390625
38037,8320.0322265625
38038,6907.6669921875
38039,7694.654296875
38040,7250.56103515625
38041,7986.1123046875
38042,7287.8681640625
38043,9204.537109375
38044,7250.56103515625
38045,7497.248046875
38046,7472.525390625
38047,9204.537109375
38048,8760.8134765625
38049,9497.9853515625
38050,7714.0185546875
38051,7250.56103515625
38052,7986.1123046875
38053,7986.1123046875
38054,7287.8681640625
38055,8320.0322265625
38056,7895.60009765625
38057,8076.86376953125
38058,7463.0087890625
38059,7986.1123046875
38060,9153.744140625
38061,8603.6669921875
38062,7986.1123046875
38063,7414.83935546875
38064,7472.525390625
38065,7916.31982421875
38066,7986.1123046875
38067,8501.7587890625
38068,8713.388671875
38069,10535.90234375
38070,8713.388671875
38071,8713.388671875
38072,8713.388671875
38073,9597.89453125
38074,8713.388671875
38075,7643.91748046875
38076,8018.92724609375
38077,7865.8818359375
38078,7301.0234375
38079,8402.580078125
38080,7937.36572265625
38081,8159.330078125
38082,9255.0
38083,7681.224609375
38084,8402.580078125
38085,7865.8818359375
38086,8379.46875
38087,8713.388671875
38088,8016.40283203125
38089,8618.1337890625
38090,8016.40283203125
38091,6984.2392578125
38092,6676.90283203125
38093,8900.908203125
38094,6946.93212890625
38095,7610.54248046875
38096,7321.94189453125
38097,7629.2783203125
38098,16156.9189453125
38099,6604.0380859375
38100,7168.896484375
38101,9824.58203125
38102,6676.90283203125
38103,6946.93212890625
38104,7168.896484375
38105,7900.23486328125
38106,7236.62353515625
38107,7972.1748046875
38108,7236.62353515625
38109,7918.9697265625
38110,7236.62353515625
38111,7458.587890625
38112,7918.9697265625
38113,8202.6044921875
38114,10963.6962890625
38115,7918.9697265625
38116,9060.115234375
38117,7236.62353515625
38118,9215.3232421875
38119,10963.6962890625
38120,8622.193359375
38121,8306.09375
38122,7840.0830078125
38123,7458.587890625
38124,7680.716796875
38125,7881.66259765625
38126,8094.46435546875
38127,8975.373046875
38128,7261.34619140625
38129,9844.9736328125
38130,7273.9306640625
38131,7236.62353515625
38132,7618.11865234375
38133,7918.9697265625
38134,7273.9306640625
38135,7652.3916015625
38136,7273.9306640625
38137,7972.1748046875
38138,8288.7333984375
38139,7972.1748046875
38140,8306.09375
38141,7236.62353515625
38142,7458.587890625
38143,7690.97607421875
38144,8094.46435546875
38145,7273.9306640625
38146,8306.09375
38147,7236.62353515625
38148,8306.09375
38149,8306.09375
38150,7261.34619140625
38151,7458.587890625
38152,7611.63330078125
38153,7273.9306640625
38154,7530.07177734375
38155,7972.1748046875
38156,7918.9697265625
38157,7918.9697265625
38158,8306.09375
38159,7115.69384765625
38160,7425.62451171875
38161,8664.9150390625
38162,7273.9306640625
38163,9169.3466796875
38164,7652.3916015625
38165,8306.09375
38166,7236.62353515625
38167,8749.6572265625
38168,7972.1748046875
38169,7458.587890625
38170,7391.39208984375
38171,8694.9892578125
38172,7996.8974609375
38173,7995.28564453125
38174,7236.62353515625
38175,8306.09375
38176,7995.28564453125
38177,8306.09375
38178,8660.9462890625
38179,7400.90185546875
38180,8306.09375
38181,7902.38232421875
38182,7236.62353515625
38183,7972.1748046875
38184,8087.0400390625
38185,7236.62353515625
38186,7236.62353515625
38187,9332.6357421875
38188,7236.62353515625
38189,6966.59423828125
38190,8438.1884765625
38191,7115.69384765625
38192,7337.82275390625
38193,6893.7294921875
38194,8306.09375
38195,7918.9697265625
38196,8689.78515625
38197,7972.1748046875
38198,8684.38671875
38199,7261.34619140625
38200,7483.310546875
38201,7261.34619140625
38202,9572.0966796875
38203,7273.9306640625
38204,8664.9150390625
38205,7752.0361328125
38206,7236.62353515625
38207,7273.9306640625
38208,8689.78515625
38209,7273.9306640625
38210,7273.9306640625
38211,8306.09375
38212,7236.62353515625
38213,7902.38232421875
38214,7273.9306640625
38215,9236.142578125
38216,7458.587890625
38217,6966.59423828125
38218,9043.93359375
38219,7995.28564453125
38220,7400.90185546875
38221,8087.0400390625
38222,7680.716796875
38223,10760.3212890625
38224,7458.587890625
38225,8306.09375
38226,8306.09375
38227,7881.66259765625
38228,7273.9306640625
38229,8306.09375
38230,7902.38232421875
38231,8094.46435546875
38232,11769.1513671875
38233,8664.9150390625
38234,7400.90185546875
38235,8660.9462890625
38236,8306.09375
38237,7972.1748046875
38238,7918.9697265625
38239,8306.09375
38240,8306.09375
38241,7236.62353515625
38242,7972.1748046875
38243,7236.62353515625
38244,6966.59423828125
38245,7273.9306640625
38246,7652.3916015625
38247,7236.62353515625
38248,7996.8974609375
38249,12451.7958984375
38250,8306.09375
38251,8306.09375
38252,8660.9462890625
38253,7458.587890625
38254,8094.46435546875
38255,7875.41015625
38256,10128.6083984375
38257,8306.09375
38258,8306.09375
38259,8306.09375
38260,8713.2060546875
38261,10593.3662109375
38262,8202.6044921875
38263,8889.65625
38264,8749.6572265625
38265,8847.7060546875
38266,7972.1748046875
38267,6893.7294921875
38268,7458.587890625
38269,7618.11865234375
38270,7400.90185546875
38271,7261.34619140625
38272,7458.587890625
38273,8306.09375
38274,8306.09375
38275,7918.9697265625
38276,7902.38232421875
38277,7881.66259765625
38278,7261.34619140625
38279,8306.09375
38280,7236.62353515625
38281,8306.09375
38282,7881.66259765625
38283,6819.72607421875
38284,7972.1748046875
38285,7236.62353515625
38286,7458.587890625
38287,8186.01708984375
38288,8438.1884765625
38289,7918.9697265625
38290,7918.9697265625
38291,8306.09375
38292,8376.7802734375
38293,7995.28564453125
38294,6893.7294921875
38295,9215.3232421875
38296,7261.34619140625
38297,9484.048828125
38298,7458.587890625
38299,8353.6708984375
38300,8306.09375
38301,7918.9697265625
38302,7618.11865234375
38303,8306.09375
38304,8463.05859375
38305,8288.7333984375
38306,7273.9306640625
38307,7913.7607421875
38308,7178.20947265625
38309,8247.6806640625
38310,7936.87158203125
38311,9132.1875
38312,7178.20947265625
38313,7215.5166015625
38314,7913.7607421875
38315,8951.0029296875
38316,8295.2578125
38317,8247.6806640625
38318,7178.20947265625
38319,7400.173828125
38320,7178.20947265625
38321,7860.5556640625
38322,6908.18017578125
38323,7553.21923828125
38324,7215.5166015625
38325,6908.18017578125
38326,8144.1904296875
38327,8247.6806640625
38328,7693.6220703125
38329,7913.7607421875
38330,8531.3173828125
38331,7178.20947265625
38332,8247.6806640625
38333,7215.5166015625
38334,8531.3173828125
38335,7400.173828125
38336,8247.6806640625
38337,7400.173828125
38338,7553.21923828125
38339,7215.5166015625
38340,8036.05029296875
38341,6362.25830078125
38342,8247.6806640625
38343,8606.501953125
38344,7734.12548828125
38345,7553.21923828125
38346,8247.6806640625
38347,7961.59423828125
38348,8247.6806640625
38349,7843.96826171875
38350,7215.5166015625
38351,7215.5166015625
38352,7921.4521484375
38353,8916.9599609375
38354,8691.244140625
38355,8247.6806640625
38356,10905.283203125
38357,7400.173828125
38358,7215.5166015625
38359,8247.6806640625
38360,7981.44482421875
38361,8247.6806640625
38362,7938.4833984375
38363,8631.3720703125
38364,8631.3720703125
38365,10905.283203125
38366,7178.20947265625
38367,7913.7607421875
38368,8247.6806640625
38369,8247.6806640625
38370,8691.244140625
38371,7390.6572265625
38372,7057.27978515625
38373,8631.3720703125
38374,7860.5556640625
38375,7178.20947265625
38376,7471.65771484375
38377,7823.24853515625
38378,7215.5166015625
38379,7202.93212890625
38380,7913.7607421875
38381,7961.59423828125
38382,7400.173828125
38383,8247.6806640625
38384,9253.6572265625
38385,7913.7607421875
38386,7843.96826171875
38387,7913.7607421875
38388,8531.3173828125
38389,7961.59423828125
38390,7178.20947265625
38391,7823.24853515625
38392,7936.87158203125
38393,7178.20947265625
38394,7913.7607421875
38395,8247.6806640625
38396,7936.87158203125
38397,8247.6806640625
38398,7178.20947265625
38399,7202.93212890625
38400,9274.22265625
38401,7860.5556640625
38402,8207.2099609375
38403,8247.6806640625
38404,7559.70458984375
38405,7400.173828125
38406,7178.20947265625
38407,7215.5166015625
38408,8247.6806640625
38409,8464.517578125
38410,8606.501953125
38411,10534.953125
38412,8230.3203125
38413,7400.173828125
38414,7057.27978515625
38415,7178.20947265625
38416,8272.322265625
38417,8916.9599609375
38418,7913.7607421875
38419,7860.5556640625
38420,7202.93212890625
38421,7860.5556640625
38422,9939.1630859375
38423,7202.93212890625
38424,7367.21044921875
38425,6835.3154296875
38426,6505.13427734375
38427,7178.20947265625
38428,7936.87158203125
38429,7823.24853515625
38430,7178.20947265625
38431,7913.7607421875
38432,7471.65771484375
38433,7400.173828125
38434,8606.501953125
38435,7913.7607421875
38436,7860.5556640625
38437,8247.6806640625
38438,8024.17578125
38439,8606.501953125
38440,7913.7607421875
38441,7938.4833984375
38442,7913.7607421875
38443,6835.3154296875
38444,9177.7294921875
38445,7913.7607421875
38446,7367.21044921875
38447,7913.7607421875
38448,9873.2216796875
38449,9132.1875
38450,8247.6806640625
38451,8230.3203125
38452,7202.93212890625
38453,9691.31640625
38454,8916.9599609375
38455,7593.9775390625
38456,7400.173828125
38457,10220.9873046875
38458,8318.6025390625
38459,9023.4208984375
38460,7673.5615234375
38461,7178.20947265625
38462,6908.18017578125
38463,8379.775390625
38464,8036.05029296875
38465,6908.18017578125
38466,7400.173828125
38467,7559.70458984375
38468,7913.7607421875
38469,8379.775390625
38470,7400.173828125
38471,7936.87158203125
38472,7400.173828125
38473,7400.173828125
38474,8247.6806640625
38475,9007.0205078125
38476,7553.21923828125
38477,7400.173828125
38478,8247.6806640625
38479,8379.775390625
38480,8247.6806640625
38481,9513.68359375
38482,7178.20947265625
38483,7553.21923828125
38484,8247.6806640625
38485,7400.173828125
38486,9286.95703125
38487,7471.65771484375
38488,7913.7607421875
38489,7400.173828125
38490,8179.00537109375
38491,6908.18017578125
38492,7570.86669921875
38493,8302.0146484375
38494,7178.20947265625
38495,7400.173828125
38496,8606.501953125
38497,8606.501953125
38498,8755.595703125
38499,7673.5615234375
38500,8318.6025390625
38501,8755.595703125
38502,7981.44482421875
38503,7178.20947265625
38504,7400.173828125
38505,11710.73828125
38506,8493.43359375
38507,7202.93212890625
38508,8755.595703125
38509,7471.65771484375
38510,7400.173828125
38511,8379.775390625
38512,7365.8955078125
38513,7400.173828125
38514,7178.20947265625
38515,6908.18017578125
38516,7178.20947265625
38517,10051.1708984375
38518,9467.6103515625
38519,10645.5634765625
38520,8334.3193359375
38521,9413.904296875
38522,9388.3203125
38523,9865.8515625
38524,9337.587890625
38525,9865.8515625
38526,9030.2509765625
38527,9399.1904296875
38528,9599.25
38529,8973.31640625
38530,8522.5009765625
38531,9744.412109375
38532,9865.8515625
38533,9599.25
38534,8667.6630859375
38535,9052.7001953125
38536,8522.5009765625
38537,10526.306640625
38538,9399.1904296875
38539,10611.3056640625
38540,10519.828125
38541,10011.013671875
38542,9276.2119140625
38543,10011.013671875
38544,8452.53125
38545,10750.357421875
38546,9544.3525390625
38547,9203.2705078125
38548,9527.7236328125
38549,8886.1640625
38550,9594.9091796875
38551,9292.3671875
38552,10740.6083984375
38553,8905.0302734375
38554,9482.75
38555,9766.1171875
38556,10519.9658203125
38557,9413.904296875
38558,10011.013671875
38559,9482.75
38560,9599.25
38561,9737.7919921875
38562,9865.8515625
38563,9323.7099609375
38564,9107.732421875
38565,10402.05078125
38566,9300.2802734375
38567,9027.9775390625
38568,9952.162109375
38569,8905.0302734375
38570,11613.4345703125
38571,10519.9658203125
38572,8827.91796875
38573,9865.8515625
38574,9388.3203125
38575,8722.560546875
38576,10449.4130859375
38577,9794.4755859375
38578,10011.013671875
38579,10011.013671875
38580,9292.3671875
38581,9030.2509765625
38582,9731.484375
38583,8771.2353515625
38584,9637.0546875
38585,9549.0146484375
38586,9865.8515625
38587,8795.9580078125
38588,8771.2353515625
38589,10043.2099609375
38590,8771.2353515625
38591,9254.2177734375
38592,9637.0546875
38593,10011.013671875
38594,11157.48828125
38595,8876.0869140625
38596,9731.484375
38597,9252.89453125
38598,9895.978515625
38599,8885.603515625
38600,9662.638671875
38601,10011.013671875
38602,9865.8515625
38603,9865.8515625
38604,9744.412109375
38605,9662.638671875
38606,10011.013671875
38607,9030.765625
38608,9278.9853515625
38609,10011.013671875
38610,9865.8515625
38611,9116.45703125
38612,9865.8515625
38613,9662.638671875
38614,8846.427734375
38615,9085.1142578125
38616,9030.765625
38617,8971.294921875
38618,8971.294921875
38619,9662.638671875
38620,9221.5517578125
38621,8953.705078125
38622,9107.732421875
38623,8771.2353515625
38624,8971.294921875
38625,8885.603515625
38626,8876.0869140625
38627,9662.638671875
38628,9424.1474609375
38629,9865.8515625
38630,9480.9443359375
38631,9030.765625
38632,10011.013671875
38633,9116.45703125
38634,9865.8515625
38635,9662.638671875
38636,9637.0546875
38637,10011.013671875
38638,8846.427734375
38639,9865.8515625
38640,9744.412109375
38641,9731.484375
38642,10011.013671875
38643,9865.8515625
38644,9744.412109375
38645,8971.294921875
38646,8701.265625
38647,10929.6806640625
38648,9586.322265625
38649,8885.0546875
38650,8971.294921875
38651,9549.0146484375
38652,10089.9521484375
38653,8808.54296875
38654,9586.322265625
38655,9586.322265625
38656,10775.080078125
38657,9731.484375
38658,9008.6025390625
38659,9296.22265625
38660,9586.322265625
38661,10011.013671875
38662,9134.8984375
38663,9865.8515625
38664,8961.7158203125
38665,9731.484375
38666,8771.2353515625
38667,8771.2353515625
38668,9030.765625
38669,9687.361328125
38670,9659.2177734375
38671,13286.830078125
38672,9586.322265625
38673,9544.3525390625
38674,9662.638671875
38675,9582.1572265625
38676,10011.013671875
38677,8808.54296875
38678,10262.267578125
38679,9586.322265625
38680,8885.603515625
38681,8468.2080078125
38682,9865.8515625
38683,9030.765625
38684,8953.705078125
38685,9566.2841796875
38686,9762.9033203125
38687,9278.9853515625
38688,9256.35546875
38689,9662.638671875
38690,9662.638671875
38691,10011.013671875
38692,9030.765625
38693,9687.361328125
38694,9549.0146484375
38695,9744.412109375
38696,11617.2109375
38697,10011.013671875
38698,9744.412109375
38699,9662.638671875
38700,9731.484375
38701,9008.6025390625
38702,9773.6064453125
38703,10104.435546875
38704,10740.7783203125
38705,9153.7646484375
38706,9573.546875
38707,8761.65625
38708,10750.357421875
38709,9586.322265625
38710,10601.087890625
38711,9888.4638671875
38712,10011.013671875
38713,8646.3681640625
38714,14396.37890625
38715,11617.2109375
38716,10665.669921875
38717,8622.052734375
38718,8827.91796875
38719,11368.3291015625
38720,8990.1533203125
38721,12816.8134765625
38722,13406.560546875
38723,8885.603515625
38724,8808.54296875
38725,9549.0146484375
38726,9586.322265625
38727,14658.1552734375
38728,9543.91015625
38729,9772.70703125
38730,7864.4248046875
38731,9043.79296875
38732,9744.412109375
38733,9772.70703125
38734,9030.765625
38735,9659.2177734375
38736,10011.013671875
38737,8678.08984375
38738,8468.2080078125
38739,9455.869140625
38740,8678.08984375
38741,8961.7158203125
38742,9731.484375
38743,9493.177734375
38744,9185.83984375
38745,10135.07421875
38746,8715.3984375
38747,9455.869140625
38748,9731.484375
38749,10011.013671875
38750,11594.796875
38751,9772.70703125
38752,9744.412109375
38753,9543.91015625
38754,9569.494140625
38755,8792.458984375
38756,8715.3984375
38757,8878.150390625
38758,9153.7646484375
38759,8792.458984375
38760,10314.318359375
38761,9731.484375
38762,8408.060546875
38763,8931.9912109375
38764,9731.484375
38765,8846.427734375
38766,9039.310546875
38767,13193.685546875
38768,9030.765625
38769,10508.96484375
38770,8953.705078125
38771,9185.83984375
38772,8678.08984375
38773,9877.6640625
38774,8449.564453125
38775,10524.8759765625
38776,9544.6279296875
38777,14182.7275390625
38778,12917.02734375
38779,8902.9111328125
38780,9616.5576171875
38781,8902.9111328125
38782,9883.1591796875
38783,10811.642578125
38784,9531.36328125
38785,9550.7548828125
38786,11396.6240234375
38787,10448.38671875
38788,9883.1591796875
38789,9125.0400390625
38790,9550.7548828125
38791,9122.3623046875
38792,8922.302734375
38793,8902.9111328125
38794,9054.7646484375
38795,10767.6650390625
38796,9883.1591796875
38797,9125.0400390625
38798,9662.7744140625
38799,9883.1591796875
38800,14186.9599609375
38801,8902.9111328125
38802,9085.0546875
38803,9883.1591796875
38804,9616.5576171875
38805,9883.1591796875
38806,9122.3623046875
38807,8902.9111328125
38808,8902.9111328125
38809,9125.0400390625
38810,12099.283203125
38811,9883.1591796875
38812,9700.08203125
38813,10265.8603515625
38814,15794.5517578125
38815,10258.29296875
38816,9461.1220703125
38817,10673.462890625
38818,10220.9853515625
38819,10441.3701171875
38820,9467.9287109375
38821,10220.9853515625
38822,9608.6982421875
38823,10212.1123046875
38824,9118.2841796875
38825,10917.2021484375
38826,8570.7646484375
38827,8647.841796875
38828,9425.62109375
38829,8628.4501953125
38830,8810.59375
38831,8628.4501953125
38832,8847.9013671875
38833,8810.59375
38834,8921.8984375
38835,10440.5625
38836,9946.546875
38837,9679.9453125
38838,11124.5009765625
38839,8966.298828125
38840,9946.546875
38841,9946.546875
38842,9259.7470703125
38843,9148.4423828125
38844,10741.767578125
38845,8966.298828125
38846,9946.546875
38847,9479.8857421875
38848,10831.052734375
38849,10366.34375
38850,11925.18359375
38851,8678.353515625
38852,9594.7509765625
38853,9946.546875
38854,9946.546875
38855,10133.234375
38856,9946.546875
38857,8985.6904296875
38858,9839.7861328125
38859,9185.75
38860,9726.162109375
38861,9173.1650390625
38862,10366.34375
38863,9328.9541015625
38864,10831.052734375
38865,9946.546875
38866,11968.697265625
38867,8985.6904296875
38868,9148.4423828125
38869,9679.9453125
38870,9946.546875
38871,9946.546875
38872,13367.525390625
38873,8966.298828125
38874,9456.1328125
38875,9896.6806640625
38876,8966.298828125
38877,9763.4697265625
38878,9946.546875
38879,9946.546875
38880,9946.546875
38881,9946.546875
38882,14738.8505859375
38883,9185.75
38884,9946.546875
38885,10605.7099609375
38886,10981.4384765625
38887,9441.890625
38888,8966.298828125
38889,9946.546875
38890,9188.427734375
38891,8948.3828125
38892,8966.298828125
38893,9946.546875
38894,8605.48828125
38895,9188.427734375
38896,8948.3828125
38897,9679.9453125
38898,9185.75
38899,10831.052734375
38900,8948.3828125
38901,8991.021484375
38902,8966.298828125
38903,10831.052734375
38904,10605.42578125
38905,11124.5009765625
38906,9328.9541015625
38907,9148.4423828125
38908,9679.9453125
38909,9479.8857421875
38910,9185.75
38911,9946.546875
38912,9726.162109375
38913,8775.2578125
38914,8956.7822265625
38915,9679.9453125
38916,11113.9609375
38917,9946.546875
38918,9679.9453125
38919,8908.61328125
38920,8966.298828125
38921,9614.142578125
38922,9679.9453125
38923,10339.904296875
38924,10339.904296875
38925,11946.1015625
38926,10339.904296875
38927,10339.904296875
38928,10339.904296875
38929,11224.41015625
38930,10339.904296875
38931,9541.7998046875
38932,9849.490234375
38933,9359.65625
38934,8998.845703125
38935,10233.1435546875
38936,9635.1884765625
38937,9653.1044921875
38938,10881.515625
38939,9379.0478515625
38940,10233.1435546875
38941,9359.65625
38942,10073.302734375
38943,10339.904296875
38944,9642.91796875
38945,10926.0634765625
38946,9642.91796875
38947,8882.12109375
38948,8574.7841796875
38949,10527.423828125
38950,8644.75390625
38951,9131.330078125
38952,9152.50390625
38953,9459.8408203125
38954,16784.00390625
38955,8301.859375
38956,8662.669921875
38957,12132.51171875
38958,8374.724609375
38959,8844.8134765625
38960,8662.669921875
38961,9929.708984375
38962,8934.4462890625
38963,9666.0087890625
38964,8934.4462890625
38965,9749.533203125
38966,9134.505859375
38967,8952.3623046875
38968,9749.533203125
38969,9749.533203125
38970,13271.626953125
38971,9749.533203125
38972,10885.5400390625
38973,9134.505859375
38974,10841.8388671875
38975,12762.9404296875
38976,10715.646484375
38977,9932.6103515625
38978,9733.4775390625
38979,8952.3623046875
38980,9174.4912109375
38981,9712.2255859375
38982,9932.6103515625
38983,10415.8759765625
38984,8959.1689453125
38985,11538.8076171875
38986,9171.8134765625
38987,8934.4462890625
38988,9433.115234375
38989,9749.533203125
38990,9171.8134765625
38991,9482.955078125
38992,8971.75390625
38993,9666.0087890625
38994,10119.2978515625
38995,9666.0087890625
38996,9932.6103515625
38997,9134.505859375
38998,8952.3623046875
38999,8959.845703125
39000,9932.6103515625
39001,9171.8134765625
39002,9932.6103515625
39003,8934.4462890625
39004,9932.6103515625
39005,9932.6103515625
39006,8959.1689453125
39007,8952.3623046875
39008,9442.1962890625
39009,9171.8134765625
39010,9427.9541015625
39011,9666.0087890625
39012,9749.533203125
39013,9749.533203125
39014,9932.6103515625
39015,8609.4677734375
39016,9119.458984375
39017,10000.841796875
39018,9171.8134765625
39019,10809.9091796875
39020,9482.955078125
39021,9932.6103515625
39022,8934.4462890625
39023,10779.1318359375
39024,9666.0087890625
39025,8952.3623046875
39026,9206.388671875
39027,10617.9990234375
39028,9690.7314453125
39029,9825.849609375
39030,8934.4462890625
39031,9932.6103515625
39032,9825.849609375
39033,9932.6103515625
39034,10301.5087890625
39035,9094.736328125
39036,9932.6103515625
39037,9600.2060546875
39038,9134.505859375
39039,9666.0087890625
39040,9580.814453125
39041,8934.4462890625
39042,9134.505859375
39043,10163.7724609375
39044,9134.505859375
39045,8664.4169921875
39046,10082.7412109375
39047,8609.4677734375
39048,8831.5966796875
39049,8791.611328125
39050,9932.6103515625
39051,9749.533203125
39052,10515.2099609375
39053,9666.0087890625
39054,10509.8115234375
39055,8959.1689453125
39056,8977.0849609375
39057,8959.1689453125
39058,11598.2314453125
39059,8971.75390625
39060,10309.4677734375
39061,9245.810546875
39062,9134.505859375
39063,9171.8134765625
39064,10515.2099609375
39065,9171.8134765625
39066,8971.75390625
39067,9932.6103515625
39068,9134.505859375
39069,9800.265625
39070,9171.8134765625
39071,11159.15234375
39072,8952.3623046875
39073,8864.4765625
39074,10937.3271484375
39075,9825.849609375
39076,9094.736328125
39077,9580.814453125
39078,9174.4912109375
39079,12585.7470703125
39080,8952.3623046875
39081,9932.6103515625
39082,9932.6103515625
39083,9712.2255859375
39084,9171.8134765625
39085,9932.6103515625
39086,9600.2060546875
39087,9932.6103515625
39088,12600.2880859375
39089,10309.4677734375
39090,9094.736328125
39091,10101.44921875
39092,9932.6103515625
39093,9666.0087890625
39094,9749.533203125
39095,9932.6103515625
39096,9932.6103515625
39097,8934.4462890625
39098,9465.94921875
39099,9134.505859375
39100,8664.4169921875
39101,9171.8134765625
39102,9482.955078125
39103,8934.4462890625
39104,9690.7314453125
39105,14374.8056640625
39106,9932.6103515625
39107,9932.6103515625
39108,10101.44921875
39109,8952.3623046875
39110,9932.6103515625
39111,9580.814453125
39112,11538.8076171875
39113,9932.6103515625
39114,9932.6103515625
39115,9932.6103515625
39116,9411.6005859375
39117,12901.296875
39118,9749.533203125
39119,10516.171875
39120,10779.1318359375
39121,10474.2216796875
39122,9666.0087890625
39123,8791.611328125
39124,8952.3623046875
39125,9233.0556640625
39126,8894.6767578125
39127,8959.1689453125
39128,8952.3623046875
39129,9932.6103515625
39130,9932.6103515625
39131,9749.533203125
39132,9800.265625
39133,9712.2255859375
39134,9159.228515625
39135,9932.6103515625
39136,8934.4462890625
39137,9932.6103515625
39138,9712.2255859375
39139,8861.9189453125
39140,9666.0087890625
39141,8934.4462890625
39142,8952.3623046875
39143,9600.2060546875
39144,9774.115234375
39145,9749.533203125
39146,9749.533203125
39147,9932.6103515625
39148,10124.458984375
39149,9825.849609375
39150,8591.5517578125
39151,10841.8388671875
39152,9159.228515625
39153,11110.564453125
39154,8952.3623046875
39155,10447.1240234375
39156,9932.6103515625
39157,9749.533203125
39158,9233.0556640625
39159,9932.6103515625
39160,10288.4833984375
39161,10119.2978515625
39162,9171.8134765625
39163,9607.595703125
39164,8876.033203125
39165,9874.197265625
39166,9767.4365234375
39167,10758.703125
39168,9076.0927734375
39169,9113.400390625
39170,9607.595703125
39171,10874.0126953125
39172,10388.7109375
39173,9874.197265625
39174,8876.033203125
39175,8893.94921875
39176,9076.0927734375
39177,9691.1201171875
39178,8806.0634765625
39179,9383.783203125
39180,8913.3408203125
39181,8606.00390625
39182,9691.1201171875
39183,9874.197265625
39184,9187.3974609375
39185,9607.595703125
39186,9874.197265625
39187,9076.0927734375
39188,9874.197265625
39189,8913.3408203125
39190,9874.197265625
39191,8893.94921875
39192,9874.197265625
39193,8893.94921875
39194,9383.783203125
39195,8913.3408203125
39196,9874.197265625
39197,8271.7138671875
39198,9874.197265625
39199,10251.0546875
39200,9002.99609375
39201,9383.783203125
39202,9874.197265625
39203,9792.1591796875
39204,9874.197265625
39205,9741.8525390625
39206,8913.3408203125
39207,9113.400390625
39208,9814.84765625
39209,10357.462890625
39210,10720.71875
39211,9874.197265625
39212,13213.2138671875
39213,8893.94921875
39214,8913.3408203125
39215,9874.197265625
39216,9596.3828125
39217,9874.197265625
39218,9632.318359375
39219,10456.796875
39220,10456.796875
39221,12704.52734375
39222,9076.0927734375
39223,9607.595703125
39224,9874.197265625
39225,9874.197265625
39226,10212.0322265625
39227,8884.4326171875
39228,8551.0546875
39229,10456.796875
39230,9691.1201171875
39231,9076.0927734375
39232,9169.4814453125
39233,9653.8125
39234,8913.3408203125
39235,8900.755859375
39236,9607.595703125
39237,9792.1591796875
39238,8893.94921875
39239,9874.197265625
39240,11079.08203125
39241,9407.5361328125
39242,9741.8525390625
39243,9607.595703125
39244,9874.197265625
39245,9792.1591796875
39246,8876.033203125
39247,9653.8125
39248,9767.4365234375
39249,8876.033203125
39250,9607.595703125
39251,9874.197265625
39252,9767.4365234375
39253,9874.197265625
39254,8876.033203125
39255,9100.8154296875
39256,10105.359375
39257,9691.1201171875
39258,9700.984375
39259,9874.197265625
39260,9174.642578125
39261,8893.94921875
39262,9076.0927734375
39263,9113.400390625
39264,9874.197265625
39265,9985.3056640625
39266,9742.369140625
39267,12842.8837890625
39268,10060.884765625
39269,8893.94921875
39270,8551.0546875
39271,9076.0927734375
39272,10165.7158203125
39273,10357.462890625
39274,9607.595703125
39275,9691.1201171875
39276,9100.8154296875
39277,9691.1201171875
39278,11379.6650390625
39279,8900.755859375
39280,9061.0458984375
39281,8533.138671875
39282,7466.72021484375
39283,8876.033203125
39284,9767.4365234375
39285,9653.8125
39286,8876.033203125
39287,9607.595703125
39288,9169.4814453125
39289,8893.94921875
39290,10251.0546875
39291,9607.595703125
39292,9691.1201171875
39293,9874.197265625
39294,9565.484375
39295,9742.369140625
39296,9607.595703125
39297,9632.318359375
39298,9607.595703125
39299,8533.138671875
39300,11100.7392578125
39301,9607.595703125
39302,9061.0458984375
39303,9607.595703125
39304,11698.6474609375
39305,10758.703125
39306,9874.197265625
39307,10060.884765625
39308,8900.755859375
39309,11614.326171875
39310,10357.462890625
39311,9424.5419921875
39312,8893.94921875
39313,12528.91796875
39314,10149.1650390625
39315,10946.4306640625
39316,9371.3857421875
39317,8876.033203125
39318,8606.00390625
39319,9715.7021484375
39320,9874.197265625
39321,8806.0634765625
39322,8893.94921875
39323,9374.7021484375
39324,9607.595703125
39325,10024.328125
39326,8893.94921875
39327,9767.4365234375
39328,8893.94921875
39329,8893.94921875
39330,9874.197265625
39331,11130.08984375
39332,9383.783203125
39333,8893.94921875
39334,9874.197265625
39335,10024.328125
39336,9874.197265625
39337,11539.818359375
39338,8876.033203125
39339,9383.783203125
39340,9874.197265625
39341,8893.94921875
39342,11313.091796875
39343,9169.4814453125
39344,9607.595703125
39345,8893.94921875
39346,10102.0166015625
39347,8806.0634765625
39348,9064.6416015625
39349,10199.8974609375
39350,8876.033203125
39351,8893.94921875
39352,10451.1142578125
39353,10451.1142578125
39354,10382.1103515625
39355,9371.3857421875
39356,10149.1650390625
39357,10382.1103515625
39358,9596.3828125
39359,8876.033203125
39360,8893.94921875
39361,12541.875
39362,10416.443359375
39363,9100.8154296875
39364,10382.1103515625
39365,9169.4814453125
39366,8893.94921875
39367,9715.7021484375
39368,9259.291015625
39369,8893.94921875
39370,9076.0927734375
39371,8606.00390625
39372,8876.033203125
39373,11677.6875
39374,11094.125
39375,12272.080078125
39376,9828.09375
39377,0.0
39378,0.0
39379,0.0
39380,0.0
39381,0.0
39382,0.0
39383,0.0
39384,0.0
39385,0.0
39386,0.0
39387,0.0
39388,0.0
39389,0.0
39390,0.0
39391,0.0
39392,0.0
39393,0.0
39394,0.0
39395,0.0
39396,0.0
39397,0.0
39398,0.0
39399,0.0
39400,0.0
39401,0.0
39402,0.0
39403,0.0
39404,0.0
39405,0.0
39406,0.0
39407,0.0
39408,0.0
39409,0.0
39410,0.0
39411,0.0
39412,0.0
39413,0.0
39414,0.0
39415,0.0
39416,0.0
39417,0.0
39418,0.0
39419,0.0
39420,0.0
39421,0.0
39422,0.0
39423,0.0
39424,0.0
39425,0.0
39426,0.0
39427,0.0
39428,0.0
39429,0.0
39430,0.0
39431,0.0
39432,0.0
39433,0.0
39434,0.0
39435,0.0
39436,0.0
39437,0.0
39438,0.0
39439,0.0
39440,0.0
39441,0.0
39442,0.0
39443,0.0
39444,0.0
39445,0.0
39446,0.0
39447,0.0
39448,0.0
39449,0.0
39450,0.0
39451,0.0
39452,0.0
39453,0.0
39454,0.0
39455,0.0
39456,0.0
39457,0.0
39458,0.0
39459,0.0
39460,0.0
39461,0.0
39462,0.0
39463,0.0
39464,0.0
39465,0.0
39466,0.0
39467,0.0
39468,5859.50146484375
39469,0.0
39470,0.0
39471,0.0
39472,0.0
39473,0.0
39474,0.0
39475,0.0
39476,0.0
39477,0.0
39478,0.0
39479,0.0
39480,0.0
39481,0.0
39482,0.0
39483,0.0
39484,0.0
39485,0.0
39486,0.0
39487,0.0
39488,0.0
39489,0.0
39490,0.0
39491,0.0
39492,0.0
39493,0.0
39494,0.0
39495,0.0
39496,0.0
39497,0.0
39498,0.0
39499,0.0
39500,0.0
39501,0.0
39502,0.0
39503,0.0
39504,0.0
39505,0.0
39506,0.0
39507,0.0
39508,0.0
39509,0.0
39510,0.0
39511,0.0
39512,0.0
39513,0.0
39514,0.0
39515,0.0
39516,0.0
39517,0.0
39518,0.0
39519,0.0
39520,0.0
39521,0.0
39522,0.0
39523,0.0
39524,0.0
39525,0.0
39526,0.0
39527,0.0
39528,0.0
39529,0.0
39530,0.0
39531,0.0
39532,0.0
39533,0.0
39534,0.0
39535,0.0
39536,4719.41943359375
39537,0.0
39538,0.0
39539,0.0
39540,0.0
39541,0.0
39542,0.0
39543,0.0
39544,0.0
39545,0.0
39546,0.0
39547,0.0
39548,0.0
39549,0.0
39550,0.0
39551,0.0
39552,0.0
39553,0.0
39554,0.0
39555,0.0
39556,0.0
39557,0.0
39558,0.0
39559,0.0
39560,0.0
39561,0.0
39562,0.0
39563,0.0
39564,0.0
39565,0.0
39566,0.0
39567,0.0
39568,0.0
39569,0.0
39570,0.0
39571,0.0
39572,0.0
39573,0.0
39574,0.0
39575,0.0
39576,0.0
39577,13835.044921875
39578,18052.908203125
39579,0.0
39580,0.0
39581,0.0
39582,0.0
39583,0.0
39584,0.0
39585,0.0
39586,7752.12841796875
39587,0.0
39588,0.0
39589,0.0
39590,0.0
39591,0.0
39592,0.0
39593,0.0
39594,0.0
39595,0.0
39596,0.0
39597,0.0
39598,0.0
39599,0.0
39600,0.0
39601,0.0
39602,0.0
39603,0.0
39604,0.0
39605,6004.66357421875
39606,0.0
39607,0.0
39608,0.0
39609,0.0
39610,0.0
39611,0.0
39612,0.0
39613,0.0
39614,0.0
39615,4857.4111328125
39616,0.0
39617,0.0
39618,0.0
39619,0.0
39620,0.0
39621,0.0
39622,0.0
39623,0.0
39624,0.0
39625,0.0
39626,0.0
39627,0.0
39628,0.0
39629,0.0
39630,0.0
39631,0.0
39632,0.0
39633,10928.9267578125
39634,0.0
39635,0.0
39636,0.0
39637,0.0
39638,0.0
39639,0.0
39640,0.0
39641,0.0
39642,0.0
39643,0.0
39644,0.0
39645,0.0
39646,0.0
39647,0.0
39648,0.0
39649,0.0
39650,7092.33251953125
39651,0.0
39652,0.0
39653,0.0
39654,0.0
39655,0.0
39656,0.0
39657,0.0
39658,0.0
39659,0.0
39660,0.0
39661,0.0
39662,0.0
39663,0.0
39664,0.0
39665,0.0
39666,0.0
39667,0.0
39668,0.0
39669,0.0
39670,0.0
39671,0.0
39672,0.0
39673,0.0
39674,0.0
39675,0.0
39676,0.0
39677,0.0
39678,0.0
39679,0.0
39680,0.0
39681,0.0
39682,0.0
39683,0.0
39684,0.0
39685,0.0
39686,0.0
39687,0.0
39688,0.0
39689,0.0
39690,0.0
39691,0.0
39692,0.0
39693,0.0
39694,0.0
39695,0.0
39696,0.0
39697,0.0
39698,0.0
39699,0.0
39700,0.0
39701,0.0
39702,0.0
39703,0.0
39704,0.0
39705,0.0
39706,0.0
39707,0.0
39708,0.0
39709,0.0
39710,0.0
39711,0.0
39712,5453.9833984375
39713,0.0
39714,0.0
39715,0.0
39716,0.0
39717,0.0
39718,0.0
39719,0.0
39720,0.0
39721,0.0
39722,0.0
39723,0.0
39724,0.0
39725,0.0
39726,5837.32861328125
39727,0.0
39728,0.0
39729,0.0
39730,0.0
39731,0.0
39732,0.0
39733,0.0
39734,0.0
39735,0.0
39736,0.0
39737,0.0
39738,0.0
39739,0.0
39740,0.0
39741,0.0
39742,0.0
39743,0.0
39744,0.0
39745,0.0
39746,0.0
39747,0.0
39748,0.0
39749,0.0
39750,0.0
39751,0.0
39752,0.0
39753,0.0
39754,0.0
39755,0.0
39756,0.0
39757,0.0
39758,0.0
39759,0.0
39760,0.0
39761,0.0
39762,0.0
39763,0.0
39764,0.0
39765,0.0
39766,0.0
39767,0.0
39768,0.0
39769,7590.986328125
39770,0.0
39771,0.0
39772,0.0
39773,0.0
39774,0.0
39775,0.0
39776,0.0
39777,0.0
39778,0.0
39779,5837.32861328125
39780,0.0
39781,0.0
39782,0.0
39783,6048.95849609375
39784,0.0
39785,0.0
39786,0.0
39787,0.0
39788,0.0
39789,0.0
39790,0.0
39791,0.0
39792,0.0
39793,0.0
39794,0.0
39795,0.0
39796,0.0
39797,0.0
39798,0.0
39799,0.0
39800,0.0
39801,0.0
39802,0.0
39803,0.0
39804,0.0
39805,0.0
39806,0.0
39807,0.0
39808,0.0
39809,0.0
39810,15665.1640625
39811,0.0
39812,0.0
39813,0.0
39814,0.0
39815,0.0
39816,0.0
39817,0.0
39818,0.0
39819,0.0
39820,0.0
39821,0.0
39822,0.0
39823,0.0
39824,5324.291015625
39825,0.0
39826,0.0
39827,0.0
39828,0.0
39829,0.0
39830,0.0
39831,0.0
39832,0.0
39833,0.0
39834,0.0
39835,0.0
39836,0.0
39837,0.0
39838,0.0
39839,0.0
39840,0.0
39841,0.0
39842,0.0
39843,0.0
39844,0.0
39845,0.0
39846,0.0
39847,0.0
39848,0.0
39849,0.0
39850,0.0
39851,0.0
39852,0.0
39853,0.0
39854,0.0
39855,0.0
39856,0.0
39857,0.0
39858,0.0
39859,0.0
39860,0.0
39861,0.0
39862,0.0
39863,0.0
39864,0.0
39865,0.0
39866,0.0
39867,0.0
39868,0.0
39869,0.0
39870,0.0
39871,0.0
39872,0.0
39873,0.0
39874,0.0
39875,0.0
39876,0.0
39877,0.0
39878,0.0
39879,0.0
39880,0.0
39881,0.0
39882,0.0
39883,0.0
39884,0.0
39885,0.0
39886,0.0
39887,0.0
39888,0.0
39889,0.0
39890,0.0
39891,0.0
39892,0.0
39893,0.0
39894,0.0
39895,0.0
39896,0.0
39897,0.0
39898,0.0
39899,10025.05859375
39900,0.0
39901,0.0
39902,0.0
39903,0.0
39904,0.0
39905,0.0
39906,0.0
39907,0.0
39908,0.0
39909,0.0
39910,0.0
39911,0.0
39912,0.0
39913,0.0
39914,0.0
39915,0.0
39916,0.0
39917,0.0
39918,0.0
39919,0.0
39920,0.0
39921,0.0
39922,0.0
39923,0.0
39924,0.0
39925,0.0
39926,0.0
39927,0.0
39928,0.0
39929,0.0
39930,0.0
39931,0.0
39932,0.0
39933,0.0
39934,0.0
39935,0.0
39936,0.0
39937,0.0
39938,0.0
39939,0.0
39940,0.0
39941,0.0
39942,0.0
39943,5837.32861328125
39944,12709.2490234375
39945,0.0
39946,0.0
39947,0.0
39948,0.0
39949,0.0
39950,0.0
39951,0.0
39952,0.0
39953,0.0
39954,0.0
39955,0.0
39956,0.0
39957,0.0
39958,0.0
39959,0.0
39960,0.0
39961,0.0
39962,0.0
39963,0.0
39964,0.0
39965,0.0
39966,0.0
39967,0.0
39968,0.0
39969,0.0
39970,0.0
39971,0.0
39972,7590.986328125
39973,0.0
39974,0.0
39975,0.0
39976,0.0
39977,0.0
39978,0.0
39979,0.0
39980,0.0
39981,0.0
39982,0.0
39983,0.0
39984,0.0
39985,0.0
39986,0.0
39987,0.0
39988,0.0
39989,0.0
39990,0.0
39991,0.0
39992,0.0
39993,0.0
39994,0.0
39995,0.0
39996,0.0
39997,0.0
39998,0.0
39999,0.0
40000,0.0
40001,0.0
40002,0.0
40003,0.0
40004,0.0
40005,0.0
40006,0.0
40007,0.0
40008,0.0
40009,0.0
40010,0.0
40011,0.0
40012,0.0
40013,0.0
40014,0.0
40015,0.0
40016,0.0
40017,0.0
40018,0.0
40019,0.0
40020,0.0
40021,0.0
40022,0.0
40023,0.0
40024,0.0
40025,0.0
40026,0.0
40027,0.0
40028,0.0
40029,0.0
40030,0.0
40031,0.0
40032,0.0
40033,0.0
40034,0.0
40035,0.0
40036,0.0
40037,0.0
40038,0.0
40039,0.0
40040,0.0
40041,0.0
40042,5890.833984375
40043,0.0
40044,0.0
40045,0.0
40046,5890.833984375
40047,0.0
40048,0.0
40049,0.0
40050,0.0
40051,0.0
40052,0.0
40053,0.0
40054,0.0
40055,0.0
40056,0.0
40057,0.0
40058,0.0
40059,0.0
40060,0.0
40061,0.0
40062,0.0
40063,0.0
40064,0.0
40065,0.0
40066,0.0
40067,0.0
40068,0.0
40069,0.0
40070,0.0
40071,0.0
40072,0.0
40073,0.0
40074,0.0
40075,0.0
40076,0.0
40077,0.0
40078,0.0
40079,0.0
40080,0.0
40081,0.0
40082,0.0
40083,0.0
40084,0.0
40085,0.0
40086,0.0
40087,0.0
40088,0.0
40089,0.0
40090,0.0
40091,0.0
40092,0.0
40093,0.0
40094,0.0
40095,0.0
40096,0.0
40097,5103.080078125
40098,0.0
40099,0.0
40100,0.0
40101,0.0
40102,0.0
40103,0.0
40104,0.0
40105,0.0
40106,0.0
40107,0.0
40108,0.0
40109,0.0
40110,0.0
40111,0.0
40112,9966.6455078125
40113,0.0
40114,0.0
40115,0.0
40116,0.0
40117,0.0
40118,0.0
40119,0.0
40120,0.0
40121,0.0
40122,0.0
40123,0.0
40124,0.0
40125,0.0
40126,0.0
40127,0.0
40128,0.0
40129,0.0
40130,0.0
40131,0.0
40132,0.0
40133,0.0
40134,0.0
40135,0.0
40136,0.0
40137,0.0
40138,0.0
40139,0.0
40140,0.0
40141,0.0
40142,0.0
40143,0.0
40144,0.0
40145,0.0
40146,0.0
40147,0.0
40148,0.0
40149,0.0
40150,0.0
40151,0.0
40152,0.0
40153,0.0
40154,0.0
40155,0.0
40156,0.0
40157,0.0
40158,0.0
40159,0.0
40160,0.0
40161,0.0
40162,0.0
40163,0.0
40164,0.0
40165,0.0
40166,0.0
40167,0.0
40168,0.0
40169,0.0
40170,0.0
40171,0.0
40172,0.0
40173,0.0
40174,0.0
40175,0.0
40176,5778.91455078125
40177,0.0
40178,0.0
40179,0.0
40180,0.0
40181,0.0
40182,0.0
40183,0.0
40184,0.0
40185,0.0
40186,0.0
40187,0.0
40188,0.0
40189,0.0
40190,0.0
40191,0.0
40192,0.0
40193,0.0
40194,0.0
40195,0.0
40196,0.0
40197,0.0
40198,0.0
40199,0.0
40200,0.0
40201,0.0
40202,0.0
40203,0.0
40204,0.0
40205,0.0
40206,0.0
40207,0.0
40208,0.0
40209,0.0
40210,0.0
40211,0.0
40212,0.0
40213,0.0
40214,0.0
40215,0.0
40216,0.0
40217,12650.8359375
40218,5748.5283203125
40219,0.0
40220,0.0
40221,0.0
40222,0.0
40223,0.0
40224,0.0
40225,0.0
40226,0.0
40227,0.0
40228,0.0
40229,0.0
40230,0.0
40231,0.0
40232,0.0
40233,6334.6884765625
40234,5326.0908203125
40235,6891.638671875
40236,5809.5615234375
40237,7065.6103515625
40238,5809.5615234375
40239,6354.4560546875
40240,6354.4560546875
40241,4933.24951171875
40242,4787.2880859375
40243,6651.82666015625
40244,7065.6103515625
40245,6506.66455078125
40246,5416.7666015625
40247,5783.18310546875
40248,4787.2880859375
40249,7482.5966796875
40250,6506.66455078125
40251,7712.30078125
40252,6495.29931640625
40253,7210.7724609375
40254,5451.74267578125
40255,7210.7724609375
40256,4504.23046875
40257,8232.0146484375
40258,6651.82666015625
40259,6133.81298828125
40260,6448.5078125
40261,4979.40966796875
40262,4979.40966796875
40263,6247.63232421875
40264,7089.2646484375
40265,5568.97509765625
40266,6439.0400390625
40267,6315.1611328125
40268,7248.544921875
40269,5850.3720703125
40270,6753.166015625
40271,6439.0400390625
40272,6506.66455078125
40273,6468.275390625
40274,6396.3740234375
40275,6431.18359375
40276,6215.20654296875
40277,6750.70703125
40278,5809.5615234375
40279,5500.12548828125
40280,7101.41259765625
40281,5568.97509765625
40282,8566.0703125
40283,7248.544921875
40284,5783.18310546875
40285,7065.6103515625
40286,5326.0908203125
40287,4787.2880859375
40288,7931.06982421875
40289,6448.7998046875
40290,7036.80078125
40291,6753.166015625
40292,6247.63232421875
40293,5809.5615234375
40294,6687.775390625
40295,5188.23193359375
40296,5858.4609375
40297,6058.296875
40298,7065.6103515625
40299,5300.3955078125
40300,5188.23193359375
40301,6697.53515625
40302,5672.54833984375
40303,5594.0751953125
40304,5574.826171875
40305,6753.166015625
40306,7270.95458984375
40307,5831.3525390625
40308,6230.1689453125
40309,6360.36865234375
40310,5809.39697265625
40311,5993.07763671875
40312,6011.21484375
40313,7210.7724609375
40314,7065.6103515625
40315,6396.3740234375
40316,6651.82666015625
40317,6099.107421875
40318,7036.80078125
40319,6138.23974609375
40320,6058.296875
40321,7210.7724609375
40322,7065.6103515625
40323,5665.501953125
40324,6396.3740234375
40325,6099.107421875
40326,5382.4443359375
40327,5634.1591796875
40328,5986.03125
40329,5188.23193359375
40330,5520.33984375
40331,6583.423828125
40332,6176.8173828125
40333,5817.71044921875
40334,5627.73193359375
40335,5036.0234375
40336,5036.0234375
40337,5840.869140625
40338,5831.3525390625
40339,6099.107421875
40340,6687.775390625
40341,6608.00390625
40342,5374.130859375
40343,6138.23974609375
40344,7210.7724609375
40345,5817.71044921875
40346,6396.3740234375
40347,6099.107421875
40348,5139.56005859375
40349,6753.166015625
40350,5817.71044921875
40351,7065.6103515625
40352,6216.560546875
40353,6687.775390625
40354,6753.166015625
40355,7065.6103515625
40356,6651.82666015625
40357,5036.0234375
40358,5188.23193359375
40359,7149.57470703125
40360,6058.296875
40361,5198.89306640625
40362,5036.0234375
40363,6058.296875
40364,6003.37060546875
40365,5188.23193359375
40366,6542.61328125
40367,6058.296875
40368,8232.0146484375
40369,6687.775390625
40370,5188.23193359375
40371,6051.4287109375
40372,6058.296875
40373,7210.7724609375
40374,5283.4873046875
40375,6608.00390625
40376,4782.04638671875
40377,6687.775390625
40378,5036.0234375
40379,5036.0234375
40380,6138.23974609375
40381,6363.4794921875
40382,6089.56787109375
40383,9317.7880859375
40384,6542.61328125
40385,6360.36865234375
40386,6099.107421875
40387,6487.939453125
40388,7210.7724609375
40389,5188.23193359375
40390,6062.998046875
40391,6058.296875
40392,5993.07763671875
40393,4782.04638671875
40394,6608.00390625
40395,6138.23974609375
40396,5817.71044921875
40397,5291.0478515625
40398,5594.0751953125
40399,6542.61328125
40400,6354.4560546875
40401,6099.107421875
40402,6099.107421875
40403,6753.166015625
40404,6138.23974609375
40405,6363.4794921875
40406,6058.296875
40407,6216.560546875
40408,7530.6171875
40409,7210.7724609375
40410,6216.560546875
40411,6099.107421875
40412,6687.775390625
40413,5188.23193359375
40414,5286.86962890625
40415,7928.9873046875
40416,7928.9873046875
40417,5817.71044921875
40418,5286.86962890625
40419,5217.3125
40420,8232.0146484375
40421,6542.61328125
40422,6874.55517578125
40423,6237.1201171875
40424,6753.166015625
40425,5382.4443359375
40426,10936.0234375
40427,7378.98583984375
40428,6958.9833984375
40429,5217.3125
40430,5500.12548828125
40431,7850.33642578125
40432,4716.294921875
40433,11799.5595703125
40434,16017.423828125
40435,5840.869140625
40436,5188.23193359375
40437,6542.61328125
40438,6058.296875
40439,10689.1142578125
40440,5481.68115234375
40441,6972.46533203125
40442,4864.072265625
40443,5639.052734375
40444,6216.560546875
40445,6972.46533203125
40446,5986.03125
40447,6524.833984375
40448,7210.7724609375
40449,4942.87841796875
40450,5217.3125
40451,5965.15185546875
40452,5579.4033203125
40453,5217.3125
40454,6687.775390625
40455,5965.15185546875
40456,5965.15185546875
40457,6154.900390625
40458,4659.82080078125
40459,5965.15185546875
40460,6230.1689453125
40461,6541.5361328125
40462,7814.69140625
40463,6972.46533203125
40464,6499.6181640625
40465,5046.4150390625
40466,5918.06982421875
40467,5899.9326171875
40468,5095.0869140625
40469,4942.87841796875
40470,5382.4443359375
40471,5747.72412109375
40472,8138.86962890625
40473,6687.775390625
40474,4659.82080078125
40475,5462.51416015625
40476,6687.775390625
40477,5817.71044921875
40478,5969.85302734375
40479,9224.642578125
40480,5702.9736328125
40481,6222.2958984375
40482,5382.4443359375
40483,5965.15185546875
40484,4942.87841796875
40485,5969.85302734375
40486,5747.72412109375
40487,7724.63427734375
40488,6652.1015625
40489,10654.30078125
40490,9062.666015625
40491,5575.11962890625
40492,6371.76416015625
40493,5858.17724609375
40494,7082.91845703125
40495,6957.28125
40496,6396.97998046875
40497,6172.90283203125
40498,7545.22119140625
40499,6361.8056640625
40500,7082.91845703125
40501,6232.5146484375
40502,5688.58642578125
40503,5786.30859375
40504,4866.72607421875
40505,6010.3857421875
40506,6817.70556640625
40507,8249.322265625
40508,7082.91845703125
40509,5797.24853515625
40510,6172.05712890625
40511,7082.91845703125
40512,10953.3310546875
40513,5768.52783203125
40514,5351.04248046875
40515,7082.91845703125
40516,5936.498046875
40517,7082.91845703125
40518,5786.30859375
40519,5422.9111328125
40520,6010.3857421875
40521,6232.5146484375
40522,7683.85205078125
40523,7082.91845703125
40524,6656.37353515625
40525,6530.6484375
40526,12334.1962890625
40527,7214.583984375
40528,6416.3876953125
40529,7139.96044921875
40530,6730.267578125
40531,7641.12890625
40532,5537.10009765625
40533,6730.267578125
40534,6808.45751953125
40535,7168.40283203125
40536,5897.59619140625
40537,6701.83056640625
40538,5526.0302734375
40539,5027.53125
40540,5897.59619140625
40541,5583.71630859375
40542,4875.32275390625
40543,5300.65869140625
40544,4592.26513671875
40545,4924.373046875
40546,5583.71630859375
40547,7062.765625
40548,7146.30615234375
40549,6587.3603515625
40550,8312.7099609375
40551,6073.7734375
40552,7146.30615234375
40553,7146.30615234375
40554,5921.56494140625
40555,4777.9052734375
40556,7697.07421875
40557,6073.7734375
40558,7146.30615234375
40559,6435.15185546875
40560,8312.7099609375
40561,7020.6689453125
40562,8207.130859375
40563,5849.6962890625
40564,6460.36767578125
40565,7146.30615234375
40566,7146.30615234375
40567,6540.62744140625
40568,6477.06982421875
40569,5365.3798828125
40570,6276.25537109375
40571,5414.43017578125
40572,6719.76123046875
40573,5262.2216796875
40574,7020.6689453125
40575,5042.27734375
40576,8312.7099609375
40577,7146.30615234375
40578,8278.4833984375
40579,5849.6962890625
40580,5365.3798828125
40581,5999.8857421875
40582,6477.06982421875
40583,7146.30615234375
40584,9398.4833984375
40585,6073.7734375
40586,6719.76123046875
40587,6279.87841796875
40588,5921.56494140625
40589,6235.44482421875
40590,7146.30615234375
40591,7146.30615234375
40592,6972.33447265625
40593,7146.30615234375
40594,10769.8095703125
40595,5414.43017578125
40596,7146.30615234375
40597,6644.939453125
40598,7020.6689453125
40599,5697.48779296875
40600,5638.50732421875
40601,6688.69970703125
40602,6295.90234375
40603,5213.17138671875
40604,5921.56494140625
40605,7146.30615234375
40606,5477.54345703125
40607,6295.90234375
40608,5213.17138671875
40609,6435.15185546875
40610,5849.6962890625
40611,8312.7099609375
40612,5213.17138671875
40613,5486.298828125
40614,6073.7734375
40615,8312.7099609375
40616,6715.14453125
40617,8312.7099609375
40618,5042.27734375
40619,4777.9052734375
40620,6587.3603515625
40621,6435.15185546875
40622,5365.3798828125
40623,7146.30615234375
40624,6235.44482421875
40625,7316.35986328125
40626,5912.04833984375
40627,6152.09423828125
40628,6982.33203125
40629,6972.33447265625
40630,6587.3603515625
40631,6016.08740234375
40632,6073.7734375
40633,6236.29052734375
40634,6587.3603515625
40635,6870.42626953125
40636,7539.66259765625
40637,8143.14208984375
40638,7539.66259765625
40639,7082.05615234375
40640,7539.66259765625
40641,8706.06640625
40642,7539.66259765625
40643,6090.84423828125
40644,6628.80126953125
40645,6031.86376953125
40646,5870.89990234375
40647,6669.61181640625
40648,5870.89990234375
40649,6314.92138671875
40650,8706.06640625
40651,5758.736328125
40652,7153.92822265625
40653,6031.86376953125
40654,6980.716796875
40655,7539.66259765625
40656,6842.67724609375
40657,8115.1328125
40658,6842.67724609375
40659,5061.7509765625
40660,5546.0673828125
40661,8009.0810546875
40662,5393.85888671875
40663,6717.0400390625
40664,5931.81591796875
40665,5958.52587890625
40666,15727.2978515625
40667,5173.91455078125
40668,5770.14453125
40669,9094.8544921875
40670,5061.7509765625
40671,4958.5927734375
40672,5770.14453125
40673,7006.7314453125
40674,5683.55029296875
40675,6573.4228515625
40676,5199.23388671875
40677,6705.82373046875
40678,5199.23388671875
40679,5907.62744140625
40680,6705.82373046875
40681,6531.85205078125
40682,9384.546875
40683,6221.50732421875
40684,7006.7314453125
40685,5683.55029296875
40686,8298.7724609375
40687,9384.546875
40688,7172.93115234375
40689,6674.76220703125
40690,5472.361328125
40691,6059.8359375
40692,6281.96484375
40693,6221.50732421875
40694,6463.13232421875
40695,6701.20703125
40696,5683.55029296875
40697,7016.947265625
40698,5835.7587890625
40699,5351.4423828125
40700,5463.60595703125
40701,6705.82373046875
40702,5835.7587890625
40703,6526.68994140625
40704,5351.4423828125
40705,6573.4228515625
40706,6746.63427734375
40707,6573.4228515625
40708,7132.36865234375
40709,4763.9677734375
40710,6059.8359375
40711,6157.919921875
40712,6463.13232421875
40713,5351.4423828125
40714,7132.36865234375
40715,4763.9677734375
40716,7132.36865234375
40717,7132.36865234375
40718,5683.55029296875
40719,6059.8359375
40720,6221.50732421875
40721,5835.7587890625
40722,5683.55029296875
40723,6138.15673828125
40724,6705.82373046875
40725,6221.50732421875
40726,7132.36865234375
40727,5907.62744140625
40728,5849.94140625
40729,6265.94091796875
40730,5835.7587890625
40731,6722.02783203125
40732,6526.68994140625
40733,7132.36865234375
40734,5199.23388671875
40735,7006.7314453125
40736,6138.15673828125
40737,5472.361328125
40738,5683.55029296875
40739,7698.64501953125
40740,6421.21435546875
40741,6746.63427734375
40742,5199.23388671875
40743,7132.36865234375
40744,6746.63427734375
40745,7132.36865234375
40746,6648.89306640625
40747,6002.14990234375
40748,7132.36865234375
40749,6222.35302734375
40750,4763.9677734375
40751,6421.21435546875
40752,6011.1640625
40753,4916.17626953125
40754,5199.23388671875
40755,7660.8251953125
40756,5248.2841796875
40757,5835.7587890625
40758,6921.1513671875
40759,5907.62744140625
40760,6129.75634765625
40761,5463.60595703125
40762,7132.36865234375
40763,6248.21728515625
40764,6636.40087890625
40765,6573.4228515625
40766,6631.001953125
40767,5683.55029296875
40768,5907.62744140625
40769,5463.60595703125
40770,8632.8291015625
40771,5835.7587890625
40772,6701.20703125
40773,5907.62744140625
40774,5683.55029296875
40775,4916.17626953125
40776,6636.40087890625
40777,4916.17626953125
40778,5835.7587890625
40779,7132.36865234375
40780,5683.55029296875
40781,6222.35302734375
40782,5351.4423828125
40783,7750.958984375
40784,6059.8359375
40785,5835.7587890625
40786,7594.67138671875
40787,6262.31787109375
40788,5566.8837890625
40789,6011.1640625
40790,6281.96484375
40791,8706.9375
40792,5624.56982421875
40793,7132.36865234375
40794,6674.76220703125
40795,6221.50732421875
40796,5593.90087890625
40797,7132.36865234375
40798,5738.03662109375
40799,6463.13232421875
40800,12434.623046875
40801,6701.20703125
40802,5849.94140625
40803,6386.77978515625
40804,7132.36865234375
40805,6573.4228515625
40806,6705.82373046875
40807,7132.36865234375
40808,7132.36865234375
40809,5199.23388671875
40810,6573.4228515625
40811,5835.7587890625
40812,5351.4423828125
40813,5835.7587890625
40814,6526.68994140625
40815,4763.9677734375
40816,6421.21435546875
40817,11228.7265625
40818,7132.36865234375
40819,6674.76220703125
40820,5951.513671875
40821,5907.62744140625
40822,6463.13232421875
40823,6234.80029296875
40824,7735.84814453125
40825,7132.36865234375
40826,7132.36865234375
40827,7132.36865234375
40828,7316.35986328125
40829,9014.216796875
40830,6047.53564453125
40831,7997.828125
40832,7006.7314453125
40833,8298.7724609375
40834,6573.4228515625
40835,5683.55029296875
40836,6059.8359375
40837,5463.60595703125
40838,6002.14990234375
40839,5463.60595703125
40840,5472.361328125
40841,7132.36865234375
40842,7132.36865234375
40843,6221.50732421875
40844,5787.0869140625
40845,6705.82373046875
40846,5683.55029296875
40847,7132.36865234375
40848,5199.23388671875
40849,7132.36865234375
40850,6705.82373046875
40851,5148.9736328125
40852,5985.9482421875
40853,5683.55029296875
40854,5907.62744140625
40855,6505.98779296875
40856,6485.88525390625
40857,6221.50732421875
40858,6221.50732421875
40859,7132.36865234375
40860,6860.74560546875
40861,6262.31787109375
40862,5463.60595703125
40863,8298.7724609375
40864,5683.55029296875
40865,8298.7724609375
40866,5907.62744140625
40867,6421.21435546875
40868,6674.76220703125
40869,5763.90087890625
40870,5463.60595703125
40871,7132.36865234375
40872,6856.34521484375
40873,6526.68994140625
40874,5400.49267578125
40875,6515.0087890625
40876,5293.0283203125
40877,6616.34814453125
40878,6203.90380859375
40879,8240.359375
40880,4705.5537109375
40881,5777.3447265625
40882,6515.0087890625
40883,7257.27880859375
40884,6362.80029296875
40885,7073.95458984375
40886,5625.13623046875
40887,5849.21337890625
40888,5625.13623046875
40889,5705.48681640625
40890,4857.76220703125
40891,6163.09326171875
40892,5777.3447265625
40893,5293.0283203125
40894,6473.43798828125
40895,7073.95458984375
40896,5849.21337890625
40897,6515.0087890625
40898,6899.98291015625
40899,4705.5537109375
40900,7073.95458984375
40901,5342.07861328125
40902,6899.98291015625
40903,5849.21337890625
40904,7073.95458984375
40905,6001.421875
40906,6163.09326171875
40907,5342.07861328125
40908,6404.71826171875
40909,4246.962890625
40910,7073.95458984375
40911,6207.52685546875
40912,6201.06982421875
40913,6163.09326171875
40914,7073.95458984375
40915,6468.27587890625
40916,7073.95458984375
40917,6163.93896484375
40918,5777.3447265625
40919,5293.0283203125
40920,5810.1982421875
40921,6642.79296875
40922,6948.3173828125
40923,7073.95458984375
40924,9326.1337890625
40925,5566.15576171875
40926,5293.0283203125
40927,7073.95458984375
40928,5826.93212890625
40929,7073.95458984375
40930,6362.80029296875
40931,6577.98681640625
40932,6577.98681640625
40933,9326.1337890625
40934,5140.81982421875
40935,5927.5341796875
40936,6616.34814453125
40937,7073.95458984375
40938,6948.3173828125
40939,5991.9052734375
40940,5849.21337890625
40941,6577.98681640625
40942,6163.09326171875
40943,4857.76220703125
40944,5405.19189453125
40945,6647.40966796875
40946,5293.0283203125
40947,5625.13623046875
40948,6515.0087890625
40949,6468.27587890625
40950,5413.947265625
40951,7073.95458984375
40952,7200.2724609375
40953,6362.80029296875
40954,5679.62255859375
40955,6515.0087890625
40956,6899.98291015625
40957,6468.27587890625
40958,5777.3447265625
40959,6163.09326171875
40960,6688.22021484375
40961,5140.81982421875
40962,6515.0087890625
40963,6616.34814453125
40964,6688.22021484375
40965,7073.95458984375
40966,5140.81982421875
40967,5405.19189453125
40968,7602.4111328125
40969,6163.09326171875
40970,6362.80029296875
40971,7073.95458984375
40972,5405.19189453125
40973,5849.21337890625
40974,4705.5537109375
40975,5342.07861328125
40976,7073.95458984375
40977,7168.26171875
40978,6207.52685546875
40979,8955.8037109375
40980,6468.27587890625
40981,6001.421875
40982,5849.21337890625
40983,5140.81982421875
40984,6823.05908203125
40985,6642.79296875
40986,6515.0087890625
40987,6163.09326171875
40988,5405.19189453125
40989,6163.09326171875
40990,7927.10888671875
40991,5625.13623046875
40992,5791.52734375
40993,4969.92578125
40994,5556.58251953125
40995,5140.81982421875
40996,6203.90380859375
40997,6163.09326171875
40998,5140.81982421875
40999,6515.0087890625
41000,4969.92578125
41001,5849.21337890625
41002,6642.79296875
41003,6362.80029296875
41004,6163.09326171875
41005,7073.95458984375
41006,7190.9296875
41007,6642.79296875
41008,6079.74267578125
41009,5927.5341796875
41010,6515.0087890625
41011,4969.92578125
41012,7692.544921875
41013,6515.0087890625
41014,5791.52734375
41015,6515.0087890625
41016,7819.8369140625
41017,8240.359375
41018,7073.95458984375
41019,6468.27587890625
41020,5625.13623046875
41021,8206.1328125
41022,6642.79296875
41023,6688.22021484375
41024,6001.421875
41025,8641.837890625
41026,6189.80322265625
41027,7800.349609375
41028,5293.0283203125
41029,5625.13623046875
41030,4857.76220703125
41031,6862.7373046875
41032,6404.71826171875
41033,4857.76220703125
41034,5849.21337890625
41035,5405.19189453125
41036,6273.15087890625
41037,6862.7373046875
41038,5566.15576171875
41039,6203.90380859375
41040,5324.2978515625
41041,6001.421875
41042,7073.95458984375
41043,7521.8359375
41044,6647.40966796875
41045,5566.15576171875
41046,7073.95458984375
41047,6427.47119140625
41048,7073.95458984375
41049,8574.416015625
41050,5140.81982421875
41051,6163.09326171875
41052,7073.95458984375
41053,6001.421875
41054,8574.416015625
41055,5405.19189453125
41056,6079.74267578125
41057,5849.21337890625
41058,6955.93505859375
41059,5293.0283203125
41060,6362.80029296875
41061,5679.62255859375
41062,5293.0283203125
41063,5566.15576171875
41064,6642.79296875
41065,6207.52685546875
41066,7581.8681640625
41067,5293.0283203125
41068,6647.40966796875
41069,7581.8681640625
41070,5826.93212890625
41071,5777.3447265625
41072,5849.21337890625
41073,12376.2099609375
41074,7008.2490234375
41075,5405.19189453125
41076,7581.8681640625
41077,5405.19189453125
41078,5413.947265625
41079,6862.7373046875
41080,5481.3681640625
41081,6001.421875
41082,5140.81982421875
41083,5777.3447265625
41084,5140.81982421875
41085,9159.345703125
41086,8293.8857421875
41087,9460.2890625
41088,6935.56640625
